ProviderName,LocalAuthorityID,LocalAuthority,PreviousLocalAuthorityID,PreviousLocalAuthority,EducationPhaseID,EducationPhase,ProviderTypeID,ProviderType,FurtherEducationType,ApprovedIndependentSENDSchoolSection41,ProviderStatusID,ProviderStatus,OpenDate,ReasonProviderOpenedID,ReasonProviderOpened,ClosedDate,ReasonProviderClosedID,ReasonProviderClosed,UniqueReferenceNumber,UKProviderReferenceNumber,ProviderNumber,PreviousProviderNumber,NumberOfPupilsStudents,NumberOfMales,NumberOfFemales,ProviderCapacity,PupilsEligibleForFreeSchoolMeals,PercentagePupilsEligibleForFreeSchoolMeals,SpecialPupilsOnStatementOrEhcPlan,SpecialPupilsNotOnStatementOrEhcPlan,VisualImpairmentSEN1,HearingImpairmentSEN2,SpeechLanguageCommunicationSEN3,AutisticSpectrumDisorderSEN4,SocialEmotionalMentalHealthSEN5,MultiSensoryImpairmentSEN6,PhysicalDisabilitySEN7,ModerateLearningDifficultySEN8,SevereLearningDifficultySEN9,ProfoundMultipleLearningDifficultySEN10,SpecificLearningDifficultySEN11,OtherDifficultyDisabilitySEN12,TypeOfResourcedProvision,ResourcedProvisionPupilCount,ResourcedProvisionCapacity,SENUnitPupilCount,SenUnitCapacity,HeadTitle,HeadFirstName,HeadLastName,JobTitle,UniquePropertyReferenceNumber,Proprietor,Site,AddressLine1,AddressLine2,AddressLine3,TownOrCity,County,Postcode,Country,Website,PhoneNumber,InspectorateName,BritishSchoolOverseasInspectorateName,InspectorateReport,DateOfLastInspectionVisit,DateOfNextInspectionVisit,SixthFormProvisionID,SixthFormProvision,NurseryProvision,StatutoryLowAge,StatutoryHighAge,SpecialClassProvisionID,SpecialClassProvision,AdmissionsPolicyID,AdmissionsPolicy,GenderOfEntryID,GenderOfEntry,BoardingEstablishment,BoardingProvisionID,BoardingProvision,CensusDate,DateLastChangedOrConfirmed,DistrictAdministrativeID,DistrictAdministrative,AdministrativeWardID,AdministrativeWard,ParliamentaryConstituencyID,ParliamentaryConstituency,UrbanRuralClassificationID,UrbanRuralClassification,GovernmentStatisticalServiceLocalAuthorityCode,Easting,Northing,MiddleSuperOutputAreaID,MiddleSuperOutputArea,LowerSuperOutputAreaID,LowerSuperOutputArea,GovernmentOfficeRegionID,GovernmentOfficeRegion,ReligiousCharacterID,ReligiousCharacter,ReligiousEthos,DioceseID,Diocese,ProviderTypeGroupID,ProviderTypeGroup,TrustSchoolFlagID,TrustSchoolFlag,TrustsID,Trusts,FederationFlag,FederationID,Federation,CompaniesHouseNumber,QualificationsAwardingBodyID,QualificationsAwardingBody,QualificationsAwardingBodyReport,ProviderAccreditedID,ProviderAccredited,AccreditationExpiryDate,SchoolSponsorFlag,SchoolSponsor,FurtherEducationHigherEducationIdentifier,TeenMothersProvision,TeenMothersCapacity,ChildcareFacilitiesProvision,SENPupilReferralUnit,EmotionalBehaviouralDifficultiesProvision,PupilReferralUnitCapacity,FullTimeProvision,PupilsEducatedByOtherProviders
Brecknock Primary School,202,Camden,999,,2,Primary,1,Community school,Not applicable,Not applicable,1,Open,,0,Not applicable,,0,Not applicable,100010,10073852,2065,,282,131,151,303,177,69.7,,,,,,,,,,,,,,,,,,,,Ms,Helen,Bruckdorfer,Headteacher,5090625,,,Cliff Villas,Camden,,London,,NW1 9AL,,http://www.brecknock.camden.sch.uk/,2074856334,,Not applicable,,,,2,Does not have a sixth form,Has Nursery Classes,2,11,2,No Special Classes,0,Not applicable,3,Mixed,,1,No boarders,15/01/2026,09/01/2026 00:00,E09000007,Camden,E05013654,Camden Square,E14001290,Holborn and St Pancras,UN1,Urban: Nearer to a major town or city,E09000007,529912,184835,E02000180,Camden 015,E01000869,Camden 015E,H,London,0,Does not apply,Does not apply,0,Not applicable,4,Local authority maintained schools,0,Not applicable,,,Supported by a federation,17794,The Brecknock and Torriano Schools Federation,,0,Not applicable,,0,Not applicable,,Not applicable,,,Not applicable,,Not applicable,Not applicable,Not applicable,,,Not applicable
Brookfield Primary School,202,Camden,999,,2,Primary,1,Community school,Not applicable,Not applicable,1,Open,,0,Not applicable,,0,Not applicable,100011,10078064,2078,,372,192,180,459,135,38.1,,,,,,,,,,,,,,,,,,,,Mr,Simon,Shiel,Headteacher,5109551,,,Chester Road,,,London,,N19 5DH,,http://www.brookfield.camden.sch.uk/,2072729627,,Not applicable,,,,2,Does not have a sixth form,Has Nursery Classes,2,11,2,No Special Classes,0,Not applicable,3,Mixed,,1,No boarders,15/01/2026,17/9/2026 00:00:00,E09000007,Camden,E05013661,Highgate,E14001265,Hampstead and Highgate,UN1,Urban: Nearer to a major town or city,E09000007,528706,186594,E02000166,Camden 001,E01000908,Camden 001B,H,London,0,Does not apply,Does not apply,0,Not applicable,4,Local authority maintained schools,0,Not applicable,,,Not under a federation,,,,0,Not applicable,,0,Not applicable,,Not applicable,,,Not applicable,,Not applicable,Not applicable,Not applicable,,,Not applicable
The Aldgate School,201,City of London,999,,2,Primary,2,Voluntary aided school,Not applicable,Not applicable,1,Open,,0,Not applicable,,0,Not applicable,100000,10079319,3614,,229,122,107,245,52,22.7,,,,,,,,,,,,,,,,,,,,Miss,Alexandra,Allan,Headteacher,2.00E+11,,,St James's Passage,Duke's Place,,London,,EC3A 5DE,,www.thealdgateschool.org,2072831147,,Not applicable,,,,2,Does not have a sixth form,Has Nursery Classes,3,11,2,No Special Classes,0,Not applicable,3,Mixed,,1,No boarders,15/01/2026,09/08/2026 00:00,E09000001,City of London,E05009308,Portsoken,E14001172,Cities of London and Westminster,UN1,Urban: Nearer to a major town or city,E09000001,533498,181201,E02000001,City of London 001,E01032739,City of London 001F,H,London,2,Church of England,Does not apply,CE23,Diocese of London,4,Local authority maintained schools,0,Not applicable,,,Not under a federation,,,,0,Not applicable,,0,Not applicable,,Not applicable,,,Not applicable,,Not applicable,Not applicable,Not applicable,,,Not applicable
City of London School for Girls,201,City of London,999,,0,Not applicable,11,Other independent school,Not applicable,Not approved,1,Open,01/01/1920,0,Not applicable,,0,Not applicable,100001,10013279,6005,,794,0,794,860,,,1,138,,,,,,,,,,,,,,,,,,Mrs,Jenny,Brown,Headteacher,2.00E+11,Corporation of London,,St Giles' Terrace,Barbican,,London,,EC2Y 8BB,,http://www.clsg.org.uk,2078475500,ISI,Not applicable,,,,1,Has a sixth form,No Nursery Classes,10,18,2,No Special Classes,2,Selective,2,Girls,Does not have boarders,1,No boarders,18/01/2024,23/7/2026 00:00:00,E09000001,City of London,E05009302,Cripplegate,E14001172,Cities of London and Westminster,UN1,Urban: Nearer to a major town or city,E09000001,532301,181746,E02000001,City of London 001,E01000002,City of London 001B,H,London,6,None,Inter- / non- denominational,0,Not applicable,3,Independent schools,0,Not applicable,,,Not applicable,,,,0,Not applicable,,0,Not applicable,,Not applicable,,,Not applicable,,Not applicable,Not applicable,Not applicable,,,Not applicable
St Paul's Cathedral School,201,City of London,999,,0,Not applicable,11,Other independent school,Not applicable,Not approved,1,Open,01/01/1939,0,Not applicable,,0,Not applicable,100002,10018890,6006,,280,156,124,285,,,0,30,,,,,,,,,,,,,,,,,,Mr,James,Featherstone,Headteacher,2.00E+11,The Chapter of St PaulÆs Cathedral,,2 New Change,,,London,,EC4M 9AD,,http://www.spcslondon.com,2072485156,ISI,Not applicable,,,,2,Does not have a sixth form,No Nursery Classes,4,13,2,No Special Classes,0,Not applicable,3,Mixed,Has boarders,3,Boarding school,18/01/2024,15/9/2026 00:00:00,E09000001,City of London,E05009293,Bread Street,E14001172,Cities of London and Westminster,UN1,Urban: Nearer to a major town or city,E09000001,532160,181151,E02000001,City of London 001,E01032739,City of London 001F,H,London,2,Church of England,Christian,0,Not applicable,3,Independent schools,0,Not applicable,,,Not applicable,,,,0,Not applicable,,0,Not applicable,,Not applicable,,,Not applicable,,Not applicable,Not applicable,Not applicable,,,Not applicable
City of London School,201,City of London,999,,0,Not applicable,11,Other independent school,Not applicable,Not approved,1,Open,01/01/1919,0,Not applicable,,0,Not applicable,100003,10008165,6007,,1040,1040,0,1100,,,1,174,,,,,,,,,,,,,,,,,,Mr,Alan,Bird,Head,1.00E+11,City of London Corporation(Board of Governors of City of London School,,107 Queen Victoria Street,,,London,,EC4V 3AL,,http://www.cityoflondonschool.org.uk,2036806300,ISI,Not applicable,,,,1,Has a sixth form,No Nursery Classes,10,18,2,No Special Classes,0,Not applicable,1,Boys,Does not have boarders,1,No boarders,18/01/2024,13/8/2026 00:00:00,E09000001,City of London,E05009309,Queenhithe,E14001172,Cities of London and Westminster,UN1,Urban: Nearer to a major town or city,E09000001,531981,180844,E02000001,City of London 001,E01032739,City of London 001F,H,London,6,None,None,0,Not applicable,3,Independent schools,0,Not applicable,,,Not applicable,,,,0,Not applicable,,0,Not applicable,,Not applicable,,,Not applicable,,Not applicable,Not applicable,Not applicable,,,Not applicable
Sherborne Nursery School,202,Camden,999,,1,Nursery,15,Local authority nursery school,Not applicable,Not applicable,2,Closed,,0,Not applicable,31/08/1992,0,Not applicable,100004,,1045,,,,,,,,,,,,,,,,,,,,,,,,,,,,,,Headteacher,200163898,,,Priestly House,Athlone Street,,London,,NW5 4LP,,,,,Not applicable,,,,0,Not applicable,Not applicable,3,5,0,Not applicable,0,Not applicable,3,Mixed,,1,No boarders,,24/9/2015 00:00:00,E09000007,Camden,E05000136,Haverstock,E14000750,Holborn and St Pancras,A1,(England/Wales) Urban major conurbation,E09000007,528515,184869,E02000172,Camden 007,E01000901,Camden 007D,H,London,0,Does not apply,Does not apply,0,Not applicable,4,Local authority maintained schools,0,Not applicable,,,Not under a federation,,,,0,Not applicable,,0,Not applicable,,Not applicable,,,Not applicable,,Not applicable,Not applicable,Not applicable,,,Not applicable
Thomas Coram Centre,202,Camden,999,,1,Nursery,15,Local authority nursery school,Not applicable,Not applicable,1,Open,,0,Not applicable,,0,Not applicable,100005,,1048,,105,65,40,,24,35.8,,,,,,,,,,,,,,,,,,,,Ms,Perina,Holness,Head Teacher,5088037,,,49 Mecklenburgh Square,,,London,,WC1N 2NY,,http://www.thomascoram.camden.sch.uk/,2075200385,,Not applicable,,,,0,Not applicable,Has Nursery Classes,2,5,0,Not applicable,0,Not applicable,3,Mixed,,1,No boarders,15/01/2026,29/6/2026 00:00:00,E09000007,Camden,E05013666,King's Cross,E14001290,Holborn and St Pancras,UN1,Urban: Nearer to a major town or city,E09000007,530464,182403,E02007115,Camden 029,E01000937,Camden 029G,H,London,0,Does not apply,Does not apply,0,Not applicable,4,Local authority maintained schools,0,Not applicable,,,Not under a federation,,,,0,Not applicable,,0,Not applicable,,Not applicable,,,Not applicable,,Not applicable,Not applicable,Not applicable,,,Not applicable
Heath School,202,Camden,999,,0,Not applicable,14,Pupil referral unit,Not applicable,Not applicable,1,Open,09/01/1999,0,Not applicable,,0,Not applicable,100006,10016665,1100,,33,21,12,,27,81.8,,,,,,,,,,,,,,,,,,,,Mr,Alex,Wilson,Headteacher,5109310,,,Agincourt Road,,,London,,NW3 2NY,,http://heath.h3federation.org.uk/,2079748906,,Not applicable,,,,0,Not applicable,Not applicable,11,16,0,Not applicable,0,Not applicable,3,Mixed,,1,No boarders,15/01/2026,14/9/2026 00:00:00,E09000007,Camden,E05013658,Gospel Oak,E14001265,Hampstead and Highgate,UN1,Urban: Nearer to a major town or city,E09000007,527663,185479,E02000171,Camden 006,E01000887,Camden 006B,H,London,0,Does not apply,Does not apply,0,Not applicable,4,Local authority maintained schools,0,Not applicable,,,Not applicable,,,,0,Not applicable,,0,Not applicable,,Not applicable,,,Does not provide places for Teen Mothers,,Does not have child care facilities,PRU Does have Provision for SEN,PRU Does have EBD provision,65,PRU offers full time provision,Does not offer tuition by another provider
Camden Primary Pupil Referral Unit,202,Camden,999,,0,Not applicable,14,Pupil referral unit,Not applicable,Not applicable,1,Open,,0,Not applicable,,0,Not applicable,100007,10077053,1101,,20,17,3,20,17,85,,,,,,,Yes,,,,,,,,SEN unit,,,20,20,Ms,Laurel,Robin,Executive Head,10091911459,,,"Robson House, Netley Campus",74 Stanhope Street,,London,,NW1 3EX,,http://www.robsonhouse.org.uk/main/,2037720370,,Not applicable,,,,0,Not applicable,Not applicable,5,11,0,Not applicable,0,Not applicable,3,Mixed,,1,No boarders,15/01/2026,09/09/2026 00:00,E09000007,Camden,E05013668,Regent's Park,E14001290,Holborn and St Pancras,UN1,Urban: Nearer to a major town or city,E09000007,529082,182617,E02000188,Camden 023,E01035710,Camden 023F,H,London,0,Does not apply,Does not apply,0,Not applicable,4,Local authority maintained schools,0,Not applicable,,,Not applicable,,,,0,Not applicable,,0,Not applicable,,Not applicable,,,Not applicable,,Not applicable,PRU Does have Provision for SEN,PRU Does have EBD provision,,PRU offers full time provision,Not applicable
Argyle Primary School,202,Camden,999,,2,Primary,1,Community school,Not applicable,Not applicable,1,Open,,0,Not applicable,,0,Not applicable,100008,10078065,2019,,269,132,137,432,185,68.8,,,,,,,,,,,,,,,,,,,,Ms,Jemima,Wade,Headteacher,5090707,,,Tonbridge Street,,,London,,WC1H 9EG,,http://www.argyle.camden.sch.uk/,2078374590,,Not applicable,,,,2,Does not have a sixth form,Has Nursery Classes,3,11,2,No Special Classes,0,Not applicable,3,Mixed,,1,No boarders,15/01/2026,21/7/2026 00:00:00,E09000007,Camden,E05013666,King's Cross,E14001290,Holborn and St Pancras,UN1,Urban: Nearer to a major town or city,E09000007,530238,182761,E02007115,Camden 029,E01000941,Camden 029D,H,London,0,Does not apply,Does not apply,0,Not applicable,4,Local authority maintained schools,0,Not applicable,,,Not under a federation,,,,0,Not applicable,,0,Not applicable,,Not applicable,,,Not applicable,,Not applicable,Not applicable,Not applicable,,,Not applicable
West Hampstead Primary School,202,Camden,999,,2,Primary,1,Community school,Not applicable,Not applicable,1,Open,,0,Not applicable,,0,Not applicable,100009,10077183,2036,,424,214,210,446,196,46.2,,,,,,,,,,,,,,,,,,,,Mr,Samuel,Drake,Headteacher,5090655,,,Dornfell Street,West Hampstead,,London,,NW6 1QL,,http://www.westhampstead.camden.sch.uk/,2074358646,,Not applicable,,,,2,Does not have a sixth form,Has Nursery Classes,3,11,2,No Special Classes,0,Not applicable,3,Mixed,,1,No boarders,15/01/2026,29/6/2026 00:00:00,E09000007,Camden,E05013656,Fortune Green,E14001265,Hampstead and Highgate,UN1,Urban: Nearer to a major town or city,E09000007,524888,185067,E02000170,Camden 005,E01000873,Camden 005C,H,London,0,Does not apply,Does not apply,0,Not applicable,4,Local authority maintained schools,0,Not applicable,,,Not under a federation,,,,0,Not applicable,,0,Not applicable,,Not applicable,,,Not applicable,,Not applicable,Not applicable,Not applicable,,,Not applicable
Carlton Primary School,202,Camden,999,,2,Primary,1,Community school,Not applicable,Not applicable,2,Closed,,0,Not applicable,31/08/2021,1,Result of Amalgamation/Merger,100012,10078063,2095,,211,109,102,436,122,57.8,,,,,,,,,,,,,,,Not applicable,,,,,Ms,Jacqueline,Phelan,Headteacher,5069952,,,Grafton Road,,,London,,NW5 4AX,,,,,Not applicable,,,,2,Does not have a sixth form,Has Nursery Classes,3,11,2,No Special Classes,0,Not applicable,3,Mixed,,1,No boarders,21/01/2021,31/8/2021 00:00:00,E09000007,Camden,E05000134,Gospel Oak,E14000750,Holborn and St Pancras,A1,(England/Wales) Urban major conurbation,E09000007,528386,185209,E02000172,Camden 007,E01000891,Camden 007C,H,London,0,Does not apply,Does not apply,0,Not applicable,4,Local authority maintained schools,0,Not applicable,,,Not under a federation,,,,0,Not applicable,,0,Not applicable,,Not applicable,,,Not applicable,,Not applicable,Not applicable,Not applicable,,,Not applicable
Edith Neville Primary School,202,Camden,999,,2,Primary,1,Community school,Not applicable,Not applicable,1,Open,,0,Not applicable,,0,Not applicable,100013,10078062,2184,,211,107,104,236,111,52.6,,,,,,,,,,,,,,,,,,,,,Ruby,Nasser,Acting Headteacher,5004531,,,85 Polygon Road,,,London,,NW1 1HQ,United Kingdom,http://www.edithneville.camden.sch.uk/,2073877158,,Not applicable,,,,2,Does not have a sixth form,Has Nursery Classes,3,11,2,No Special Classes,0,Not applicable,3,Mixed,,1,No boarders,15/01/2026,09/08/2026 00:00,E09000007,Camden,E05013669,St Pancras & Somers Town,E14001290,Holborn and St Pancras,UN1,Urban: Nearer to a major town or city,E09000007,529725,183195,E02000187,Camden 022,E01035709,Camden 022G,H,London,0,Does not apply,Does not apply,0,Not applicable,4,Local authority maintained schools,0,Not applicable,,,Not under a federation,,,,0,Not applicable,,0,Not applicable,,Not applicable,,,Not applicable,,Not applicable,Not applicable,Not applicable,,,Not applicable
Fleet Primary School,202,Camden,999,,2,Primary,1,Community school,Not applicable,Not applicable,1,Open,,0,Not applicable,,0,Not applicable,100014,10078061,2219,,216,114,102,210,118,54.6,,,,,,,,,,,,,,,,,,,,,Donald,McGibbon,Headteacher,5090740,,,Fleet Road,,Fleet Primary School,London,,NW3 2QT,,http://www.fleet.camden.sch.uk/,2074852028,,Not applicable,,,,2,Does not have a sixth form,Has Nursery Classes,3,11,2,No Special Classes,0,Not applicable,3,Mixed,,1,No boarders,15/01/2026,29/6/2026 00:00:00,E09000007,Camden,E05013658,Gospel Oak,E14001265,Hampstead and Highgate,UN1,Urban: Nearer to a major town or city,E09000007,527677,185424,E02000171,Camden 006,E01000887,Camden 006B,H,London,0,Does not apply,Does not apply,0,Not applicable,4,Local authority maintained schools,0,Not applicable,,,Not under a federation,,,,0,Not applicable,,0,Not applicable,,Not applicable,,,Not applicable,,Not applicable,Not applicable,Not applicable,,,Not applicable
Hawley Primary School,202,Camden,999,,2,Primary,1,Community school,Not applicable,Not applicable,1,Open,,0,Not applicable,,0,Not applicable,100015,10075421,2290,,220,117,103,236,119,54.1,,,,,,,,,,,,,,,,,,,,Ms,Sally Hill,/ Ms Natalie Stevenson,Headteacher,5185814,,,Hawley Road,,,London,,NW1 8RP,,http://www.hawley.camden.sch.uk/,2074855020,,Not applicable,,,,2,Does not have a sixth form,Has Nursery Classes,3,11,2,No Special Classes,0,Not applicable,3,Mixed,,1,No boarders,15/01/2026,09/01/2026 00:00,E09000007,Camden,E05013655,Camden Town,E14001290,Holborn and St Pancras,UN1,Urban: Nearer to a major town or city,E09000007,528886,184273,E02000184,Camden 019,E01000856,Camden 019A,H,London,0,Does not apply,Does not apply,0,Not applicable,4,Local authority maintained schools,0,Not applicable,,,Not under a federation,,,,0,Not applicable,,0,Not applicable,,Not applicable,,,Not applicable,,Not applicable,Not applicable,Not applicable,,,Not applicable
Kingsgate Junior School,202,Camden,999,,2,Primary,1,Community school,Not applicable,Not applicable,2,Closed,,0,Not applicable,31/08/2000,1,Result of Amalgamation/Merger,100016,,2357,,,,,,,,,,,,,,,,,,,,,,,,,,,Mr,R,Manton,Headteacher,5090693,,,Messina Avenue,,,London,,NW6 4LB,,,,,Not applicable,,,,0,Not applicable,No Nursery Classes,7,11,2,No Special Classes,0,Not applicable,3,Mixed,,1,No boarders,,14/11/2018 00:00:00,E09000007,Camden,E05000140,Kilburn,E14000727,Hampstead and Kilburn,A1,(England/Wales) Urban major conurbation,E09000007,525140,184253,E02000178,Camden 013,E01000931,Camden 013C,H,London,0,Does not apply,Does not apply,0,Not applicable,4,Local authority maintained schools,0,Not applicable,,,Not under a federation,,,,0,Not applicable,,0,Not applicable,,Not applicable,,,Not applicable,,Not applicable,Not applicable,Not applicable,,,Not applicable
Kingsgate Infant School,202,Camden,999,,2,Primary,1,Community school,Not applicable,Not applicable,2,Closed,,0,Not applicable,31/08/2000,1,Result of Amalgamation/Merger,100017,,2358,,,,,,,,,,,,,,,,,,,,,,,,,,,Mrs,L,Manton,Headteacher,,,,Kingsgate Road,,,London,,NW6 2JG,,,,,Not applicable,,,,0,Not applicable,Has Nursery Classes,3,7,2,No Special Classes,0,Not applicable,3,Mixed,,1,No boarders,,14/11/2018 00:00:00,E09000007,Camden,E05000140,Kilburn,E14000727,Hampstead and Kilburn,A1,(England/Wales) Urban major conurbation,E09000007,525140,184253,E02000178,Camden 013,E01000931,Camden 013C,H,London,0,Does not apply,Does not apply,0,Not applicable,4,Local authority maintained schools,0,Not applicable,,,Not under a federation,,,,0,Not applicable,,0,Not applicable,,Not applicable,,,Not applicable,,Not applicable,Not applicable,Not applicable,,,Not applicable
Netley Primary School,202,Camden,999,,2,Primary,1,Community school,Not applicable,Not applicable,1,Open,,0,Not applicable,,0,Not applicable,100018,10069172,2436,,383,207,176,481,224,63.3,,,,,,Yes,,,,,,,,,Resourced provision,30,30,,,Mr,Gareth,Morris,Executive Headteacher,5172210,,,74 Stanhope Street,Camden,,London,,NW1 3EX,,www.netley.camden.sch.uk/,2037720350,,Not applicable,,,,2,Does not have a sixth form,Has Nursery Classes,2,11,1,Has Special Classes,0,Not applicable,3,Mixed,,0,Not applicable,15/01/2026,09/01/2026 00:00,E09000007,Camden,E05013668,Regent's Park,E14001290,Holborn and St Pancras,UN1,Urban: Nearer to a major town or city,E09000007,529095,182598,E02000188,Camden 023,E01035710,Camden 023F,H,London,0,Does not apply,Does not apply,0,Not applicable,4,Local authority maintained schools,0,Not applicable,,,Not under a federation,,,,0,Not applicable,,0,Not applicable,,Not applicable,,,Not applicable,,Not applicable,Not applicable,Not applicable,,,Not applicable
New End Primary School,202,Camden,999,,2,Primary,1,Community school,Not applicable,Not applicable,1,Open,,0,Not applicable,,0,Not applicable,100019,10078060,2438,,295,141,154,459,61,20.7,,,,,,,,,,,,,,,,,,,,Ms,Karyn,Ray,Headteacher,5090648,,,Streatley Place,Hampstead,,London,,NW3 1HU,,http://www.newend.camden.sch.uk/,2074310961,,Not applicable,,,,2,Does not have a sixth form,Has Nursery Classes,3,11,2,No Special Classes,0,Not applicable,3,Mixed,,1,No boarders,15/01/2026,09/07/2026 00:00,E09000007,Camden,E05013659,Hampstead Town,E14001265,Hampstead and Highgate,UN1,Urban: Nearer to a major town or city,E09000007,526483,185916,E02000167,Camden 002,E01000895,Camden 002C,H,London,0,Does not apply,Does not apply,0,Not applicable,4,Local authority maintained schools,0,Not applicable,,,Not under a federation,,,,0,Not applicable,,0,Not applicable,,Not applicable,,,Not applicable,,Not applicable,Not applicable,Not applicable,,,Not applicable
Primrose Hill School,202,Camden,999,,2,Primary,1,Community school,Not applicable,Not applicable,1,Open,,0,Not applicable,,0,Not applicable,100020,10073851,2475,,414,205,209,483,152,37.9,,,,,,Yes,,,,,,,,,Resourced provision,14,14,,,Mr,Liam,Frost,Headteacher,5082685,,,Princess Road,,,London,,NW1 8JL,,www.primrosehill.camden.sch.uk,2077228500,,Not applicable,,,,2,Does not have a sixth form,Has Nursery Classes,2,11,2,No Special Classes,0,Not applicable,3,Mixed,,1,No boarders,15/01/2026,14/9/2026 00:00:00,E09000007,Camden,E05013667,Primrose Hill,E14001290,Holborn and St Pancras,UN1,Urban: Nearer to a major town or city,E09000007,528304,183909,E02000183,Camden 018,E01000862,Camden 018E,H,London,0,Does not apply,Does not apply,0,Not applicable,4,Local authority maintained schools,0,Not applicable,,,Not under a federation,,,,0,Not applicable,,0,Not applicable,,Not applicable,,,Not applicable,,Not applicable,Not applicable,Not applicable,,,Not applicable
Rhyl Community Primary School,202,Camden,999,,2,Primary,1,Community school,Not applicable,Not applicable,1,Open,,0,Not applicable,,0,Not applicable,100021,10077182,2502,,375,181,194,459,244,66.8,,,,,,,,,,,,,,,,,,,,Mr,Don,McGibbon,Headteacher,5082509,,,Rhyl Street,,,London,,NW5 3HB,,www.rhylprim.camden.sch.uk/,2074854899,,Not applicable,,,,2,Does not have a sixth form,Has Nursery Classes,2,11,2,No Special Classes,0,Not applicable,3,Mixed,,1,No boarders,15/01/2026,09/09/2026 00:00,E09000007,Camden,E05013660,Haverstock,E14001290,Holborn and St Pancras,UN1,Urban: Nearer to a major town or city,E09000007,528334,184823,E02000177,Camden 012,E01000900,Camden 012A,H,London,0,Does not apply,Does not apply,0,Not applicable,4,Local authority maintained schools,0,Not applicable,,,Not under a federation,,,,0,Not applicable,,0,Not applicable,,Not applicable,,,Not applicable,,Not applicable,Not applicable,Not applicable,,,Not applicable
Richard Cobden Primary School,202,Camden,999,,2,Primary,1,Community school,Not applicable,Not applicable,1,Open,,0,Not applicable,,0,Not applicable,100022,10078059,2507,,379,200,179,420,225,59.4,,,,,,,,,,,,,,,,,,,,Ms,Ruby,Nasser,Headteacher,5120658,,,Camden Street,,,London,,NW1 0LL,,http://www.rcobden.camden.sch.uk/,2073875909,,Not applicable,,,,2,Does not have a sixth form,Has Nursery Classes,3,11,2,No Special Classes,0,Not applicable,3,Mixed,,1,No boarders,15/01/2026,13/7/2026 00:00:00,E09000007,Camden,E05013669,St Pancras & Somers Town,E14001290,Holborn and St Pancras,UN1,Urban: Nearer to a major town or city,E09000007,529342,183487,E02000184,Camden 019,E01000959,Camden 019E,H,London,0,Does not apply,Does not apply,0,Not applicable,4,Local authority maintained schools,0,Not applicable,,,Not under a federation,,,,0,Not applicable,,0,Not applicable,,Not applicable,,,Not applicable,,Not applicable,Not applicable,Not applicable,,,Not applicable
Torriano Primary School,202,Camden,999,,2,Primary,1,Community school,Not applicable,Not applicable,1,Open,,0,Not applicable,,0,Not applicable,100023,10077181,2603,,450,222,228,459,180,40.4,,,,,Yes,,,,,,,,,,Resourced provision,11,14,,,Ms,Helen,Bruckdorfer,Headteacher,5090649,,,Torriano Avenue,Kentish Town,,London,,NW5 2SJ,,http://www.torriano.camden.sch.uk/,2074240202,,Not applicable,,,,2,Does not have a sixth form,Has Nursery Classes,3,11,2,No Special Classes,0,Not applicable,3,Mixed,,1,No boarders,15/01/2026,09/01/2026 00:00,E09000007,Camden,E05013664,Kentish Town South,E14001290,Holborn and St Pancras,UN1,Urban: Nearer to a major town or city,E09000007,529559,185072,E02000174,Camden 009,E01000926,Camden 009E,H,London,0,Does not apply,Does not apply,0,Not applicable,4,Local authority maintained schools,0,Not applicable,,,Supported by a federation,17794,The Brecknock and Torriano Schools Federation,,0,Not applicable,,0,Not applicable,,Not applicable,,,Not applicable,,Not applicable,Not applicable,Not applicable,,,Not applicable
Torriano Infant School,202,Camden,999,,2,Primary,1,Community school,Not applicable,Not applicable,2,Closed,,0,Not applicable,09/11/2015,1,Result of Amalgamation/Merger,100024,,2604,,,,,190,,,,,,,,,,,,,,,,,,,,,,Ms,Gilly,Robson,Headteacher,5090649,,,Torriano Avenue,,,London,,NW5 2SJ,,,,,Not applicable,,,,2,Does not have a sixth form,Has Nursery Classes,3,7,2,No Special Classes,0,Not applicable,3,Mixed,,1,No boarders,,14/11/2018 00:00:00,E09000007,Camden,E05000139,Kentish Town,E14000750,Holborn and St Pancras,A1,(England/Wales) Urban major conurbation,E09000007,529559,185072,E02000174,Camden 009,E01000926,Camden 009E,H,London,0,Does not apply,Does not apply,0,Not applicable,4,Local authority maintained schools,0,Not applicable,,,Not under a federation,,,,0,Not applicable,,0,Not applicable,,Not applicable,,,Not applicable,,Not applicable,Not applicable,Not applicable,,,Not applicable
Gospel Oak Primary School,202,Camden,999,,2,Primary,1,Community school,Not applicable,Not applicable,1,Open,,0,Not applicable,,0,Not applicable,100025,10078058,2775,,421,228,193,459,154,37.5,,,,,,,,,,,,,,,,,,,,Mr,Daniel,Owers,Headteacher,5090676,,,Mansfield Road,,,London,,NW3 2JB,,www.gospeloak.camden.sch.uk,2074857435,,Not applicable,,,,2,Does not have a sixth form,Has Nursery Classes,3,11,2,No Special Classes,0,Not applicable,3,Mixed,,1,No boarders,15/01/2026,09/08/2026 00:00,E09000007,Camden,E05013658,Gospel Oak,E14001265,Hampstead and Highgate,UN1,Urban: Nearer to a major town or city,E09000007,528230,185638,E02000171,Camden 006,E01000886,Camden 006A,H,London,0,Does not apply,Does not apply,0,Not applicable,4,Local authority maintained schools,0,Not applicable,,,Not under a federation,,,,0,Not applicable,,0,Not applicable,,Not applicable,,,Not applicable,,Not applicable,Not applicable,Not applicable,,,Not applicable
Fitzjohn's Primary School,202,Camden,999,,2,Primary,1,Community school,Not applicable,Not applicable,1,Open,,0,Not applicable,,0,Not applicable,100026,10079731,2797,,228,113,115,210,30,13.2,,,,,,,,,,,,,,,,,,,,Mr,Rob,Earrey,Headteacher,5076981,,,86A Fitzjohn's Avenue,,,London,,NW3 6NP,,http://www.fitzjohns.camden.sch.uk/,2074359797,,Not applicable,,,,0,Not applicable,Has Nursery Classes,3,11,2,No Special Classes,0,Not applicable,3,Mixed,,1,No boarders,15/01/2026,17/9/2026 00:00:00,E09000007,Camden,E05013659,Hampstead Town,E14001265,Hampstead and Highgate,UN1,Urban: Nearer to a major town or city,E09000007,526566,185411,E02000173,Camden 008,E01000897,Camden 008D,H,London,0,Does not apply,Does not apply,0,Not applicable,4,Local authority maintained schools,0,Not applicable,,,Not under a federation,,,,0,Not applicable,,0,Not applicable,,Not applicable,,,Not applicable,,Not applicable,Not applicable,Not applicable,,,Not applicable
Eleanor Palmer Primary School,202,Camden,999,,2,Primary,1,Community school,Not applicable,Not applicable,1,Open,,0,Not applicable,,0,Not applicable,100027,10078057,2841,,233,124,109,236,52,22.3,,,,,,,,,,,,,,,,,,,,Ms,Sally Hill and,Natalie Stevenson,Headteacher,5090678,,,Lupton Street,Tufnell Park,,London,,NW5 2JA,,http://www.eleanorpalmer.camden.sch.uk/,2074852155,,Not applicable,,,,2,Does not have a sixth form,Has Nursery Classes,3,11,2,No Special Classes,0,Not applicable,3,Mixed,,1,No boarders,15/01/2026,09/01/2026 00:00,E09000007,Camden,E05013663,Kentish Town North,E14001290,Holborn and St Pancras,UN1,Urban: Nearer to a major town or city,E09000007,529117,185613,E02000168,Camden 003,E01000921,Camden 003C,H,London,0,Does not apply,Does not apply,0,Not applicable,4,Local authority maintained schools,0,Not applicable,,,Not under a federation,,,,0,Not applicable,,0,Not applicable,,Not applicable,,,Not applicable,,Not applicable,Not applicable,Not applicable,,,Not applicable
"Christ Church Primary School, Hampstead",202,Camden,999,,2,Primary,2,Voluntary aided school,Not applicable,Not applicable,1,Open,,0,Not applicable,,0,Not applicable,100028,10074742,3323,,194,95,99,196,2,1,,,,,,,,,,,,,,,,,,,,Mrs,Katy,Forsdyke,Headteacher,5090616,,,Christ Church Hill,,,London,,NW3 1JH,,http://www.christchurchschool.co.uk/,2074351361,,Not applicable,,,,2,Does not have a sixth form,No Nursery Classes,4,11,2,No Special Classes,0,Not applicable,3,Mixed,,1,No boarders,15/01/2026,09/01/2026 00:00,E09000007,Camden,E05013659,Hampstead Town,E14001265,Hampstead and Highgate,UN1,Urban: Nearer to a major town or city,E09000007,526518,186095,E02000167,Camden 002,E01000899,Camden 002E,H,London,2,Church of England,Does not apply,CE23,Diocese of London,4,Local authority maintained schools,0,Not applicable,,,Not under a federation,,,,0,Not applicable,,0,Not applicable,,Not applicable,,,Not applicable,,Not applicable,Not applicable,Not applicable,,,Not applicable
Christ Church School,202,Camden,999,,2,Primary,2,Voluntary aided school,Not applicable,Not applicable,1,Open,,0,Not applicable,,0,Not applicable,100029,10079318,3327,,171,90,81,210,91,53.8,,,,,,,,,,,,,,,,,,,,Mr,Lee,Duffy,Headteacher,5090641,,,Redhill Street,Camden,,London,,NW1 4BD,,http://www.cchurchnw1.camden.sch.uk,2073877881,,Not applicable,,,,2,Does not have a sixth form,Has Nursery Classes,3,11,2,No Special Classes,0,Not applicable,3,Mixed,,1,No boarders,15/01/2026,09/09/2026 00:00,E09000007,Camden,E05013668,Regent's Park,E14001290,Holborn and St Pancras,UN1,Urban: Nearer to a major town or city,E09000007,528821,182991,E02000188,Camden 023,E01000949,Camden 023C,H,London,2,Church of England,Does not apply,CE23,Diocese of London,4,Local authority maintained schools,0,Not applicable,,,Not under a federation,,,,0,Not applicable,,0,Not applicable,,Not applicable,,,Not applicable,,Not applicable,Not applicable,Not applicable,,,Not applicable
Emmanuel Church of England Primary School,202,Camden,999,,2,Primary,2,Voluntary aided school,Not applicable,Not applicable,1,Open,,0,Not applicable,,0,Not applicable,100030,10079317,3340,,233,122,111,236,36,15.9,,,,,,,,,,,,,,,,,,,,Mrs,Laura,Hall,Headteacher,5167368,,,152-158 Mill Lane,West Hampstead,,London,,NW6 1TF,,http://www.emmanuel.camden.sch.uk/,2074317984,,Not applicable,,,,2,Does not have a sixth form,Has Nursery Classes,3,11,2,No Special Classes,0,Not applicable,3,Mixed,,1,No boarders,15/01/2026,09/03/2026 00:00,E09000007,Camden,E05013671,West Hampstead,E14001265,Hampstead and Highgate,UN1,Urban: Nearer to a major town or city,E09000007,525336,185264,E02000175,Camden 010,E01000970,Camden 010B,H,London,2,Church of England,Does not apply,CE23,Diocese of London,4,Local authority maintained schools,0,Not applicable,,,Not under a federation,,,,0,Not applicable,,0,Not applicable,,Not applicable,,,Not applicable,,Not applicable,Not applicable,Not applicable,,,Not applicable
Hampstead Parochial Church of England Primary School,202,Camden,999,,2,Primary,2,Voluntary aided school,Not applicable,Not applicable,1,Open,,0,Not applicable,,0,Not applicable,100031,10074741,3352,,208,105,103,210,15,7.2,,,,,,,,,,,,,,,,,,,,Mrs,Laura,Hall,,5109927,,,"Hampstead Parochial School , Holly Bush Vale",Hampstead,,London,,NW3 6TX,,http://www.hampsteadprim.camden.sch.uk/,2074354135,,Not applicable,,,,2,Does not have a sixth form,No Nursery Classes,4,11,2,No Special Classes,0,Not applicable,3,Mixed,,1,No boarders,15/01/2026,15/9/2026 00:00:00,E09000007,Camden,E05013657,Frognal,E14001265,Hampstead and Highgate,UN1,Urban: Nearer to a major town or city,E09000007,526301,185733,E02000169,Camden 004,E01000879,Camden 004B,H,London,2,Church of England,Does not apply,CE23,Diocese of London,4,Local authority maintained schools,0,Not applicable,,,Not under a federation,,,,0,Not applicable,,0,Not applicable,,Not applicable,,,Not applicable,,Not applicable,Not applicable,Not applicable,,,Not applicable
"Holy Trinity CofE Primary School, NW3",202,Camden,999,,2,Primary,2,Voluntary aided school,Not applicable,Not applicable,1,Open,,0,Not applicable,,0,Not applicable,100032,10074740,3359,,159,75,84,189,65,40.9,,,,,,,,,,,,,,,Not applicable,,,,,Ms,Keeley McCleave,Mrs Laura Hall (Executive Headteacher),Headteacher,5090704,,,Trinity Walk,Maresfield Gardens,,London,,NW3 5SQ,,www.holytrinitynw3.co.uk,2074359089,,Not applicable,,,,2,Does not have a sixth form,No Nursery Classes,4,11,2,No Special Classes,0,Not applicable,3,Mixed,,1,No boarders,15/01/2026,29/6/2026 00:00:00,E09000007,Camden,E05013652,Belsize,E14001265,Hampstead and Highgate,UN1,Urban: Nearer to a major town or city,E09000007,526445,184601,E02000173,Camden 008,E01000883,Camden 008C,H,London,2,Church of England,Does not apply,CE23,Diocese of London,4,Local authority maintained schools,0,Not applicable,,,Not under a federation,,,,0,Not applicable,,0,Not applicable,,Not applicable,,,Not applicable,,Not applicable,Not applicable,Not applicable,,,Not applicable
"Holy Trinity and Saint Silas CofE Primary School, NW1",202,Camden,999,,2,Primary,2,Voluntary aided school,Not applicable,Not applicable,1,Open,,0,Not applicable,,0,Not applicable,100033,10074739,3361,,200,100,100,210,78,39,,,,,,,,,,,,,,,Not applicable,,,,,Mrs,Lorraine,Goll,Headteacher,5090684,,,Hartland Road,,,London,,NW1 8DE,,http://www.holytrinitynw1.camden.sch.uk/,2072670771,,Not applicable,,,,2,Does not have a sixth form,No Nursery Classes,4,11,2,No Special Classes,0,Not applicable,3,Mixed,,1,No boarders,15/01/2026,09/09/2026 00:00,E09000007,Camden,E05013655,Camden Town,E14001290,Holborn and St Pancras,UN1,Urban: Nearer to a major town or city,E09000007,528675,184432,E02000184,Camden 019,E01000856,Camden 019A,H,London,2,Church of England,Does not apply,CE23,Diocese of London,4,Local authority maintained schools,0,Not applicable,,,Not under a federation,,,,0,Not applicable,,0,Not applicable,,Not applicable,,,Not applicable,,Not applicable,Not applicable,Not applicable,,,Not applicable
Kentish Town Church of England Primary School,202,Camden,999,,2,Primary,2,Voluntary aided school,Not applicable,Not applicable,1,Open,,0,Not applicable,,0,Not applicable,100034,10069857,3370,,224,122,102,236,96,42.9,,,,,,Yes,,,Yes,,,,,,Resourced provision,35,21,,,Mr,Grant,Jacobson,Headteacher,5090705,,,Islip Street,,,London,,NW5 2TU,,http://www.kentishtown.camden.sch.uk/,2074851279,,Not applicable,,,,2,Does not have a sixth form,Has Nursery Classes,3,11,1,Has Special Classes,0,Not applicable,3,Mixed,,1,No boarders,15/01/2026,09/09/2026 00:00,E09000007,Camden,E05013664,Kentish Town South,E14001290,Holborn and St Pancras,UN1,Urban: Nearer to a major town or city,E09000007,529113,185066,E02000168,Camden 003,E01000921,Camden 003C,H,London,2,Church of England,Does not apply,CE23,Diocese of London,4,Local authority maintained schools,0,Not applicable,,,Not under a federation,,,,0,Not applicable,,0,Not applicable,,Not applicable,,,Not applicable,,Not applicable,Not applicable,Not applicable,,,Not applicable
Rosary Catholic Primary School,202,Camden,999,,2,Primary,2,Voluntary aided school,Not applicable,Not applicable,1,Open,,0,Not applicable,,0,Not applicable,100035,10076020,3391,,279,133,146,360,129,46.9,,,,,,,,,,,,,,,Not applicable,,,,,Miss,Sophie,Kennedy,Headteacher,5105233,,,238 Haverstock Hill,Hampstead,,London,,NW3 2AE,,http://www.rosary.camden.sch.uk/,2077946292,,Not applicable,,,,2,Does not have a sixth form,Has Nursery Classes,3,11,2,No Special Classes,0,Not applicable,3,Mixed,,1,No boarders,15/01/2026,09/04/2026 00:00,E09000007,Camden,E05013658,Gospel Oak,E14001265,Hampstead and Highgate,UN1,Urban: Nearer to a major town or city,E09000007,527199,185281,E02000173,Camden 008,E01000898,Camden 008E,H,London,3,Roman Catholic,Does not apply,RC01,Archdiocese of Westminster,4,Local authority maintained schools,0,Not applicable,,,Not under a federation,,,,0,Not applicable,,0,Not applicable,,Not applicable,,,Not applicable,,Not applicable,Not applicable,Not applicable,,,Not applicable
St Alban's Church of England Primary School,202,Camden,999,,2,Primary,2,Voluntary aided school,Not applicable,Not applicable,1,Open,,0,Not applicable,,0,Not applicable,100036,10079316,3398,,81,35,46,236,53,65.4,,,,,,,,,,,,,,,Not applicable,,,,,Mrs,Rebecca,Harris,Headteacher,5090637,,,Baldwins Gardens,Holborn,,London,,EC1N 7SD,,www.stalbanscamden.co.uk,2072428585,,Not applicable,,,,2,Does not have a sixth form,Has Nursery Classes,3,11,2,No Special Classes,0,Not applicable,3,Mixed,,1,No boarders,15/01/2026,09/04/2026 00:00,E09000007,Camden,E05013662,Holborn & Covent Garden,E14001290,Holborn and St Pancras,UN1,Urban: Nearer to a major town or city,E09000007,531156,181834,E02000192,Camden 027,E01000917,Camden 027C,H,London,2,Church of England,Does not apply,CE23,Diocese of London,4,Local authority maintained schools,0,Not applicable,,,Not under a federation,,,,0,Not applicable,,0,Not applicable,,Not applicable,,,Not applicable,,Not applicable,Not applicable,Not applicable,,,Not applicable
St Aloysius Catholic Primary School,202,Camden,999,,2,Primary,2,Voluntary aided school,Not applicable,Not applicable,2,Closed,01/01/1900,0,Not applicable,31/12/2019,2,Closure,100037,10076019,3400,,260,138,122,450,90,34.6,,,,,,,,,,,,,,,,,,,,Ms,Clare,McFlynn,Executive Head,5090614,,,Aldenham Street,,,London,,NW1 1PS,,,,,Not applicable,,,,2,Does not have a sixth form,Has Nursery Classes,3,11,2,No Special Classes,0,Not applicable,3,Mixed,,1,No boarders,17/01/2019,01/07/2020 00:00,E09000007,Camden,E05000143,St Pancras and Somers Town,E14000750,Holborn and St Pancras,A1,(England/Wales) Urban major conurbation,E09000007,529505,183062,E02000187,Camden 022,E01000955,Camden 022D,H,London,3,Roman Catholic,Does not apply,RC01,Archdiocese of Westminster,4,Local authority maintained schools,0,Not applicable,,,Not under a federation,,,,0,Not applicable,,0,Not applicable,,Not applicable,,,Not applicable,,Not applicable,Not applicable,Not applicable,,,Not applicable
St Aloysius Roman Catholic Infant School,202,Camden,999,,2,Primary,2,Voluntary aided school,Not applicable,Not applicable,2,Closed,,0,Not applicable,31/12/2016,1,Result of Amalgamation/Merger,100038,,3401,,,,,210,,,,,,,,,,,,,,,,,,,,,,Miss,Clare,McFlynn,Executive Head Teacher,5019560,,,28 Phoenix Road,,,London,,NW1 1TA,,,,,Not applicable,,,,2,Does not have a sixth form,Has Nursery Classes,3,7,2,No Special Classes,0,Not applicable,3,Mixed,,1,No boarders,,14/11/2018 00:00:00,E09000007,Camden,E05000143,St Pancras and Somers Town,E14000750,Holborn and St Pancras,A1,(England/Wales) Urban major conurbation,E09000007,529641,182910,E02000187,Camden 022,E01000955,Camden 022D,H,London,3,Roman Catholic,Does not apply,RC01,Archdiocese of Westminster,4,Local authority maintained schools,0,Not applicable,,,Not under a federation,,,,0,Not applicable,,0,Not applicable,,Not applicable,,,Not applicable,,Not applicable,Not applicable,Not applicable,,,Not applicable
St Dominic's Catholic Primary School,202,Camden,999,,2,Primary,2,Voluntary aided school,Not applicable,Not applicable,2,Closed,01/01/1900,0,Not applicable,31/08/2023,2,Closure,100039,10076018,3429,,46,21,25,336,27,60,,,,,,,,,,,,,,,,,,,,,Jennifer,O'Prey,Headteacher,5131187,,,Southampton Road,,,London,,NW5 4JS,,,,,Not applicable,,,,2,Does not have a sixth form,Has Nursery Classes,3,11,2,No Special Classes,0,Not applicable,3,Mixed,,1,No boarders,19/01/2023,09/11/2023 00:00,E09000007,Camden,E05013658,Gospel Oak,E14000750,Holborn and St Pancras,A1,(England/Wales) Urban major conurbation,E09000007,527842,185252,E02000171,Camden 006,E01000892,Camden 006D,H,London,3,Roman Catholic,Does not apply,RC01,Archdiocese of Westminster,4,Local authority maintained schools,0,Not applicable,,,Not under a federation,,,,0,Not applicable,,0,Not applicable,,Not applicable,,,Not applicable,,Not applicable,Not applicable,Not applicable,,,Not applicable
St George the Martyr Church of England Primary School,202,Camden,999,,2,Primary,2,Voluntary aided school,Not applicable,Not applicable,1,Open,,0,Not applicable,,0,Not applicable,100040,10079315,3441,,190,86,104,236,79,41.6,,,,,,,,,,,,,,,,,,,,Ms,Clare,Dyson,Head of School,5109944,,,John's Mews,,,London,,WC1N 2NX,,http://www.stgeorge.camden.sch.uk/,2074055640,,Not applicable,,,,2,Does not have a sixth form,Has Nursery Classes,3,11,2,No Special Classes,0,Not applicable,3,Mixed,,1,No boarders,15/01/2026,09/02/2026 00:00,E09000007,Camden,E05013662,Holborn & Covent Garden,E14001290,Holborn and St Pancras,UN1,Urban: Nearer to a major town or city,E09000007,530763,182065,E02000192,Camden 027,E01000920,Camden 027D,H,London,2,Church of England,Does not apply,CE23,Diocese of London,4,Local authority maintained schools,0,Not applicable,,,Supported by a federation,17835,Go Shine Church of England Federation,,0,Not applicable,,0,Not applicable,,Not applicable,,,Not applicable,,Not applicable,Not applicable,Not applicable,,,Not applicable
St Josephs Catholic Primary School,202,Camden,999,,2,Primary,2,Voluntary aided school,Not applicable,Not applicable,1,Open,,0,Not applicable,,0,Not applicable,100041,10076017,3482,,133,68,65,223,72,54.1,,,,,,,,,,,,,,,Not applicable,,,,,Ms,Moya,Richardson,Headteacher,5090710,,,Macklin Street,Covent Garden,,London,,WC2B 5NA,,http://www.stjosephs.camden.sch.uk,2072427712,,Not applicable,,,,2,Does not have a sixth form,Has Nursery Classes,3,11,2,No Special Classes,0,Not applicable,3,Mixed,,1,No boarders,15/01/2026,09/01/2026 00:00,E09000007,Camden,E05013662,Holborn & Covent Garden,E14001290,Holborn and St Pancras,UN1,Urban: Nearer to a major town or city,E09000007,530415,181368,E02000193,Camden 028,E01000918,Camden 028C,H,London,35,Catholic,Does not apply,RC01,Archdiocese of Westminster,4,Local authority maintained schools,0,Not applicable,,,Not under a federation,,,,0,Not applicable,,0,Not applicable,,Not applicable,,,Not applicable,,Not applicable,Not applicable,Not applicable,,,Not applicable
St Mary's Kilburn Church of England Primary School,202,Camden,999,,2,Primary,2,Voluntary aided school,Not applicable,Not applicable,1,Open,,0,Not applicable,,0,Not applicable,100042,10079314,3517,,217,110,107,210,146,67.3,,,,,,,,,,,,,,,Not applicable,,,,,Ms,Clare,Dyson,Executive Headteacher,5060998,,,Quex Road,Kilburn,,London,,NW6 4PG,,http://www.stmarykilburn.camden.sch.uk/,2073726565,,Not applicable,,,,2,Does not have a sixth form,Has Nursery Classes,3,11,2,No Special Classes,0,Not applicable,3,Mixed,,1,No boarders,15/01/2026,09/03/2026 00:00,E09000007,Camden,E05013665,Kilburn,E14001265,Hampstead and Highgate,UN1,Urban: Nearer to a major town or city,E09000007,525389,183932,E02000185,Camden 020,E01000933,Camden 020C,H,London,2,Church of England,Does not apply,CE23,Diocese of London,4,Local authority maintained schools,0,Not applicable,,,Supported by a federation,17835,Go Shine Church of England Federation,,0,Not applicable,,0,Not applicable,,Not applicable,,,Not applicable,,Not applicable,Not applicable,Not applicable,,,Not applicable
St Mary and St Pancras Church of England Primary School,202,Camden,999,,2,Primary,2,Voluntary aided school,Not applicable,Not applicable,1,Open,,0,Not applicable,,0,Not applicable,100043,10079313,3521,,178,71,107,236,128,71.9,,,,,,,,,,,,,,,,,,,,Ms,Jules,Belton,Headteacher,5083198,,,81 Werrington Street,,,London,,NW1 1QP,,www.stmp.camden.sch.uk,2073876117,,Not applicable,,,,2,Does not have a sixth form,Has Nursery Classes,3,11,2,No Special Classes,0,Not applicable,3,Mixed,,1,No boarders,15/01/2026,17/9/2026 00:00:00,E09000007,Camden,E05013669,St Pancras & Somers Town,E14001290,Holborn and St Pancras,UN1,Urban: Nearer to a major town or city,E09000007,529495,183146,E02000187,Camden 022,E01000954,Camden 022C,H,London,2,Church of England,Does not apply,CE23,Diocese of London,4,Local authority maintained schools,0,Not applicable,,,Not under a federation,,,,0,Not applicable,,0,Not applicable,,Not applicable,,,Not applicable,,Not applicable,Not applicable,Not applicable,,,Not applicable
St Michael's Church of England Primary School,202,Camden,999,,2,Primary,2,Voluntary aided school,Not applicable,Not applicable,2,Closed,01/01/1900,0,Not applicable,30/04/2023,2,Closure,100044,10046787,3546,,0,0,0,210,0,0,,,,,,,,,,,,,,,,,,,,Ms,Moya,Richardson,Headteacher,5090687,,,88 Camden Street,,,London,,NW1 0JA,,,,,Not applicable,,,,2,Does not have a sixth form,No Nursery Classes,4,11,2,No Special Classes,0,Not applicable,3,Mixed,,1,No boarders,19/01/2023,28/10/2024 00:00:00,E09000007,Camden,E05013669,St Pancras & Somers Town,E14000750,Holborn and St Pancras,A1,(England/Wales) Urban major conurbation,E09000007,529204,183886,E02000184,Camden 019,E01000861,Camden 019B,H,London,2,Church of England,Does not apply,CE23,Diocese of London,4,Local authority maintained schools,0,Not applicable,,,Not under a federation,,,,0,Not applicable,,0,Not applicable,,Not applicable,,,Not applicable,,Not applicable,Not applicable,Not applicable,,,Not applicable
St Patrick's Catholic Primary School,202,Camden,999,,2,Primary,2,Voluntary aided school,Not applicable,Not applicable,1,Open,,0,Not applicable,,0,Not applicable,100045,10076016,3560,,114,55,59,210,77,67.5,,,,,,,,,,,,,,,,,,,,Miss,Chloe,Toop,Headteacher,5090698,,,Holmes Road,,,London,,NW5 3AH,,http://www.stpatricks.camden.sch.uk/,2072671200,,Not applicable,,,,2,Does not have a sixth form,Has Nursery Classes,3,11,2,No Special Classes,0,Not applicable,3,Mixed,,1,No boarders,15/01/2026,09/09/2026 00:00,E09000007,Camden,E05013664,Kentish Town South,E14001290,Holborn and St Pancras,UN1,Urban: Nearer to a major town or city,E09000007,528861,185010,E02000172,Camden 007,E01000922,Camden 007E,H,London,3,Roman Catholic,Does not apply,RC01,Archdiocese of Westminster,4,Local authority maintained schools,0,Not applicable,,,Not under a federation,,,,0,Not applicable,,0,Not applicable,,Not applicable,,,Not applicable,,Not applicable,Not applicable,Not applicable,,,Not applicable
St Paul's Church of England Primary School,202,Camden,999,,2,Primary,2,Voluntary aided school,Not applicable,Not applicable,1,Open,,0,Not applicable,,0,Not applicable,100046,10074738,3568,,174,93,81,210,67,38.5,,,,,,,,,,,,,,,,,,,,Mr,Clive,Hale,Headteacher,5114710,,,Elsworthy Road,Primrose Hill,,London,,NW3 3DS,,http://www.stpauls.camden.sch.uk,2077227381,,Not applicable,,,,2,Does not have a sixth form,No Nursery Classes,4,11,2,No Special Classes,0,Not applicable,3,Mixed,,1,No boarders,15/01/2026,14/9/2026 00:00:00,E09000007,Camden,E05013667,Primrose Hill,E14001265,Hampstead and Highgate,UN1,Urban: Nearer to a major town or city,E09000007,527498,184129,E02000182,Camden 017,E01000967,Camden 017D,H,London,2,Church of England,Does not apply,CE23,Diocese of London,4,Local authority maintained schools,0,Not applicable,,,Not under a federation,,,,0,Not applicable,,0,Not applicable,,Not applicable,,,Not applicable,,Not applicable,Not applicable,Not applicable,,,Not applicable
St Eugene de Mazenod Roman Catholic Primary School,202,Camden,999,,2,Primary,2,Voluntary aided school,Not applicable,Not applicable,1,Open,,0,Not applicable,,0,Not applicable,100047,10076015,3649,,203,98,105,210,87,42.9,,,,,,,,,,,,,,,,,,,,Ms,Rebecca,Smith,Headteacher,5144612,,,Mazenod Avenue,,,London,,NW6 4LS,,http://www.steugene.camden.sch.uk/,2076244837,,Not applicable,,,,2,Does not have a sixth form,No Nursery Classes,4,11,2,No Special Classes,0,Not applicable,3,Mixed,,1,No boarders,15/01/2026,21/9/2026 00:00:00,E09000007,Camden,E05013665,Kilburn,E14001265,Hampstead and Highgate,UN1,Urban: Nearer to a major town or city,E09000007,525360,183998,E02000185,Camden 020,E01000933,Camden 020C,H,London,3,Roman Catholic,Does not apply,RC01,Archdiocese of Westminster,4,Local authority maintained schools,0,Not applicable,,,Not under a federation,,,,0,Not applicable,,0,Not applicable,,Not applicable,,,Not applicable,,Not applicable,Not applicable,Not applicable,,,Not applicable
Our Lady Roman Catholic Primary School,202,Camden,999,,2,Primary,2,Voluntary aided school,Not applicable,Not applicable,1,Open,,0,Not applicable,,0,Not applicable,100048,10076014,3655,,200,90,110,240,129,64.5,,,,,,,,,,,,,,,,,,,,Ms,Moya,Richardson,Associate Headteacher,5090619,,,Pratt Street,Camden,,London,,NW1 0DP,,https://www.ourladys.camden.sch.uk/,2074857997,,Not applicable,,,,2,Does not have a sixth form,Has Nursery Classes,3,11,2,No Special Classes,0,Not applicable,3,Mixed,,1,No boarders,15/01/2026,08/07/2026 00:00,E09000007,Camden,E05013669,St Pancras & Somers Town,E14001290,Holborn and St Pancras,UN1,Urban: Nearer to a major town or city,E09000007,529268,183862,E02000184,Camden 019,E01000861,Camden 019B,H,London,35,Catholic,Does not apply,RC01,Archdiocese of Westminster,4,Local authority maintained schools,0,Not applicable,,,Not under a federation,,,,0,Not applicable,,0,Not applicable,,Not applicable,,,Not applicable,,Not applicable,Not applicable,Not applicable,,,Not applicable
Haverstock School,202,Camden,999,,4,Secondary,1,Community school,Not applicable,Not applicable,1,Open,,0,Not applicable,,0,Not applicable,100049,10002938,4104,,878,494,384,1035,446,72.8,,,,,,Yes,,,,,,,,,Resourced provision,16,16,,,Mr,Joe,Edwards,Headteacher,10091822489,,,24 Haverstock Hill,Chalk Farm,,London,,NW3 2BQ,,http://www.haverstock.camden.sch.uk/,2072670975,,Not applicable,,,,1,Has a sixth form,No Nursery Classes,11,18,2,No Special Classes,4,Non-selective,3,Mixed,,1,No boarders,15/01/2026,13/9/2026 00:00:00,E09000007,Camden,E05013660,Haverstock,E14001290,Holborn and St Pancras,UN1,Urban: Nearer to a major town or city,E09000007,528159,184498,E02000177,Camden 012,E01000902,Camden 012B,H,London,0,Does not apply,Does not apply,0,Not applicable,4,Local authority maintained schools,0,Not applicable,,,Supported by a federation,17669,H3 Federation,,0,Not applicable,,0,Not applicable,,Not applicable,,,Not applicable,,Not applicable,Not applicable,Not applicable,,,Not applicable
Parliament Hill School,202,Camden,999,,4,Secondary,1,Community school,Not applicable,Not applicable,1,Open,,0,Not applicable,,0,Not applicable,100050,10004992,4166,,1191,81,1110,1164,335,38,,,,,,,,,,,,,,,,,,,,Ms,Sarah,Creasey,Headteacher,5109911,,,Highgate Road,,,London,,NW5 1RL,,http://www.parliamenthill.camden.sch.uk/,2074857077,,Not applicable,,,,1,Has a sixth form,No Nursery Classes,11,18,2,No Special Classes,4,Non-selective,2,Girls,,1,No boarders,15/01/2026,18/9/2026 00:00:00,E09000007,Camden,E05013661,Highgate,E14001265,Hampstead and Highgate,UN1,Urban: Nearer to a major town or city,E09000007,528369,186019,E02000166,Camden 001,E01000912,Camden 001D,H,London,0,Does not apply,Does not apply,0,Not applicable,4,Local authority maintained schools,0,Not applicable,,,Not under a federation,,,,0,Not applicable,,0,Not applicable,,Not applicable,,,Not applicable,,Not applicable,Not applicable,Not applicable,,,Not applicable
Regent High School,202,Camden,999,,4,Secondary,1,Community school,Not applicable,Not applicable,1,Open,,0,Not applicable,,0,Not applicable,100051,10005970,4196,,1050,618,432,1100,642,72.1,,,Yes,Yes,Yes,Yes,Yes,,Yes,Yes,,,Yes,Yes,Resourced provision,3,4,,,Mr,Gary,Moore,Headteacher,5002198,,,Chalton Street,Camden,,London,,NW1 1RX,,http://www.regenthighschool.org.uk/,2073870126,,Not applicable,,,,1,Has a sixth form,No Nursery Classes,11,18,2,No Special Classes,4,Non-selective,3,Mixed,,1,No boarders,15/01/2026,09/02/2026 00:00,E09000007,Camden,E05013669,St Pancras & Somers Town,E14001290,Holborn and St Pancras,UN1,Urban: Nearer to a major town or city,E09000007,529555,183356,E02000187,Camden 022,E01000952,Camden 022A,H,London,0,Does not apply,Does not apply,0,Not applicable,4,Local authority maintained schools,0,Not applicable,,,Not under a federation,,,,0,Not applicable,,0,Not applicable,,Not applicable,,,Not applicable,,Not applicable,Not applicable,Not applicable,,,Not applicable
Hampstead School,202,Camden,999,,4,Secondary,1,Community school,Not applicable,Not applicable,1,Open,,0,Not applicable,,0,Not applicable,100052,10002876,4275,,1191,622,569,1320,470,51.5,,,,,,,,,,,,,,,,,,,,Mr,Matthew,Sadler,Head,5090623,,,Westbere Road,Hampstead,,London,,NW2 3RT,,http://www.hampstead.school,2077948133,,Not applicable,,,,1,Has a sixth form,No Nursery Classes,11,18,2,No Special Classes,4,Non-selective,3,Mixed,,1,No boarders,15/01/2026,09/08/2026 00:00,E09000007,Camden,E05013656,Fortune Green,E14001265,Hampstead and Highgate,UN1,Urban: Nearer to a major town or city,E09000007,524402,185633,E02000170,Camden 005,E01000871,Camden 005A,H,London,0,Does not apply,Does not apply,0,Not applicable,4,Local authority maintained schools,0,Not applicable,,,Not under a federation,,,,0,Not applicable,,0,Not applicable,,Not applicable,,,Not applicable,,Not applicable,Not applicable,Not applicable,,,Not applicable
Acland Burghley School,202,Camden,999,,4,Secondary,1,Community school,Not applicable,Not applicable,1,Open,,0,Not applicable,,0,Not applicable,100053,10000101,4285,,1252,802,450,1200,339,36.7,,,,,,Yes,,,,,,,,,Resourced provision,24,25,,,Mr,Nicholas,John,Headteacher,5011527,,,Burghley Road,,,London,,NW5 1UJ,,http://www.aclandburghley.camden.sch.uk/,2074858515,,Not applicable,,,,1,Has a sixth form,No Nursery Classes,11,18,2,No Special Classes,4,Non-selective,3,Mixed,,1,No boarders,15/01/2026,17/8/2026 00:00:00,E09000007,Camden,E05013663,Kentish Town North,E14001290,Holborn and St Pancras,UN1,Urban: Nearer to a major town or city,E09000007,528962,185931,E02000168,Camden 003,E01000928,Camden 003E,H,London,0,Does not apply,Does not apply,0,Not applicable,4,Local authority maintained schools,0,Not applicable,,,Not under a federation,,,,0,Not applicable,,0,Not applicable,,Not applicable,,,Not applicable,,Not applicable,Not applicable,Not applicable,,,Not applicable
The Camden School for Girls,202,Camden,999,,4,Secondary,2,Voluntary aided school,Not applicable,Not applicable,1,Open,,0,Not applicable,,0,Not applicable,100054,10000001,4611,,1108,174,934,1040,183,30.3,,,,,,,,,,,,,,,,,,,,Mrs,Kateryna,Law,Headteacher,5090615,,,Sandall Road,,,London,,NW5 2DB,,http://www.camdengirls.camden.sch.uk,2074853414,,Not applicable,,,,1,Has a sixth form,No Nursery Classes,11,18,2,No Special Classes,4,Non-selective,2,Girls,,1,No boarders,15/01/2026,07/01/2026 00:00,E09000007,Camden,E05013664,Kentish Town South,E14001290,Holborn and St Pancras,UN1,Urban: Nearer to a major town or city,E09000007,529441,184659,E02000180,Camden 015,E01035707,Camden 015F,H,London,6,None,Does not apply,0,Not applicable,4,Local authority maintained schools,0,Not applicable,,,Not under a federation,,,,0,Not applicable,,0,Not applicable,,Not applicable,,,Not applicable,,Not applicable,Not applicable,Not applicable,,,Not applicable
Maria Fidelis Catholic School FCJ,202,Camden,999,,4,Secondary,2,Voluntary aided school,Not applicable,Not applicable,1,Open,,0,Not applicable,,0,Not applicable,100055,10004201,4652,,738,383,355,917,400,63,,,,,,,,,,,,,,,,,,,,Mr,Mark,Anthony,Headteacher,5082123,,,1 - 39 Drummond Crescent,,,London,,NW1 1LY,United Kingdom,http://www.mariafidelis.camden.sch.uk/,2073873856,,Not applicable,,,,1,Has a sixth form,No Nursery Classes,11,18,2,No Special Classes,4,Non-selective,3,Mixed,,1,No boarders,15/01/2026,09/01/2026 00:00,E09000007,Camden,E05013669,St Pancras & Somers Town,E14001290,Holborn and St Pancras,UN1,Urban: Nearer to a major town or city,E09000007,529642,182873,E02000187,Camden 022,E01000955,Camden 022D,H,London,3,Roman Catholic,Does not apply,RC01,Archdiocese of Westminster,4,Local authority maintained schools,0,Not applicable,,,Not under a federation,,,,0,Not applicable,,0,Not applicable,,Not applicable,,,Not applicable,,Not applicable,Not applicable,Not applicable,,,Not applicable
William Ellis School,202,Camden,999,,4,Secondary,2,Voluntary aided school,Not applicable,Not applicable,1,Open,,0,Not applicable,,0,Not applicable,100056,10007511,4688,,771,653,118,895,275,57.5,,,,,,,,,,,,,,,Not applicable,,,,,Ms,Izzy,Jones,Headteacher,5109912,,,Highgate Road,,,London,,NW5 1RN,,http://www.williamellis.camden.sch.uk/,2072679346,,Not applicable,,,,1,Has a sixth form,No Nursery Classes,11,18,2,No Special Classes,4,Non-selective,1,Boys,,1,No boarders,15/01/2026,14/9/2026 00:00:00,E09000007,Camden,E05013661,Highgate,E14001265,Hampstead and Highgate,UN1,Urban: Nearer to a major town or city,E09000007,528267,186049,E02000166,Camden 001,E01000912,Camden 001D,H,London,6,None,Does not apply,0,Not applicable,4,Local authority maintained schools,0,Not applicable,,,Not under a federation,,,,0,Not applicable,,0,Not applicable,,Not applicable,,,Not applicable,,Not applicable,Not applicable,Not applicable,,,Not applicable
St Richard of Chichester School,202,Camden,999,,4,Secondary,2,Voluntary aided school,Not applicable,Not applicable,2,Closed,,0,Not applicable,31/07/1998,0,Not applicable,100057,,4713,,,,,,,,,,,,,,,,,,,,,,,,,,,Mr,P D,Segalini,Headteacher,,,,Royal College Street,,,London,,NW1 9LY,,,,,Not applicable,,,,0,Not applicable,Not applicable,11,18,2,No Special Classes,4,Non-selective,3,Mixed,,1,No boarders,,14/11/2018 00:00:00,E09000007,Camden,E05000131,Cantelowes,E14000750,Holborn and St Pancras,A1,(England/Wales) Urban major conurbation,E09000007,529066,184477,E02000174,Camden 009,E01000866,Camden 009A,H,London,6,None,Does not apply,9999,,4,Local authority maintained schools,0,Not applicable,,,Not under a federation,,,,0,Not applicable,,0,Not applicable,,Not applicable,,,Not applicable,,Not applicable,Not applicable,Not applicable,,,Not applicable
La Sainte Union Catholic Secondary School,202,Camden,999,,4,Secondary,2,Voluntary aided school,Not applicable,Not applicable,1,Open,,0,Not applicable,,0,Not applicable,100059,10003733,5401,,550,48,502,1219,124,42.6,,,,,,,,,,,,,,,,,,,,Mrs,Sophie,Fegan,Headteacher,5090721,,,Highgate Road,,,London,,NW5 1RP,,http://www.lasainteunion.org.uk/,2074284600,,Not applicable,,,,1,Has a sixth form,No Nursery Classes,11,18,2,No Special Classes,4,Non-selective,2,Girls,,1,No boarders,15/01/2026,07/02/2026 00:00,E09000007,Camden,E05013661,Highgate,E14001265,Hampstead and Highgate,UN1,Urban: Nearer to a major town or city,E09000007,528379,186191,E02000168,Camden 003,E01000910,Camden 003A,H,London,3,Roman Catholic,Does not apply,RC01,Archdiocese of Westminster,4,Local authority maintained schools,0,Not applicable,,,Not under a federation,,,,0,Not applicable,,0,Not applicable,,Not applicable,,,Not applicable,,Not applicable,Not applicable,Not applicable,,,Not applicable
Children's Hospital School at Gt Ormond Street and UCH,202,Camden,999,,0,Not applicable,12,Foundation special school,Not applicable,Not applicable,1,Open,,0,Not applicable,,0,Not applicable,100060,10015430,5950,,0,0,0,,,,,,,,,,,,,,,,,,,,,,,Ms,Neela,Moorghen,Headteacher,5090726,,,Great Ormond Street,Camden,,London,,WC1N 3JH,,https://www.goshschool.org/,2078138269,,Not applicable,,,,0,Not applicable,Not applicable,4,18,1,Has Special Classes,0,Not applicable,3,Mixed,,1,No boarders,15/01/2026,09/01/2026 00:00,E09000007,Camden,E05013662,Holborn & Covent Garden,E14001290,Holborn and St Pancras,UN1,Urban: Nearer to a major town or city,E09000007,530533,182041,E02000192,Camden 027,E01000915,Camden 027A,H,London,0,Does not apply,Does not apply,0,Not applicable,5,Special schools,2,Not supported by a trust,,,Not under a federation,,,,0,Not applicable,,0,Not applicable,,Not applicable,,,Not applicable,,Not applicable,Not applicable,Not applicable,,,Not applicable
St Christopher's School,202,Camden,999,,0,Not applicable,11,Other independent school,Not applicable,Not approved,1,Open,01/01/1924,0,Not applicable,,0,Not applicable,100061,10075167,6013,,253,0,253,275,,,1,60,,,,,,,,,,,,,,,,,,Mr,Mark,Maddocks,,5053500,St Christopher's School,,32 Belsize Lane,,,London,,NW3 5AE,,www.stchristophers.london,2074351521,ISI,Not applicable,,,,2,Does not have a sixth form,No Nursery Classes,4,11,2,No Special Classes,2,Selective,2,Girls,Does not have boarders,1,No boarders,18/01/2024,23/9/2026 00:00:00,E09000007,Camden,E05013652,Belsize,E14001265,Hampstead and Highgate,UN1,Urban: Nearer to a major town or city,E09000007,526978,185153,E02000173,Camden 008,E01000897,Camden 008D,H,London,6,None,Inter- / non- denominational,0,Not applicable,3,Independent schools,0,Not applicable,,,Not applicable,,,,0,Not applicable,,0,Not applicable,,Not applicable,,,Not applicable,,Not applicable,Not applicable,Not applicable,,,Not applicable
St Margaret's School,202,Camden,999,,0,Not applicable,11,Other independent school,Not applicable,Not approved,1,Open,01/01/1920,0,Not applicable,,0,Not applicable,100062,10017630,6014,,152,0,152,170,,,1,57,,,,,,,,,,,,,,,,,,Mrs,Sharron,Shackell,Principal,5009911,St Margaret's School (Hampstead) Ltd,,18 Kidderpore Gardens,,,London,,NW3 7SR,,http://www.st-margarets.co.uk/,2074352439,ISI,Not applicable,,,,2,Does not have a sixth form,No Nursery Classes,4,16,2,No Special Classes,2,Selective,2,Girls,Does not have boarders,1,No boarders,18/01/2024,23/7/2026 00:00:00,E09000007,Camden,E05013657,Frognal,E14001265,Hampstead and Highgate,UN1,Urban: Nearer to a major town or city,E09000007,525551,185876,E02000169,Camden 004,E01000884,Camden 004D,H,London,6,None,None,0,Not applicable,3,Independent schools,0,Not applicable,,,Not applicable,,,,0,Not applicable,,0,Not applicable,,Not applicable,,,Not applicable,,Not applicable,Not applicable,Not applicable,,,Not applicable
Sarum Hall School,202,Camden,999,,0,Not applicable,11,Other independent school,Not applicable,Not approved,1,Open,01/01/1934,0,Not applicable,,0,Not applicable,100063,10075166,6016,,184,0,184,192,,,0,43,,,,,,,,,,,,,,,,,,Miss,Karen,Coles,Headteacher,5055751,Sarum Hall School Trust Ltd,,15 Eton Avenue,,,London,,NW3 3EL,,https://www.sarumhallschool.co.uk/,2077942261,ISI,Not applicable,,,,2,Does not have a sixth form,Has Nursery Classes,3,11,2,No Special Classes,4,Non-selective,2,Girls,Does not have boarders,1,No boarders,18/01/2024,23/7/2026 00:00:00,E09000007,Camden,E05013667,Primrose Hill,E14001265,Hampstead and Highgate,UN1,Urban: Nearer to a major town or city,E09000007,527291,184479,E02000179,Camden 014,E01000845,Camden 014B,H,London,2,Church of England,Church of England,0,Not applicable,3,Independent schools,0,Not applicable,,,Not applicable,,,,0,Not applicable,,0,Not applicable,,Not applicable,,,Not applicable,,Not applicable,Not applicable,Not applicable,,,Not applicable
The Hall School,202,Camden,999,,0,Not applicable,11,Other independent school,Not applicable,Not approved,1,Open,01/01/1919,0,Not applicable,,0,Not applicable,100064,10018605,6017,,463,463,0,470,,,2,107,,,,,,,,,,,,,,,,,,Dr,Willem,Steyn,Headteacher,5105233,The Hall School Charitable Trust,,23 Crossfield Road,Hampstead,,London,,NW3 4NU,,www.hallschool.co.uk,2077221700,ISI,Not applicable,,,,2,Does not have a sixth form,No Nursery Classes,4,13,2,No Special Classes,2,Selective,1,Boys,Does not have boarders,1,No boarders,18/01/2024,23/7/2026 00:00:00,E09000007,Camden,E05013652,Belsize,E14001265,Hampstead and Highgate,UN1,Urban: Nearer to a major town or city,E09000007,526932,184533,E02000176,Camden 011,E01000844,Camden 011B,H,London,2,Church of England,Church of England,0,Not applicable,3,Independent schools,0,Not applicable,,,Not applicable,,,,0,Not applicable,,0,Not applicable,,Not applicable,,,Not applicable,,Not applicable,Not applicable,Not applicable,,,Not applicable
University College School,202,Camden,999,,0,Not applicable,11,Other independent school,Not applicable,Not approved,1,Open,01/01/1907,0,Not applicable,,0,Not applicable,100065,10016008,6018,,1297,1184,113,1318,,,2,160,,,,,,,,,,,,,,,,,,Mr,Mark,Beard,Headmaster,5105233,University College School,,Frognal,Hampstead,,London,,NW3 6XH,,http://www.ucs.org.uk/,2074352215,ISI,Not applicable,,,,1,Has a sixth form,No Nursery Classes,4,18,2,No Special Classes,0,Not applicable,3,Mixed,Does not have boarders,1,No boarders,18/01/2024,09/04/2026 00:00,E09000007,Camden,E05013657,Frognal,E14001265,Hampstead and Highgate,UN1,Urban: Nearer to a major town or city,E09000007,526202,185414,E02000169,Camden 004,E01000879,Camden 004B,H,London,6,None,None,0,Not applicable,3,Independent schools,0,Not applicable,,,Not applicable,,,,0,Not applicable,,0,Not applicable,,Not applicable,,,Not applicable,,Not applicable,Not applicable,Not applicable,,,Not applicable
The Cavendish School,202,Camden,999,,0,Not applicable,11,Other independent school,Not applicable,Not approved,1,Open,01/01/1950,0,Not applicable,,0,Not applicable,100066,10075165,6038,,194,0,194,276,,,0,32,,,,,,,,,,,,,,,,,,Mrs,Taryn,Lombard,Headteacher,5137032,The Cavendish School Charitable Trust Ltd,,31 Inverness Street,,,London,,NW1 7HB,,http://www.cavendish-school.co.uk/,2074851958,ISI,Not applicable,,,,2,Does not have a sixth form,Has Nursery Classes,3,11,2,No Special Classes,4,Non-selective,2,Girls,Does not have boarders,1,No boarders,18/01/2024,23/7/2026 00:00:00,E09000007,Camden,E05013655,Camden Town,E14001290,Holborn and St Pancras,UN1,Urban: Nearer to a major town or city,E09000007,528739,183866,E02000186,Camden 021,E01000863,Camden 021A,H,London,3,Roman Catholic,Christian,0,Not applicable,3,Independent schools,0,Not applicable,,,Not applicable,,,,0,Not applicable,,0,Not applicable,,Not applicable,,,Not applicable,,Not applicable,Not applicable,Not applicable,,,Not applicable
"St Mary's School, Hampstead",202,Camden,999,,0,Not applicable,11,Other independent school,Not applicable,Not approved,1,Open,01/01/1951,0,Not applicable,,0,Not applicable,100067,10079908,6084,,194,0,194,307,,,4,19,,,,,,,,,,,,,,,,,,Miss,Charlotte,Owen,Headteacher,5105233,St Mary's School Hampstead,,47 Fitzjohn's Avenue,London,,,,NW3 6PG,,http://www.stmh.co.uk/,2074351868,ISI,Not applicable,,,,2,Does not have a sixth form,Has Nursery Classes,2,11,2,No Special Classes,4,Non-selective,2,Girls,Does not have boarders,1,No boarders,18/01/2024,23/7/2026 00:00:00,E09000007,Camden,E05013652,Belsize,E14001265,Hampstead and Highgate,UN1,Urban: Nearer to a major town or city,E09000007,526543,185092,E02000173,Camden 008,E01000881,Camden 008A,H,London,3,Roman Catholic,Roman Catholic,0,Not applicable,3,Independent schools,0,Not applicable,,,Not applicable,,,,0,Not applicable,,0,Not applicable,,Not applicable,,,Not applicable,,Not applicable,Not applicable,Not applicable,,,Not applicable
Alleyns Hampstead Nursery and Junior School,202,Camden,999,,0,Not applicable,11,Other independent school,Not applicable,Not approved,1,Open,18/11/1957,0,Not applicable,,0,Not applicable,100068,10070531,6174,,138,75,63,420,,,0,12,,,,,,,,,,,,,,,,,,Mrs,Sarah,Cartwright-Styles,Headteacher,5000951,Cognita Schools Ltd,,8 Netherhall Gardens,,,London,,NW3 5RR,,www.northbridgehouse.com,2072676266,ISI,Not applicable,,,,2,Does not have a sixth form,Has Nursery Classes,2,7,2,No Special Classes,0,Not applicable,3,Mixed,Does not have boarders,1,No boarders,18/01/2024,24/9/2026 00:00:00,E09000007,Camden,E05013652,Belsize,E14001265,Hampstead and Highgate,UN1,Urban: Nearer to a major town or city,E09000007,526368,184811,E02000173,Camden 008,E01000883,Camden 008C,H,London,6,None,None,0,Not applicable,3,Independent schools,0,Not applicable,,,Not applicable,,,,0,Not applicable,,0,Not applicable,,Not applicable,,,Not applicable,,Not applicable,Not applicable,Not applicable,,,Not applicable
Hereward House School,202,Camden,999,,0,Not applicable,11,Other independent school,Not applicable,Not approved,1,Open,15/10/1957,0,Not applicable,,0,Not applicable,100069,10070530,6179,,156,156,0,170,,,1,25,,,,,,,,,,,,,,,,,,Mr,Pascal,Evans,Headteacher,5042307,Leonie Sampson,,14 Strathray Gardens,,,London,,NW3 4NY,,,2077944820,ISI,Not applicable,,,,2,Does not have a sixth form,No Nursery Classes,4,13,2,No Special Classes,0,Not applicable,1,Boys,Does not have boarders,1,No boarders,18/01/2024,25/9/2026 00:00:00,E09000007,Camden,E05013652,Belsize,E14001265,Hampstead and Highgate,UN1,Urban: Nearer to a major town or city,E09000007,527001,184495,E02000176,Camden 011,E01000844,Camden 011B,H,London,6,None,None,0,Not applicable,3,Independent schools,0,Not applicable,,,Not applicable,,,,0,Not applicable,,0,Not applicable,,Not applicable,,,Not applicable,,Not applicable,Not applicable,Not applicable,,,Not applicable
St Anthony's School for Boys,202,Camden,999,,0,Not applicable,11,Other independent school,Not applicable,Not approved,1,Open,01/01/1956,0,Not applicable,,0,Not applicable,100070,10018478,6181,,256,245,11,390,,,1,60,,,,,,,,,,,,,,,,,,Mr,Richard,Berlie,Headmaster,5037567,Alpha Plus Group Limited,,90 Fitzjohn's Avenue,London,,,,NW3 6NP,United Kingdom,www.stanthonysprep.org.uk,2074353597,ISI,Not applicable,,,,2,Does not have a sixth form,Has Nursery Classes,2,13,2,No Special Classes,0,Not applicable,1,Boys,Does not have boarders,1,No boarders,18/01/2024,23/7/2026 00:00:00,E09000007,Camden,E05013659,Hampstead Town,E14001265,Hampstead and Highgate,UN1,Urban: Nearer to a major town or city,E09000007,526536,185454,E02000173,Camden 008,E01000897,Camden 008D,H,London,35,Catholic,Roman Catholic,0,Not applicable,3,Independent schools,0,Not applicable,,,Not applicable,,,,0,Not applicable,,0,Not applicable,,Not applicable,,,Not applicable,,Not applicable,Not applicable,Not applicable,,,Not applicable
North Bridge Nursery School,202,Camden,999,,0,Not applicable,11,Other independent school,Not applicable,Not approved,2,Closed,18/06/1958,0,Not applicable,31/08/2021,1,Result of Amalgamation/Merger,100071,10070529,6195,,172,102,70,220,0,0,1,10,,,,,,,,,,,,,,,,,,Mrs,Christine,McLelland,Headteacher,5105233,Cognita Schools Ltd,,33 Fitzjohn's Avenue,Hampstead,,London,,NW3 5JY,,,,ISI,Not applicable,,,,2,Does not have a sixth form,Has Nursery Classes,2,5,2,No Special Classes,4,Non-selective,3,Mixed,Does not have boarders,1,No boarders,21/01/2021,16/9/2021 00:00:00,E09000007,Camden,E05000133,Frognal and Fitzjohns,E14000727,Hampstead and Kilburn,A1,(England/Wales) Urban major conurbation,E09000007,526549,184913,E02000173,Camden 008,E01000883,Camden 008C,H,London,6,None,None,0,Not applicable,3,Independent schools,0,Not applicable,,,Not applicable,,,,0,Not applicable,,0,Not applicable,,Not applicable,,,Not applicable,,Not applicable,Not applicable,Not applicable,,,Not applicable
Lyndhurst House Preparatory School,202,Camden,999,,0,Not applicable,11,Other independent school,Not applicable,Not approved,2,Closed,01/01/1957,0,Not applicable,31/08/2023,2,Closure,100072,10018763,6210,,106,106,0,168,0,0,0,17,,,,,,,,,,,,,,,,,,Mr,A J C,Reid,Headteacher,5105233,Dukes Education,,24 Lyndhurst Gardens,Hampstead,,London,,NW3 5NW,,,,ISI,Not applicable,,,,2,Does not have a sixth form,No Nursery Classes,4,13,2,No Special Classes,0,Not applicable,1,Boys,Does not have boarders,1,No boarders,20/01/2022,23/1/2024 00:00:00,E09000007,Camden,E05013652,Belsize,E14000727,Hampstead and Kilburn,A1,(England/Wales) Urban major conurbation,E09000007,526875,185297,E02000173,Camden 008,E01000897,Camden 008D,H,London,6,None,None,0,Not applicable,3,Independent schools,0,Not applicable,,,Not applicable,,,,0,Not applicable,,0,Not applicable,,Not applicable,,,Not applicable,,Not applicable,Not applicable,Not applicable,,,Not applicable
Hampstead Hill School,202,Camden,999,,0,Not applicable,11,Other independent school,Not applicable,Not approved,1,Open,23/10/1970,0,Not applicable,,0,Not applicable,100073,10070528,6264,,359,190,169,521,,,0,34,,,,,,,,,,,,,,,,,,Mrs,A,Taylor,Headteacher,5110228,Hampstead Hill School Ltd,,St Stephen's,Pond Street,Hampstead,London,,NW3 2PP,,www.hampsteadhillschool.co.uk,2074356262,ISI,Not applicable,,,,2,Does not have a sixth form,Has Nursery Classes,2,11,2,No Special Classes,4,Non-selective,3,Mixed,Does not have boarders,1,No boarders,18/01/2024,23/7/2026 00:00:00,E09000007,Camden,E05013658,Gospel Oak,E14001265,Hampstead and Highgate,UN1,Urban: Nearer to a major town or city,E09000007,527085,185400,E02000173,Camden 008,E01000898,Camden 008E,H,London,6,None,None,0,Not applicable,3,Independent schools,0,Not applicable,,,Not applicable,,,,0,Not applicable,,0,Not applicable,,Not applicable,,,Not applicable,,Not applicable,Not applicable,Not applicable,,,Not applicable
Alleyns Hampstead Senior School,202,Camden,999,,0,Not applicable,11,Other independent school,Not applicable,Not approved,1,Open,03/03/1972,0,Not applicable,,0,Not applicable,100074,10007975,6269,,365,268,97,500,,,7,2,,,,,,,,,,,,,,,,,,Mr,Aidan,Sproat-Clements,Headteacher,5069754,Cognita Schools Ltd,,65 Rosslyn Hill,Hampstead,,,,NW3 5UD,,,2072676266,ISI,Not applicable,,,,1,Has a sixth form,No Nursery Classes,11,18,2,No Special Classes,4,Non-selective,3,Mixed,Does not have boarders,1,No boarders,18/01/2024,24/9/2026 00:00:00,E09000007,Camden,E05013659,Hampstead Town,E14001265,Hampstead and Highgate,UN1,Urban: Nearer to a major town or city,E09000007,526640,185531,E02000167,Camden 002,E01000894,Camden 002B,H,London,6,None,None,0,Not applicable,3,Independent schools,0,Not applicable,,,Not applicable,,,,0,Not applicable,,0,Not applicable,,Not applicable,,,Not applicable,,Not applicable,Not applicable,Not applicable,,,Not applicable
Trevor-Roberts School,202,Camden,999,,0,Not applicable,11,Other independent school,Not applicable,Not approved,1,Open,20/12/1977,0,Not applicable,,0,Not applicable,100075,10032215,6295,,160,86,74,180,,,0,43,,,,,,,,,,,,,,,,,,Mr,Simon,Trevor-Roberts,Headteacher,5067462,Trevor-Roberts School LTD,,55-57 Eton Avenue,,,London,,NW3 3ET,,,2075861444,ISI,Not applicable,,,,2,Does not have a sixth form,No Nursery Classes,4,13,2,No Special Classes,0,Not applicable,3,Mixed,Does not have boarders,1,No boarders,18/01/2024,23/7/2026 00:00:00,E09000007,Camden,E05013667,Primrose Hill,E14001265,Hampstead and Highgate,UN1,Urban: Nearer to a major town or city,E09000007,526981,184414,E02000176,Camden 011,E01000844,Camden 011B,H,London,6,None,Church of England,0,Not applicable,3,Independent schools,0,Not applicable,,,Not applicable,,,,0,Not applicable,,0,Not applicable,,Not applicable,,,Not applicable,,Not applicable,Not applicable,Not applicable,,,Not applicable
South Hampstead High School GDST,202,Camden,999,,0,Not applicable,11,Other independent school,Not applicable,Not approved,1,Open,30/09/1980,0,Not applicable,,0,Not applicable,100076,10008499,6307,,961,0,961,964,,,3,144,,,,,,,,,,,,,,,,,,Mrs,Anna,Paul,Headmistress,5083448,Girls Day School Trust,,3 Maresfield Gardens,,,London,,NW3 5SS,,http://www.shhs.gdst.net/,2074352899,ISI,Not applicable,,,,1,Has a sixth form,No Nursery Classes,4,19,2,No Special Classes,2,Selective,2,Girls,Does not have boarders,1,No boarders,18/01/2024,18/8/2026 00:00:00,E09000007,Camden,E05013652,Belsize,E14001265,Hampstead and Highgate,UN1,Urban: Nearer to a major town or city,E09000007,526491,184607,E02000173,Camden 008,E01000883,Camden 008C,H,London,6,None,None,0,Not applicable,3,Independent schools,0,Not applicable,,,Not applicable,,,,0,Not applicable,,0,Not applicable,,Not applicable,,,Not applicable,,Not applicable,Not applicable,Not applicable,,,Not applicable
The Village School,202,Camden,999,,0,Not applicable,11,Other independent school,Not applicable,Not approved,2,Closed,10/02/1985,0,Not applicable,07/10/2025,2,Closure,100077,10075164,6353,,57,0,57,140,,,2,29,,,,,,,,,,,,,,,,,,Mrs,Kirstie,Hampshire,Headteacher,5023205,Chatsworth Schools (Village Prep) Limited,,2 Parkhill Road,Belsize Park,,London,,NW3 2YN,,,,ISI,Not applicable,,,,2,Does not have a sixth form,Has Nursery Classes,2,14,2,No Special Classes,4,Non-selective,2,Girls,Does not have boarders,1,No boarders,18/01/2024,24/7/2025 00:00:00,E09000007,Camden,E05013660,Haverstock,E14001290,Holborn and St Pancras,UN1,Urban: Nearer to a major town or city,E09000007,527781,184808,E02000171,Camden 006,E01000903,Camden 006E,H,London,6,None,Inter- / non- denominational,0,Not applicable,3,Independent schools,0,Not applicable,,,Not applicable,,,,0,Not applicable,,0,Not applicable,,Not applicable,,,Not applicable,,Not applicable,Not applicable,Not applicable,,,Not applicable
Heathside Preparatory School,202,Camden,999,,0,Not applicable,11,Other independent school,Not applicable,Not approved,2,Closed,19/09/1986,0,Not applicable,07/10/2026,2,Closure,100078,10070527,6360,,79,55,24,600,,,6,27,,,,,,,,,,,,,,,,,,Mrs,Sara,Williams-Ryan,Headteacher,5090648,Hampstead Schools Ltd,,84A Heath Street,Hampstead,London,London,,NW3 1DN,,www.heathsideschoolhampstead.com,,ISI,Not applicable,,,,2,Does not have a sixth form,Has Nursery Classes,2,16,2,No Special Classes,4,Non-selective,3,Mixed,Has boarders,1,No boarders,18/01/2024,23/7/2026 00:00:00,E09000007,Camden,E05013659,Hampstead Town,E14001265,Hampstead and Highgate,UN1,Urban: Nearer to a major town or city,E09000007,526506,185985,E02000167,Camden 002,E01000895,Camden 002C,H,London,6,None,None,0,Not applicable,3,Independent schools,0,Not applicable,,,Not applicable,,,,0,Not applicable,,0,Not applicable,,Not applicable,,,Not applicable,,Not applicable,Not applicable,Not applicable,,,Not applicable
Willoughby Hall School,202,Camden,999,,0,Not applicable,11,Other independent school,Not applicable,Not approved,2,Closed,,0,Not applicable,16/03/1999,0,Not applicable,100079,,6379,,,,,,,,,,,,,,,,,,,,,,,,,,,Mrs,C A,Segal,Headteacher,,,,1 Willoughby Road,Hampstead,,London,,NW3 1RP,,,,,Not applicable,,,,0,Not applicable,Not applicable,2,11,2,No Special Classes,2,Selective,3,Mixed,,1,No boarders,,07/09/2019 00:00,E09000007,Camden,E05000135,Hampstead Town,E14000727,Hampstead and Kilburn,A1,(England/Wales) Urban major conurbation,E09000007,526681,185700,E02000167,Camden 002,E01000894,Camden 002B,H,London,6,None,Roman Catholic,0,Not applicable,3,Independent schools,0,Not applicable,,,Not applicable,,,,0,Not applicable,,0,Not applicable,,Not applicable,,,Not applicable,,Not applicable,Not applicable,Not applicable,,,Not applicable
Devonshire House Preparatory School,202,Camden,999,,0,Not applicable,11,Other independent school,Not applicable,Not approved,1,Open,25/09/1989,0,Not applicable,,0,Not applicable,100080,10018772,6380,,430,265,165,685,,,3,48,,,,,,,,,,,,,,,,,,Mrs,Sinead,O'Brien,Headteacher,5084702,Dukes Education,,2,Arkwright road,Hampstead,London,,NW3 6AE,United Kingdom,http://www.devonshirehouseschool.co.uk/,2074351916,ISI,Not applicable,,,,2,Does not have a sixth form,Has Nursery Classes,2,13,2,No Special Classes,0,Not applicable,3,Mixed,Does not have boarders,1,No boarders,18/01/2024,23/9/2026 00:00:00,E09000007,Camden,E05013657,Frognal,E14001265,Hampstead and Highgate,UN1,Urban: Nearer to a major town or city,E09000007,526456,185413,E02000169,Camden 004,E01000879,Camden 004B,H,London,6,None,None,0,Not applicable,3,Independent schools,0,Not applicable,,,Not applicable,,,,0,Not applicable,,0,Not applicable,,Not applicable,,,Not applicable,,Not applicable,Not applicable,Not applicable,,,Not applicable
Broadhurst School,202,Camden,999,,0,Not applicable,11,Other independent school,Not applicable,Not approved,1,Open,03/04/1991,0,Not applicable,,0,Not applicable,100081,10070526,6384,,77,39,38,135,,,1,3,,,,,,,,,,,,,,,,,,Mrs,Paula,Flindall,Head Mistress,5013925,Brian Berkery,,19 Greencroft Gardens,,,London,,NW6 3LP,,www.broadhurstschool.com,2073284280,ISI,Not applicable,,,,2,Does not have a sixth form,Has Nursery Classes,2,5,2,No Special Classes,4,Non-selective,3,Mixed,Does not have boarders,1,No boarders,18/01/2024,22/9/2026 00:00:00,E09000007,Camden,E05013670,South Hampstead,E14001265,Hampstead and Highgate,UN1,Urban: Nearer to a major town or city,E09000007,526211,184422,E02000181,Camden 016,E01000962,Camden 016A,H,London,6,None,None,0,Not applicable,3,Independent schools,0,Not applicable,,,Not applicable,,,,0,Not applicable,,0,Not applicable,,Not applicable,,,Not applicable,,Not applicable,Not applicable,Not applicable,,,Not applicable
College Francais Bilingue De Londres,202,Camden,999,,0,Not applicable,11,Other independent school,Not applicable,Not approved,1,Open,18/02/1992,0,Not applicable,,0,Not applicable,100082,10035396,6385,,684,359,325,740,,,3,114,,,,,,,,,,,,,,,,,,Mr,David,Gassian,Headteacher,5004036,College  Francais Bilingue de Londres Limited,,87 Holmes Road,,Kentish Town,London,,NW5 3AX,,www.cfbl.org.uk,2079937400,Ofsted,Not applicable,,,,2,Does not have a sixth form,Has Nursery Classes,3,16,2,No Special Classes,4,Non-selective,3,Mixed,Does not have boarders,1,No boarders,18/01/2024,09/02/2026 00:00,E09000007,Camden,E05013664,Kentish Town South,E14001290,Holborn and St Pancras,UN1,Urban: Nearer to a major town or city,E09000007,528672,184981,E02000172,Camden 007,E01000922,Camden 007E,H,London,6,None,None,0,Not applicable,3,Independent schools,0,Not applicable,,,Not applicable,,,,0,Not applicable,,0,Not applicable,,Not applicable,,,Not applicable,,Not applicable,Not applicable,Not applicable,,,Not applicable
Royal School Hampstead,202,Camden,999,,0,Not applicable,11,Other independent school,Not applicable,Not approved,2,Closed,28/01/1986,0,Not applicable,24/04/2013,1,Result of Amalgamation/Merger,100083,,6386,,,,,272,,,2,44,,,,,,,,,,,,,,,,,,Ms,Jo,Ebner,Headteacher,5069754,Cognita Schoosl Ltd,,65 Rosslyn Hill,Hampstead,,London,,NW3 5UD,,,,ISI,Not applicable,,,,2,Does not have a sixth form,Has Nursery Classes,3,16,2,No Special Classes,0,Not applicable,2,Girls,Has boarders,3,Boarding school,,07/09/2019 00:00,E09000007,Camden,E05000135,Hampstead Town,E14000727,Hampstead and Kilburn,A1,(England/Wales) Urban major conurbation,E09000007,526640,185531,E02000167,Camden 002,E01000894,Camden 002B,H,London,2,Church of England,Christian,0,Not applicable,3,Independent schools,0,Not applicable,,,Not applicable,,,,0,Not applicable,,0,Not applicable,,Not applicable,,,Not applicable,,Not applicable,Not applicable,Not applicable,,,Not applicable
Hampstead Fine Arts College,202,Camden,999,,0,Not applicable,11,Other independent school,Not applicable,Not approved,1,Open,06/10/1992,0,Not applicable,,0,Not applicable,100084,10010605,6387,,187,56,131,240,,,13,14,,,,,,,,,,,,,,,,,,Ms,Emmy,Schwieters,Principal,5087787,Dukes Education,,Centre Studios,41-43 Englands Lane,Belsize Park,London,,NW3 4YD,,www.hampsteadfinearts.com,2075860312,ISI,Not applicable,,,,1,Has a sixth form,No Nursery Classes,13,19,2,No Special Classes,4,Non-selective,3,Mixed,Does not have boarders,1,No boarders,18/01/2024,24/8/2026 00:00:00,E09000007,Camden,E05013652,Belsize,E14001265,Hampstead and Highgate,UN1,Urban: Nearer to a major town or city,E09000007,527535,184578,E02000179,Camden 014,E01000845,Camden 014B,H,London,6,None,None,0,Not applicable,3,Independent schools,0,Not applicable,,,Not applicable,,,,0,Not applicable,,0,Not applicable,,Not applicable,,,Not applicable,,Not applicable,Not applicable,Not applicable,,,Not applicable
Davies's College,202,Camden,999,,0,Not applicable,11,Other independent school,Not applicable,Not approved,2,Closed,,0,Not applicable,09/08/1998,0,Not applicable,100085,,6388,,,,,,,,,,,,,,,,,,,,,,,,,,,Mrs,N A,Symmonds,Headteacher,5047476,,,25 Old Gloucester Street,Queen Square,,London,,WC1N 3AF,,,,,Not applicable,,,,0,Not applicable,Not applicable,14,19,2,No Special Classes,4,Non-selective,3,Mixed,,2,Children's home (Boarding school),,07/09/2019 00:00,E09000007,Camden,E05000138,Holborn and Covent Garden,E14000750,Holborn and St Pancras,A1,(England/Wales) Urban major conurbation,E09000007,530372,181878,E02000193,Camden 028,E01000914,Camden 028B,H,London,6,None,Church of England,0,Not applicable,3,Independent schools,0,Not applicable,,,Not applicable,,,,0,Not applicable,,0,Not applicable,,Not applicable,,,Not applicable,,Not applicable,Not applicable,Not applicable,,,Not applicable
Rainbow Montessori School,202,Camden,999,,0,Not applicable,11,Other independent school,Not applicable,Not approved,2,Closed,19/02/1993,0,Not applicable,19/07/2019,2,Closure,100086,10070525,6390,,39,23,16,114,0,0,0,4,,,,,,,,,,,,,,,,,,Ms,Sylvia,Peternell,Headteacher,5031474,Rainbow Montessori School Ltd,,13 Woodchurch Road,,,London,,NW6 3PL,,,,Ofsted,Not applicable,,,,2,Does not have a sixth form,Has Nursery Classes,3,12,2,No Special Classes,4,Non-selective,3,Mixed,Does not have boarders,1,No boarders,17/01/2019,19/2/2020 00:00:00,E09000007,Camden,E05000144,Swiss Cottage,E14000727,Hampstead and Kilburn,A1,(England/Wales) Urban major conurbation,E09000007,525526,184221,E02000181,Camden 016,E01000965,Camden 016C,H,London,6,None,None,0,Not applicable,3,Independent schools,0,Not applicable,,,Not applicable,,,,0,Not applicable,,0,Not applicable,,Not applicable,,,Not applicable,,Not applicable,Not applicable,Not applicable,,,Not applicable
The Mulberry House School,202,Camden,999,,0,Not applicable,11,Other independent school,Not applicable,Not approved,1,Open,06/09/1994,0,Not applicable,,0,Not applicable,100087,10070524,6392,,172,89,83,223,,,1,23,,,,,,,,,,,,,,,,,,Miss,Erika,Billmore,Headteacher,5024455,The Mulberry House School Ltd,,7 Minster Road,,,London,,NW2 3SD,United Kingdom,www.mulberryhouseschool.com,2084527340,ISI,Not applicable,,,,2,Does not have a sixth form,Has Nursery Classes,2,7,2,No Special Classes,4,Non-selective,3,Mixed,Does not have boarders,1,No boarders,18/01/2024,23/7/2026 00:00:00,E09000007,Camden,E05013656,Fortune Green,E14001265,Hampstead and Highgate,UN1,Urban: Nearer to a major town or city,E09000007,524389,185149,E02000170,Camden 005,E01000872,Camden 005B,H,London,6,None,None,0,Not applicable,3,Independent schools,0,Not applicable,,,Not applicable,,,,0,Not applicable,,0,Not applicable,,Not applicable,,,Not applicable,,Not applicable,Not applicable,Not applicable,,,Not applicable
UCS Pre-Prep,202,Camden,999,,0,Not applicable,11,Other independent school,Not applicable,Not approved,2,Closed,09/12/1994,0,Not applicable,31/12/2018,1,Result of Amalgamation/Merger,100088,10070523,6393,,100,91,9,127,,,0,10,,,,,,,,,,,,,Not applicable,,,,,Dr,Zoe,Dunn,Headteacher,5044048,,,36 College Crescent,,,London,,NW3 5LF,,,,ISI,Not applicable,,,,2,Does not have a sixth form,No Nursery Classes,4,7,2,No Special Classes,0,Not applicable,3,Mixed,Does not have boarders,1,No boarders,18/01/2018,07/09/2019 00:00,E09000007,Camden,E05000133,Frognal and Fitzjohns,E14000727,Hampstead and Kilburn,A1,(England/Wales) Urban major conurbation,E09000007,526485,184553,E02000173,Camden 008,E01000883,Camden 008C,H,London,6,None,None,0,Not applicable,3,Independent schools,0,Not applicable,,,Not applicable,,,,0,Not applicable,,0,Not applicable,,Not applicable,,,Not applicable,,Not applicable,Not applicable,Not applicable,,Not applicable,Not applicable
The New Learning Centre,202,Camden,999,,0,Not applicable,11,Other independent school,Not applicable,Not approved,2,Closed,,0,Not applicable,03/12/1998,0,Not applicable,100089,,6394,,,,,,,,,,,,,,,,,,,,,,,,,,,Mrs,C,Merton,Headteacher,,,,211 Sumatra Road,,,London,,NW6 1PF,,,,,Not applicable,,,,0,Not applicable,Not applicable,9,19,2,No Special Classes,4,Non-selective,3,Mixed,,1,No boarders,,07/09/2019 00:00,E09000007,Camden,E05000145,West Hampstead,E14000727,Hampstead and Kilburn,A1,(England/Wales) Urban major conurbation,E09000007,525479,184878,E02000175,Camden 010,E01000973,Camden 010E,H,London,6,None,None,0,Not applicable,3,Independent schools,0,Not applicable,,,Not applicable,,,,0,Not applicable,,0,Not applicable,,Not applicable,,,Not applicable,,Not applicable,Not applicable,Not applicable,,,Not applicable
Southbank International School Hampstead,202,Camden,999,,0,Not applicable,11,Other independent school,Not applicable,Not approved,1,Open,10/06/1995,0,Not applicable,,0,Not applicable,100090,10017663,6395,,133,72,61,224,,,0,44,,,,,,,,,,,,,,,,,,Mr,Stuart,Bain,Principal,5001728,Cognita Schools Ltd,,16 Netherhall Gardens,,,London,,NW3 5TH,,http://www.southbank.org/,2074311200,ISI,Not applicable,,,,2,Does not have a sixth form,Has Nursery Classes,2,11,2,No Special Classes,0,Not applicable,3,Mixed,Does not have boarders,1,No boarders,18/01/2024,24/9/2026 00:00:00,E09000007,Camden,E05013652,Belsize,E14001265,Hampstead and Highgate,UN1,Urban: Nearer to a major town or city,E09000007,526368,184950,E02000173,Camden 008,E01000881,Camden 008A,H,London,6,None,Inter- / non- denominational,0,Not applicable,3,Independent schools,0,Not applicable,,,Not applicable,,,,0,Not applicable,,0,Not applicable,,Not applicable,,,Not applicable,,Not applicable,Not applicable,Not applicable,,,Not applicable
Frank Barnes School for Deaf Children,202,Camden,999,,0,Not applicable,7,Community special school,Not applicable,Not applicable,1,Open,,0,Not applicable,,0,Not applicable,100091,10077052,7008,,40,18,22,35,19,47.5,,,,Yes,,,,,,,,,,,Not applicable,,,,,Mr,Dani,Sive,Headteacher,5172256,,,4 Wollstonecraft Street,Kings Cross,,London,,N1C 4BT,,www.fbarnes.camden.sch.uk,2073917040,,Not applicable,,,,0,Not applicable,Has Nursery Classes,2,11,1,Has Special Classes,0,Not applicable,3,Mixed,,1,No boarders,15/01/2026,29/6/2026 00:00:00,E09000007,Camden,E05013666,King's Cross,E14001290,Holborn and St Pancras,UN1,Urban: Nearer to a major town or city,E09000007,530000,183795,E02000187,Camden 022,E01035708,Camden 022F,H,London,0,Does not apply,Does not apply,0,Not applicable,5,Special schools,0,Not applicable,,,Not under a federation,,,,0,Not applicable,,0,Not applicable,,Not applicable,,,Not applicable,,Not applicable,Not applicable,Not applicable,,,Not applicable
Harmood School,202,Camden,999,,0,Not applicable,7,Community special school,Not applicable,Not applicable,1,Open,,0,Not applicable,,0,Not applicable,100092,10015123,7137,,36,25,11,35,26,72.2,,,,,,,Yes,,,,,,,,,,,,,Ms,Debbie,Man,Headteacher,5009077,,,Harmood Street,Camden,,London,,NW1 8DP,,http://harmood.h3federation.org.uk/,2079743953,,Not applicable,,,,0,Not applicable,Not applicable,11,16,1,Has Special Classes,0,Not applicable,3,Mixed,,1,No boarders,15/01/2026,14/9/2026 00:00:00,E09000007,Camden,E05013660,Haverstock,E14001290,Holborn and St Pancras,UN1,Urban: Nearer to a major town or city,E09000007,528612,184451,E02000177,Camden 012,E01000904,Camden 012C,H,London,0,Does not apply,Does not apply,0,Not applicable,5,Special schools,0,Not applicable,,,Supported by a federation,17669,H3 Federation,,0,Not applicable,,0,Not applicable,,Not applicable,,,Not applicable,,Not applicable,Not applicable,Not applicable,,,Not applicable
Jack Taylor School,202,Camden,999,,0,Not applicable,7,Community special school,Not applicable,Not applicable,2,Closed,,0,Not applicable,02/01/2012,1,Result of Amalgamation/Merger,100093,10016043,7185,,,,,,,,,,,,,,,,,,Yes,,,,,,,,,Mr,Stephen,Smith,Headteacher,5090694,,,Ainsworth Way,,,London,,NW8 0SR,,,,,Not applicable,,,,1,Has a sixth form,Not applicable,5,19,1,Has Special Classes,0,Not applicable,3,Mixed,,1,No boarders,,14/11/2018 00:00:00,E09000007,Camden,E05000140,Kilburn,E14000727,Hampstead and Kilburn,A1,(England/Wales) Urban major conurbation,E09000007,526234,183905,E02000185,Camden 020,E01000934,Camden 020D,H,London,0,Does not apply,Does not apply,0,Not applicable,5,Special schools,0,Not applicable,,,Not under a federation,,,,0,Not applicable,,0,Not applicable,,Not applicable,,,Not applicable,,Not applicable,Not applicable,Not applicable,,,Not applicable
Royal Free Hospital Children's School,202,Camden,999,,0,Not applicable,7,Community special school,Not applicable,Not applicable,1,Open,,0,Not applicable,,0,Not applicable,100094,10017496,7201,,48,16,32,,,,,,,,,,,,,,,,,,,,,,,Mr,David,Wilson,Headteacher,5087826,,,Floor 6 - 6 West B,Pond Street,,London,,NW3 2QG,,http://www.royalfree.camden.sch.uk/,2038384740,,Not applicable,,,,2,Does not have a sixth form,Not applicable,5,16,1,Has Special Classes,0,Not applicable,3,Mixed,,1,No boarders,15/01/2026,29/6/2026 00:00:00,E09000007,Camden,E05013658,Gospel Oak,E14001265,Hampstead and Highgate,UN1,Urban: Nearer to a major town or city,E09000007,527297,185410,E02000173,Camden 008,E01000898,Camden 008E,H,London,0,Does not apply,Does not apply,0,Not applicable,5,Special schools,0,Not applicable,,,Not under a federation,,,,0,Not applicable,,0,Not applicable,,Not applicable,,,Not applicable,,Not applicable,Not applicable,Not applicable,,,Not applicable
Penn School,202,Camden,999,,0,Not applicable,7,Community special school,Not applicable,Not applicable,2,Closed,,0,Not applicable,19/12/2001,0,Not applicable,100095,,7204,,,,,,,,,,,Yes,Yes,,,,,,,,,,,,,,,Mr,C A,Jones,Headteacher,10000170261,,,Church Road,Penn,,High Wycombe,Buckinghamshire,HP10 8LZ,,,,,Not applicable,,,,0,Not applicable,Not applicable,5,16,1,Has Special Classes,0,Not applicable,3,Mixed,,1,No boarders,,14/11/2018 00:00:00,E07000007,Wycombe,E05002701,Tylers Green and Loudwater,E14001056,Wycombe,C1,(England/Wales) Urban city and town,E09000007,490670,193438,E02003704,Buckinghamshire 045,E01017937,Buckinghamshire 045A,H,London,0,Does not apply,Does not apply,0,Not applicable,5,Special schools,0,Not applicable,,,Not under a federation,,,,0,Not applicable,,0,Not applicable,,Not applicable,,,Not applicable,,Not applicable,Not applicable,Not applicable,,,Not applicable
Swiss Cottage School - Development & Research Centre,202,Camden,999,,0,Not applicable,7,Community special school,Not applicable,Not applicable,1,Open,,0,Not applicable,,0,Not applicable,100096,10017655,7205,,264,191,73,260,138,62.2,,,,,Yes,Yes,,,,,Yes,Yes,,,Not applicable,,,,,Ms,Syra,Sowe,Principal,5128973,,,80 Avenue Road,,,London,,NW8 6HX,,www.swisscottage.camden.sch.uk,2076818080,,Not applicable,,,,1,Has a sixth form,No Nursery Classes,4,19,1,Has Special Classes,0,Not applicable,3,Mixed,,1,No boarders,15/01/2026,29/6/2026 00:00:00,E09000007,Camden,E05013667,Primrose Hill,E14001265,Hampstead and Highgate,UN1,Urban: Nearer to a major town or city,E09000007,526914,184029,E02000182,Camden 017,E01000963,Camden 017C,H,London,0,Does not apply,Does not apply,0,Not applicable,5,Special schools,0,Not applicable,,,Not under a federation,,,,0,Not applicable,,0,Not applicable,,Not applicable,,,Not applicable,,Not applicable,Not applicable,Not applicable,,,Not applicable
Rachel McMillan Nursery School and Children's Centre,203,Greenwich,999,,1,Nursery,15,Local authority nursery school,Not applicable,Not applicable,1,Open,,0,Not applicable,,0,Not applicable,100097,,1001,,123,64,59,,2,4.7,,,,,,,,,,,,,,,,,,,,Ms,Nicola,Metcalfe,Headteacher,10023231343,,,McMillan Street,Deptford,,London,,SE8 3EH,,www.rachelmcmillannursery.co.uk,2086924041,,Not applicable,,,,0,Not applicable,Has Nursery Classes,2,5,0,Not applicable,0,Not applicable,3,Mixed,,1,No boarders,15/01/2026,29/6/2026 00:00:00,E09000011,Greenwich,E05014080,Greenwich Creekside,E14001257,Greenwich and Woolwich,UN1,Urban: Nearer to a major town or city,E09000011,537362,177674,E02006928,Greenwich 035,E01033727,Greenwich 035B,H,London,0,Does not apply,Does not apply,0,Not applicable,4,Local authority maintained schools,0,Not applicable,,,Not under a federation,,,,0,Not applicable,,0,Not applicable,,Not applicable,,,Not applicable,,Not applicable,Not applicable,Not applicable,,,Not applicable
Pound Park Nursery School,203,Greenwich,999,,1,Nursery,15,Local authority nursery school,Not applicable,Not applicable,1,Open,,0,Not applicable,,0,Not applicable,100098,,1006,,137,71,66,,9,14.8,,,,,,,,,,,,,,,,,,,,Mrs,Solin,Flash,Headteacher,1.00E+11,,,Pound Park Road,Charlton,,London,,SE7 8AF,,http://www.poundparknursery.co.uk/,2088581791,,Not applicable,,,,0,Not applicable,Has Nursery Classes,2,4,0,Not applicable,0,Not applicable,3,Mixed,,1,No boarders,15/01/2026,09/01/2026 00:00,E09000011,Greenwich,E05014075,Charlton Village & Riverside,E14001257,Greenwich and Woolwich,UN1,Urban: Nearer to a major town or city,E09000011,541837,178429,E02000324,Greenwich 012,E01001589,Greenwich 012B,H,London,0,Does not apply,Does not apply,0,Not applicable,4,Local authority maintained schools,0,Not applicable,,,Not under a federation,,,,0,Not applicable,,0,Not applicable,,Not applicable,,,Not applicable,,Not applicable,Not applicable,Not applicable,,,Not applicable
Abbey Wood Nursery School,203,Greenwich,999,,1,Nursery,15,Local authority nursery school,Not applicable,Not applicable,1,Open,,0,Not applicable,,0,Not applicable,100099,,1016,,115,58,57,,7,13.7,,,,,,,,,,,,,,,,,,,,Mrs,Gillian,Crowley,Headteacher,1.00E+11,,,Dahlia Road,,Abbey Wood,London,,SE2 0SX,,http://abbeywoodnurseryschool.co.uk/,2083110619,,Not applicable,,,,0,Not applicable,Has Nursery Classes,2,5,0,Not applicable,0,Not applicable,3,Mixed,,1,No boarders,15/01/2026,17/9/2026 00:00:00,E09000011,Greenwich,E05014072,Abbey Wood,E14001229,Erith and Thamesmead,UN1,Urban: Nearer to a major town or city,E09000011,546762,178508,E02000320,Greenwich 008,E01001574,Greenwich 008D,H,London,0,Does not apply,Does not apply,0,Not applicable,4,Local authority maintained schools,0,Not applicable,,,Not under a federation,,,,0,Not applicable,,0,Not applicable,,Not applicable,,,Not applicable,,Not applicable,Not applicable,Not applicable,,,Not applicable
Woolwich Common Nursery School,203,Greenwich,999,,1,Nursery,15,Local authority nursery school,Not applicable,Not applicable,2,Closed,,0,Not applicable,31/03/2004,5,Close Nursery School,100100,,1017,,,,,,,,,,,,,,,,,,,,,,,,,,,Mrs,J,Cowell,Headteacher,,,,Woolwich Common,,,London,,SE18 4DJ,,,,,Not applicable,,,,0,Not applicable,Not applicable,3,5,0,Not applicable,0,Not applicable,3,Mixed,,1,No boarders,,14/11/2018 00:00:00,E09000011,Greenwich,E05000229,Woolwich Common,E14000718,Greenwich and Woolwich,A1,(England/Wales) Urban major conurbation,E09000011,543130,177700,E02000327,Greenwich 015,E01001701,Greenwich 015C,H,London,0,Does not apply,Does not apply,0,Not applicable,4,Local authority maintained schools,0,Not applicable,,,Not under a federation,,,,0,Not applicable,,0,Not applicable,,Not applicable,,,Not applicable,,Not applicable,Not applicable,Not applicable,,,Not applicable
Cyril Henry Nursery School,203,Greenwich,999,,1,Nursery,15,Local authority nursery school,Not applicable,Not applicable,2,Closed,,0,Not applicable,04/01/2004,5,Close Nursery School,100101,,1018,,,,,,,,,,,,,,,,,,,,,,,,,,,Mrs,Merryl,Silsby,Headteacher,,,,57 St Mary Street,Woolwich,,London,,SE18 5AP,,,,,Not applicable,,,,0,Not applicable,Not applicable,3,5,0,Not applicable,0,Not applicable,3,Mixed,,1,No boarders,,14/11/2018 00:00:00,E09000011,Greenwich,E05000230,Woolwich Riverside,E14000718,Greenwich and Woolwich,A1,(England/Wales) Urban major conurbation,E09000011,543058,179008,E02000316,Greenwich 004,E01033737,Greenwich 042B,H,London,0,Does not apply,Does not apply,0,Not applicable,4,Local authority maintained schools,0,Not applicable,,,Not under a federation,,,,0,Not applicable,,0,Not applicable,,Not applicable,,,Not applicable,,Not applicable,Not applicable,Not applicable,,,Not applicable
Robert Owen Nursery School,203,Greenwich,999,,1,Nursery,15,Local authority nursery school,Not applicable,Not applicable,1,Open,,0,Not applicable,,0,Not applicable,100102,,1022,,135,71,64,,4,9.3,,,,,,,,,,,,,,,,,,,,Miss,Jo,Graham,Headteacher,2.00E+11,,,43 Commerell Street,Greenwich,,London,,SE10 0EA,,www.robertowenearlyyears.org.uk,2088580529,,Not applicable,,,,0,Not applicable,Has Nursery Classes,2,4,0,Not applicable,0,Not applicable,3,Mixed,,1,No boarders,15/01/2026,29/6/2026 00:00:00,E09000011,Greenwich,E05014076,East Greenwich,E14001257,Greenwich and Woolwich,UN1,Urban: Nearer to a major town or city,E09000011,539393,178453,E02006930,Greenwich 037,E01034183,Greenwich 037E,H,London,0,Does not apply,Does not apply,0,Not applicable,4,Local authority maintained schools,0,Not applicable,,,Not under a federation,,,,0,Not applicable,,0,Not applicable,,Not applicable,,,Not applicable,,Not applicable,Not applicable,Not applicable,,,Not applicable
Newhaven Pupil Referral Unit,203,Greenwich,999,,0,Not applicable,14,Pupil referral unit,Not applicable,Not applicable,1,Open,,0,Not applicable,,0,Not applicable,100103,10016844,1101,,207,122,85,,76,42.7,,,,,,,,,,,,,,,,,,,,Ms,Amanda,Steenkamp,Headteacher,10010233365,,,Newhaven Gardens,Eltham,Greenwich,London,,SE9 6HR,,www.newhavenschool.co.uk,2088593114,,Not applicable,,,,1,Has a sixth form,Not applicable,11,19,0,Not applicable,0,Not applicable,3,Mixed,,1,No boarders,15/01/2026,09/10/2026 00:00,E09000011,Greenwich,E05014077,Eltham Page,E14001223,Eltham and Chislehurst,UN1,Urban: Nearer to a major town or city,E09000011,541731,175472,E02000337,Greenwich 025,E01001625,Greenwich 025E,H,London,0,Does not apply,Does not apply,0,Not applicable,4,Local authority maintained schools,0,Not applicable,,,Not applicable,,,,0,Not applicable,,0,Not applicable,,Not applicable,,,Does not provide places for Teen Mothers,,Does not have child care facilities,PRU Does have Provision for SEN,PRU Does have EBD provision,,PRU offers full time provision,PRU does offer tuition by another provider
Briset Centre,203,Greenwich,999,,0,Not applicable,14,Pupil referral unit,Not applicable,Not applicable,2,Closed,,0,Not applicable,25/09/1995,0,Not applicable,100104,,1102,,,,,,,,,,,,,,,,,,,,,,,,,,,,,,Headteacher,,,,Briset School,Briset,,London,,SE9 6HN,,,,,Not applicable,,,,0,Not applicable,Not applicable,5,18,0,Not applicable,0,Not applicable,3,Mixed,,1,No boarders,,24/9/2015 00:00:00,E09000011,Greenwich,E05000220,Eltham West,E14000690,Eltham,A1,(England/Wales) Urban major conurbation,E09000011,541763,175533,E02000337,Greenwich 025,E01001625,Greenwich 025E,H,London,0,Does not apply,Does not apply,0,Not applicable,4,Local authority maintained schools,0,Not applicable,,,Not applicable,,,,0,Not applicable,,0,Not applicable,,Not applicable,,,Not applicable,,Not applicable,Not applicable,Not applicable,,,Not applicable
Foxhill Centre,203,Greenwich,999,,0,Not applicable,14,Pupil referral unit,Not applicable,Not applicable,2,Closed,,0,Not applicable,25/09/1995,0,Not applicable,100105,,1103,,,,,,,,,,,,,,,,,,,,,,,,,,,,,,Headteacher,,,,Plumstead Common Road,,,London,,SE18 3AT,,,,,Not applicable,,,,0,Not applicable,Not applicable,5,18,0,Not applicable,0,Not applicable,3,Mixed,,1,No boarders,,24/9/2015 00:00:00,E09000011,Greenwich,E05000229,Woolwich Common,E14000718,Greenwich and Woolwich,A1,(England/Wales) Urban major conurbation,E09000011,543979,177956,E02000323,Greenwich 011,E01001700,Greenwich 011D,H,London,0,Does not apply,Does not apply,0,Not applicable,4,Local authority maintained schools,0,Not applicable,,,Not applicable,,,,0,Not applicable,,0,Not applicable,,Not applicable,,,Not applicable,,Not applicable,Not applicable,Not applicable,,,Not applicable
Kings Park Centre,203,Greenwich,999,,0,Not applicable,14,Pupil referral unit,Not applicable,Not applicable,2,Closed,,0,Not applicable,25/09/1995,0,Not applicable,100106,,1104,,,,,,,,,,,,,,,,,,,,,,,,,,,,,,Headteacher,,,,131 Eltham Palace Road,,,London,,SE9 5LX,,,,,Not applicable,,,,0,Not applicable,Not applicable,5,18,0,Not applicable,0,Not applicable,3,Mixed,,1,No boarders,,24/9/2015 00:00:00,E09000011,Greenwich,E05000224,Middle Park and Sutcliffe,E14000690,Eltham,A1,(England/Wales) Urban major conurbation,E09000011,541639,174217,E02000341,Greenwich 029,E01001661,Greenwich 029E,H,London,0,Does not apply,Does not apply,0,Not applicable,4,Local authority maintained schools,0,Not applicable,,,Not applicable,,,,0,Not applicable,,0,Not applicable,,Not applicable,,,Not applicable,,Not applicable,Not applicable,Not applicable,,,Not applicable
Westcombe Centre,203,Greenwich,999,,0,Not applicable,14,Pupil referral unit,Not applicable,Not applicable,2,Closed,,0,Not applicable,25/09/1995,0,Not applicable,100107,,1105,,,,,,,,,,,,,,,,,,,,,,,,,,,,,,Headteacher,,,,Annandale Road,,,London,,SE10 0JY,,,,,Not applicable,,,,0,Not applicable,Not applicable,5,18,0,Not applicable,0,Not applicable,3,Mixed,,1,No boarders,,24/9/2015 00:00:00,E09000011,Greenwich,E05000225,Peninsula,E14000718,Greenwich and Woolwich,A1,(England/Wales) Urban major conurbation,E09000011,539778,178137,E02006930,Greenwich 037,E01001665,Greenwich 037C,H,London,0,Does not apply,Does not apply,0,Not applicable,4,Local authority maintained schools,0,Not applicable,,,Not applicable,,,,0,Not applicable,,0,Not applicable,,Not applicable,,,Not applicable,,Not applicable,Not applicable,Not applicable,,,Not applicable
Greenacres Tutorial Class,203,Greenwich,999,,0,Not applicable,14,Pupil referral unit,Not applicable,Not applicable,2,Closed,,0,Not applicable,09/01/1994,0,Not applicable,100108,,1106,,,,,,,,,,,,,,,,,,,,,,,,,,,,,,Headteacher,,,,C/O Greenacres School,Witherston Way,,London,,SE9 3JN,,,,,Not applicable,,,,0,Not applicable,Not applicable,5,18,0,Not applicable,0,Not applicable,3,Mixed,,1,No boarders,,24/9/2015 00:00:00,E09000011,Greenwich,E05000217,Coldharbour and New Eltham,E14000690,Eltham,A1,(England/Wales) Urban major conurbation,E09000011,543070,172575,E02000343,Greenwich 031,E01001602,Greenwich 031C,H,London,0,Does not apply,Does not apply,0,Not applicable,4,Local authority maintained schools,0,Not applicable,,,Not applicable,,,,0,Not applicable,,0,Not applicable,,Not applicable,,,Not applicable,,Not applicable,Not applicable,Not applicable,,,Not applicable
Alexander McLeod Junior School,203,Greenwich,999,,2,Primary,1,Community school,Not applicable,Not applicable,2,Closed,,0,Not applicable,31/12/1998,0,Not applicable,100109,,2005,,,,,,,,,,,,,,,,,,,,,,,,,,,Mr,L P,Cawthorne,Headteacher,,,,Fuchsia Street,Abbey Wood,,London,,SE2 0QS,,,,,Not applicable,,,,0,Not applicable,No Nursery Classes,7,11,2,No Special Classes,0,Not applicable,3,Mixed,,1,No boarders,,14/11/2018 00:00:00,E09000011,Greenwich,E05000214,Abbey Wood,E14000696,Erith and Thamesmead,A1,(England/Wales) Urban major conurbation,E09000011,546854,178507,E02000320,Greenwich 008,E01001571,Greenwich 008A,H,London,0,Does not apply,Does not apply,0,Not applicable,4,Local authority maintained schools,0,Not applicable,,,Not under a federation,,,,0,Not applicable,,0,Not applicable,,Not applicable,,,Not applicable,,Not applicable,Not applicable,Not applicable,,,Not applicable
Alexander McLeod Infant School,203,Greenwich,999,,2,Primary,1,Community school,Not applicable,Not applicable,2,Closed,,0,Not applicable,31/12/1998,0,Not applicable,100110,,2006,,,,,,,,,,,,,,,,,,,,,,,,,,,Mrs,L,Pratt,Headteacher,1.00E+11,,,Fuchsia Street,Bostall Lane,,London,,SE2 0QS,,,,,Not applicable,,,,0,Not applicable,No Nursery Classes,5,7,2,No Special Classes,0,Not applicable,3,Mixed,,1,No boarders,,14/11/2018 00:00:00,E09000011,Greenwich,E05000214,Abbey Wood,E14000696,Erith and Thamesmead,A1,(England/Wales) Urban major conurbation,E09000011,546803,178377,E02000320,Greenwich 008,E01001571,Greenwich 008A,H,London,0,Does not apply,Does not apply,0,Not applicable,4,Local authority maintained schools,0,Not applicable,,,Not under a federation,,,,0,Not applicable,,0,Not applicable,,Not applicable,,,Not applicable,,Not applicable,Not applicable,Not applicable,,,Not applicable
Millennium Primary School,203,Greenwich,999,,2,Primary,1,Community school,Not applicable,Not applicable,2,Closed,,0,Not applicable,31/08/2016,10,Academy Converter,100111,,2018,,,,,450,,,,,,,,Yes,,,,,,,,,Resourced provision,,,,,Ms,Joanna,Gledhill,Head of School,10010215866,,,50 John Harrison Way,Greenwich,,London,,SE10 0BG,,,,,Not applicable,,,,2,Does not have a sixth form,Has Nursery Classes,3,11,1,Has Special Classes,0,Not applicable,3,Mixed,,1,No boarders,,15/10/2018 00:00:00,E09000011,Greenwich,E05000225,Peninsula,E14000718,Greenwich and Woolwich,A1,(England/Wales) Urban major conurbation,E09000011,539725,179099,E02006929,Greenwich 036,E01033732,Greenwich 041E,H,London,0,Does not apply,Does not apply,0,Not applicable,4,Local authority maintained schools,0,Not applicable,,,Not under a federation,,,,0,Not applicable,,0,Not applicable,,Not applicable,,,Not applicable,,Not applicable,Not applicable,Not applicable,,,Not applicable
Alderwood Primary School,203,Greenwich,999,,2,Primary,1,Community school,Not applicable,Not applicable,2,Closed,,0,Not applicable,30/06/2017,10,Academy Converter,100112,,2024,,225,110,115,250,60,30.5,,,,,,Yes,,,,,,,,,Resourced provision,,,,,Mrs,Joanne,Gordon,Executive Headteacher,,,,Rainham Close,Eltham,,London,,SE9 2JH,,,,,Not applicable,,,,2,Does not have a sixth form,Has Nursery Classes,3,11,2,No Special Classes,0,Not applicable,3,Mixed,,1,No boarders,19/01/2017,15/10/2018 00:00:00,E09000011,Greenwich,E05000219,Eltham South,E14000690,Eltham,A1,(England/Wales) Urban major conurbation,E09000011,545054,174230,E02000342,Greenwich 030,E01033729,Greenwich 030E,H,London,0,Does not apply,Does not apply,0,Not applicable,4,Local authority maintained schools,0,Not applicable,,,Not under a federation,,,,0,Not applicable,,0,Not applicable,,Not applicable,,,Not applicable,,Not applicable,Not applicable,Not applicable,,,Not applicable
Bannockburn Primary School,203,Greenwich,999,,2,Primary,1,Community school,Not applicable,Not applicable,2,Closed,,0,Not applicable,31/10/2023,10,Academy Converter,100113,10078056,2028,,886,468,418,892,160,19.2,,,,,,,,,,,,,,,,,,,,Mrs,Rachel,Ford,Headteacher,10010194247,,,Plumstead High Street,,,London,,SE18 1HE,,,,,Not applicable,,,,2,Does not have a sixth form,Has Nursery Classes,3,11,2,No Special Classes,0,Not applicable,3,Mixed,,1,No boarders,19/01/2023,31/10/2023 00:00:00,E09000011,Greenwich,E05014087,Plumstead & Glyndon,E14000696,Erith and Thamesmead,A1,(England/Wales) Urban major conurbation,E09000011,545529,178546,E02000318,Greenwich 006,E01001673,Greenwich 006B,H,London,0,Does not apply,Does not apply,0,Not applicable,4,Local authority maintained schools,0,Not applicable,,,Not under a federation,,,,0,Not applicable,,0,Not applicable,,Not applicable,,,Not applicable,,Not applicable,Not applicable,Not applicable,,,Not applicable
Morden Mount Primary School,203,Greenwich,999,,2,Primary,1,Community school,Not applicable,Not applicable,1,Open,,0,Not applicable,,0,Not applicable,100114,10078055,2071,,383,206,177,450,131,36.3,,,,,,,,,,,,,,,,,,,,Mr,Stephen,Harris,Executive Headteacher,1.00E+11,,,Lewisham Road,,,London,,SE13 7QP,,www.mordenmount.greenwich.sch.uk/,2086922920,,Not applicable,,,,2,Does not have a sixth form,Has Nursery Classes,3,11,2,No Special Classes,0,Not applicable,3,Mixed,,1,No boarders,15/01/2026,09/09/2026 00:00,E09000011,Greenwich,E05014081,Greenwich Park,E14001257,Greenwich and Woolwich,UN1,Urban: Nearer to a major town or city,E09000011,538003,176437,E02006931,Greenwich 038,E01001638,Greenwich 038A,H,London,0,Does not apply,Does not apply,0,Not applicable,4,Local authority maintained schools,0,Not applicable,,,Not under a federation,,,,0,Not applicable,,0,Not applicable,,Not applicable,,,Not applicable,,Not applicable,Not applicable,Not applicable,,,Not applicable
Cherry Orchard Primary School,203,Greenwich,999,,2,Primary,1,Community school,Not applicable,Not applicable,1,Open,,0,Not applicable,,0,Not applicable,100115,10078054,2106,,174,102,72,210,77,44.3,,,,,,,,,,,,,,,,,,,,Mrs,Maria,Hill,Headteacher,1.00E+11,,,Rectory Field Crescent,Marlborough Lane,,London,,SE7 7DG,,www.cherryorchardschool.org.uk,2088566766,,Not applicable,,,,2,Does not have a sixth form,No Nursery Classes,4,11,2,No Special Classes,0,Not applicable,3,Mixed,,1,No boarders,15/01/2026,29/6/2026 00:00:00,E09000011,Greenwich,E05014074,Charlton Hornfair,E14001257,Greenwich and Woolwich,UN1,Urban: Nearer to a major town or city,E09000011,541222,177219,E02000324,Greenwich 012,E01001595,Greenwich 012D,H,London,0,Does not apply,Does not apply,0,Not applicable,4,Local authority maintained schools,0,Not applicable,,,Supported by a federation,17708,Acorn Federation Greenwich,,0,Not applicable,,0,Not applicable,,Not applicable,,,Not applicable,,Not applicable,Not applicable,Not applicable,,,Not applicable
Conway Junior School,203,Greenwich,999,,2,Primary,1,Community school,Not applicable,Not applicable,2,Closed,,0,Not applicable,31/12/2000,0,Not applicable,100116,,2125,,,,,,,,,,,,,,,,,,,,,,,,,,,Mr,B,Dickens,Headteacher,,,,Gallosson Road,Plumstead High Street,,London,,SE18 1QY,,,,,Not applicable,,,,0,Not applicable,No Nursery Classes,7,11,2,No Special Classes,0,Not applicable,3,Mixed,,1,No boarders,,14/11/2018 00:00:00,E09000011,Greenwich,E05000226,Plumstead,E14000696,Erith and Thamesmead,A1,(England/Wales) Urban major conurbation,E09000011,545170,178615,E02000318,Greenwich 006,E01001675,Greenwich 006D,H,London,0,Does not apply,Does not apply,0,Not applicable,4,Local authority maintained schools,0,Not applicable,,,Not under a federation,,,,0,Not applicable,,0,Not applicable,,Not applicable,,,Not applicable,,Not applicable,Not applicable,Not applicable,,,Not applicable
Conway Infant School,203,Greenwich,999,,2,Primary,1,Community school,Not applicable,Not applicable,2,Closed,,0,Not applicable,31/12/2000,0,Not applicable,100117,,2126,,,,,,,,,,,,,,,,,,,,,,,,,,,Ms,H,Flaherty,Headteacher,,,,Gallosson Road,,,London,,SE18 1QY,,,,,Not applicable,,,,0,Not applicable,Has Nursery Classes,3,7,2,No Special Classes,0,Not applicable,3,Mixed,,1,No boarders,,14/11/2018 00:00:00,E09000011,Greenwich,E05000226,Plumstead,E14000696,Erith and Thamesmead,A1,(England/Wales) Urban major conurbation,E09000011,545112,178560,E02000318,Greenwich 006,E01001675,Greenwich 006D,H,London,0,Does not apply,Does not apply,0,Not applicable,4,Local authority maintained schools,0,Not applicable,,,Not under a federation,,,,0,Not applicable,,0,Not applicable,,Not applicable,,,Not applicable,,Not applicable,Not applicable,Not applicable,,,Not applicable
Deansfield Junior School,203,Greenwich,999,,2,Primary,1,Community school,Not applicable,Not applicable,2,Closed,,0,Not applicable,31/08/2001,0,Not applicable,100118,,2155,,,,,,,,,,,,,,,,,,,,,,,,,,,Mrs,C A,Warnke,Headteacher,,,,Rochester Way,Eltham,,London,,SE9 1RD,,,,,Not applicable,,,,0,Not applicable,No Nursery Classes,7,11,2,No Special Classes,0,Not applicable,3,Mixed,,1,No boarders,,14/11/2018 00:00:00,E09000011,Greenwich,E05000218,Eltham North,E14000690,Eltham,A1,(England/Wales) Urban major conurbation,E09000011,543387,175634,E02000335,Greenwich 023,E01001605,Greenwich 023A,H,London,0,Does not apply,Does not apply,0,Not applicable,4,Local authority maintained schools,0,Not applicable,,,Not under a federation,,,,0,Not applicable,,0,Not applicable,,Not applicable,,,Not applicable,,Not applicable,Not applicable,Not applicable,,,Not applicable
Deansfield Infant School,203,Greenwich,999,,2,Primary,1,Community school,Not applicable,Not applicable,2,Closed,,0,Not applicable,31/08/2001,0,Not applicable,100119,,2156,,,,,,,,,,,,,,,,,,,,,,,,,,,Mrs,R,Smith,Headteacher,,,,Rochester Way,Eltham,,London,,SE9 1RD,,,,,Not applicable,,,,0,Not applicable,Has Nursery Classes,3,7,2,No Special Classes,0,Not applicable,3,Mixed,,1,No boarders,,14/11/2018 00:00:00,E09000011,Greenwich,E05000218,Eltham North,E14000690,Eltham,A1,(England/Wales) Urban major conurbation,E09000011,543387,175634,E02000335,Greenwich 023,E01001605,Greenwich 023A,H,London,0,Does not apply,Does not apply,0,Not applicable,4,Local authority maintained schools,0,Not applicable,,,Not under a federation,,,,0,Not applicable,,0,Not applicable,,Not applicable,,,Not applicable,,Not applicable,Not applicable,Not applicable,,,Not applicable
Ealdham Primary School,203,Greenwich,999,,2,Primary,1,Community school,Not applicable,Not applicable,1,Open,,0,Not applicable,,0,Not applicable,100120,10077180,2174,,455,225,230,520,177,42.5,,,,,,,,,,,,,,,Not applicable,,,,,Mr,Christian,York,Headteacher,1.00E+11,,,Ealdham Square,Eltham,,London,,SE9 6BP,,www.ealdhamprimary.org.uk,2088505484,,Not applicable,,,,2,Does not have a sixth form,Has Nursery Classes,3,11,2,No Special Classes,0,Not applicable,3,Mixed,,1,No boarders,15/01/2026,09/07/2026 00:00,E09000011,Greenwich,E05014077,Eltham Page,E14001223,Eltham and Chislehurst,UN1,Urban: Nearer to a major town or city,E09000011,541517,175119,E02006927,Greenwich 034,E01034176,Greenwich 034H,H,London,0,Does not apply,Does not apply,0,Not applicable,4,Local authority maintained schools,0,Not applicable,,,Not under a federation,,,,0,Not applicable,,0,Not applicable,,Not applicable,,,Not applicable,,Not applicable,Not applicable,Not applicable,,,Not applicable
South Rise Junior School,203,Greenwich,999,,2,Primary,1,Community school,Not applicable,Not applicable,2,Closed,,0,Not applicable,04/01/1997,0,Not applicable,100121,,2178,,,,,,,,,,,,,,,,,,,,,,,,,,,,,,Headteacher,10010203419,,,Brewery Road,,,London,,SE18 7PX,,,,,Not applicable,,,,0,Not applicable,No Nursery Classes,7,11,2,No Special Classes,0,Not applicable,3,Mixed,,1,No boarders,,24/9/2015 00:00:00,E09000011,Greenwich,E05000221,Glyndon,E14000718,Greenwich and Woolwich,A1,(England/Wales) Urban major conurbation,E09000011,544595,178418,E02000319,Greenwich 007,E01001632,Greenwich 007C,H,London,0,Does not apply,Does not apply,0,Not applicable,4,Local authority maintained schools,0,Not applicable,,,Not under a federation,,,,0,Not applicable,,0,Not applicable,,Not applicable,,,Not applicable,,Not applicable,Not applicable,Not applicable,,,Not applicable
South Rise Infant School,203,Greenwich,999,,2,Primary,1,Community school,Not applicable,Not applicable,2,Closed,,0,Not applicable,04/01/1997,0,Not applicable,100122,,2179,,,,,,,,,,,,,,,,,,,,,,,,,,,,,,Headteacher,10010203419,,,Brewery Road,Plumstead,,London,,SE18 7PX,,,,,Not applicable,,,,0,Not applicable,Has Nursery Classes,5,7,2,No Special Classes,0,Not applicable,3,Mixed,,1,No boarders,,14/11/2018 00:00:00,E09000011,Greenwich,E05000221,Glyndon,E14000718,Greenwich and Woolwich,A1,(England/Wales) Urban major conurbation,E09000011,544595,178418,E02000319,Greenwich 007,E01001632,Greenwich 007C,H,London,0,Does not apply,Does not apply,0,Not applicable,4,Local authority maintained schools,0,Not applicable,,,Not under a federation,,,,0,Not applicable,,0,Not applicable,,Not applicable,,,Not applicable,,Not applicable,Not applicable,Not applicable,,,Not applicable
Eglinton Junior School,203,Greenwich,999,,2,Primary,1,Community school,Not applicable,Not applicable,2,Closed,,0,Not applicable,04/01/2001,0,Not applicable,100123,,2194,,,,,,,,,,,,,,,,,,,,,,,,,,,Mr,J,Mountford,Headteacher,,,,Whitworth Road,,,London,,SE18 3SX,,,,,Not applicable,,,,0,Not applicable,No Nursery Classes,7,11,2,No Special Classes,0,Not applicable,3,Mixed,,1,No boarders,,14/11/2018 00:00:00,E09000011,Greenwich,E05000229,Woolwich Common,E14000718,Greenwich and Woolwich,A1,(England/Wales) Urban major conurbation,E09000011,543406,177516,E02000327,Greenwich 015,E01001698,Greenwich 015A,H,London,0,Does not apply,Does not apply,0,Not applicable,4,Local authority maintained schools,0,Not applicable,,,Not under a federation,,,,0,Not applicable,,0,Not applicable,,Not applicable,,,Not applicable,,Not applicable,Not applicable,Not applicable,,,Not applicable
Eglinton Infant School,203,Greenwich,999,,2,Primary,1,Community school,Not applicable,Not applicable,2,Closed,,0,Not applicable,04/01/2001,0,Not applicable,100124,,2195,,,,,,,,,,,,,,,,,,,,,,,,,,,Miss,W,Jarvis,Headteacher,,,,Paget Rise,,,London,,SE18 3PY,,,,,Not applicable,,,,0,Not applicable,Has Nursery Classes,3,7,2,No Special Classes,0,Not applicable,3,Mixed,,1,No boarders,,14/11/2018 00:00:00,E09000011,Greenwich,E05000229,Woolwich Common,E14000718,Greenwich and Woolwich,A1,(England/Wales) Urban major conurbation,E09000011,543464,177512,E02000327,Greenwich 015,E01001698,Greenwich 015A,H,London,0,Does not apply,Does not apply,0,Not applicable,4,Local authority maintained schools,0,Not applicable,,,Not under a federation,,,,0,Not applicable,,0,Not applicable,,Not applicable,,,Not applicable,,Not applicable,Not applicable,Not applicable,,,Not applicable
Fossdene Primary School,203,Greenwich,999,,2,Primary,1,Community school,Not applicable,Not applicable,1,Open,,0,Not applicable,,0,Not applicable,100125,10078053,2228,,206,108,98,226,84,40.8,,,,,,Yes,,,,,Yes,,,,Resourced provision,12,16,,,Mrs,Maria,Hill,Headteacher,1.00E+11,,,Victoria Way,Charlton,,London,,SE7 7NQ,,http://www.fossdene.greenwich.sch.uk,2088585585,,Not applicable,,,,2,Does not have a sixth form,No Nursery Classes,4,11,2,No Special Classes,0,Not applicable,3,Mixed,,1,No boarders,15/01/2026,29/6/2026 00:00:00,E09000011,Greenwich,E05014075,Charlton Village & Riverside,E14001257,Greenwich and Woolwich,UN1,Urban: Nearer to a major town or city,E09000011,540841,178110,E02000326,Greenwich 014,E01001592,Greenwich 014B,H,London,0,Does not apply,Does not apply,0,Not applicable,4,Local authority maintained schools,0,Not applicable,,,Supported by a federation,17708,Acorn Federation Greenwich,,0,Not applicable,,0,Not applicable,,Not applicable,,,Not applicable,,Not applicable,Not applicable,Not applicable,,,Not applicable
Gallions Mount Primary School,203,Greenwich,999,,2,Primary,1,Community school,Not applicable,Not applicable,2,Closed,01/01/1900,0,Not applicable,31/08/2025,2,Closure,100126,10078052,2242,,132,68,64,234,50,40.7,,,,,,,,,,,,,,,,,,,,Mrs,Susan,Slack,Headteacher,1.00E+11,,,Purrett Road,Plumstead,,London,,SE18 1JR,,,,,Not applicable,,,,2,Does not have a sixth form,Has Nursery Classes,3,11,2,No Special Classes,0,Not applicable,3,Mixed,,1,No boarders,16/01/2025,31/8/2025 00:00:00,E09000011,Greenwich,E05014087,Plumstead & Glyndon,E14001229,Erith and Thamesmead,UN1,Urban: Nearer to a major town or city,E09000011,545821,178268,E02000318,Greenwich 006,E01001677,Greenwich 006E,H,London,0,Does not apply,Does not apply,0,Not applicable,4,Local authority maintained schools,0,Not applicable,,,Not under a federation,,,,0,Not applicable,,0,Not applicable,,Not applicable,,,Not applicable,,Not applicable,Not applicable,Not applicable,,,Not applicable
Gordon Primary School,203,Greenwich,999,,2,Primary,1,Community school,Not applicable,Not applicable,1,Open,,0,Not applicable,,0,Not applicable,100127,10078051,2258,,439,214,225,420,61,14.2,,,,,,,,,,,,,,,,,,,,Mr,Jason,Taylor,Headteacher,1.00E+11,,,Grangehill Road,Eltham,,London,,SE9 1QG,,www.gordonprimary.co.uk,2088505486,,Not applicable,,,,2,Does not have a sixth form,Has Nursery Classes,3,11,2,No Special Classes,0,Not applicable,3,Mixed,,1,No boarders,15/01/2026,09/09/2026 00:00,E09000011,Greenwich,E05014078,Eltham Park & Progress,E14001223,Eltham and Chislehurst,UN1,Urban: Nearer to a major town or city,E09000011,542832,175288,E02000339,Greenwich 027,E01001604,Greenwich 027A,H,London,0,Does not apply,Does not apply,0,Not applicable,4,Local authority maintained schools,0,Not applicable,,,Not under a federation,,,,0,Not applicable,,0,Not applicable,,Not applicable,,,Not applicable,,Not applicable,Not applicable,Not applicable,,,Not applicable
Greenacres Primary School and Language Impairment Unit,203,Greenwich,999,,2,Primary,1,Community school,Not applicable,Not applicable,2,Closed,,0,Not applicable,31/10/2017,10,Academy Converter,100128,,2266,,312,170,140,210,48,21,,,,,Yes,,,,,,,,,,Resourced provision,,,,,Mr,David,Marsh,Head of School,1.00E+11,,,Witherston Way,Eltham,,London,,SE9 3JN,,,,,Not applicable,,,,2,Does not have a sixth form,Has Nursery Classes,2,11,1,Has Special Classes,0,Not applicable,3,Mixed,,1,No boarders,19/01/2017,31/10/2017 00:00:00,E09000011,Greenwich,E05000217,Coldharbour and New Eltham,E14000690,Eltham,A1,(England/Wales) Urban major conurbation,E09000011,543070,172575,E02000343,Greenwich 031,E01001602,Greenwich 031C,H,London,0,Does not apply,Does not apply,0,Not applicable,4,Local authority maintained schools,0,Not applicable,,,Not under a federation,,,,0,Not applicable,,0,Not applicable,,Not applicable,,,Not applicable,,Not applicable,Not applicable,Not applicable,,,Not applicable
Haimo Primary School,203,Greenwich,999,,2,Primary,1,Community school,Not applicable,Not applicable,1,Open,,0,Not applicable,,0,Not applicable,100129,10078050,2271,,351,195,156,420,131,39.1,,,,,,,,,,,,,,,,,,,,Ms,Kathleen,Barnes,Headteacher,1.00E+11,,,Haimo Road,Eltham,,London,,SE9 6DY,,http://www.haimoprimaryschool.co.uk,2088504911,,Not applicable,,,,2,Does not have a sixth form,Has Nursery Classes,3,11,2,No Special Classes,0,Not applicable,3,Mixed,,1,No boarders,15/01/2026,29/6/2026 00:00:00,E09000011,Greenwich,E05014077,Eltham Page,E14001223,Eltham and Chislehurst,UN1,Urban: Nearer to a major town or city,E09000011,541948,174911,E02000337,Greenwich 025,E01001620,Greenwich 025A,H,London,0,Does not apply,Does not apply,0,Not applicable,4,Local authority maintained schools,0,Not applicable,,,Not under a federation,,,,0,Not applicable,,0,Not applicable,,Not applicable,,,Not applicable,,Not applicable,Not applicable,Not applicable,,,Not applicable
Halstow Primary School,203,Greenwich,999,,2,Primary,1,Community school,Not applicable,Not applicable,2,Closed,,0,Not applicable,30/06/2017,10,Academy Converter,100130,,2275,,386,185,205,420,18,4.7,,,,,,,,,,,,,,,,,,,,Mr,Tom,Gray,Headteacher,,,,Halstow Road,Greenwich,,London,,SE10 0LD,,,,,Not applicable,,,,2,Does not have a sixth form,No Nursery Classes,5,11,2,No Special Classes,0,Not applicable,3,Mixed,,1,No boarders,19/01/2017,15/10/2018 00:00:00,E09000011,Greenwich,E05000225,Peninsula,E14000718,Greenwich and Woolwich,A1,(England/Wales) Urban major conurbation,E09000011,540019,178163,E02006930,Greenwich 037,E01001665,Greenwich 037C,H,London,0,Does not apply,Does not apply,0,Not applicable,4,Local authority maintained schools,0,Not applicable,,,Not under a federation,,,,0,Not applicable,,0,Not applicable,,Not applicable,,,Not applicable,,Not applicable,Not applicable,Not applicable,,,Not applicable
Henwick Primary School,203,Greenwich,999,,2,Primary,1,Community school,Not applicable,Not applicable,1,Open,,0,Not applicable,,0,Not applicable,100131,10078049,2299,,332,166,166,476,111,33.4,,,,,,,,,,,,,,,,,,,,Mrs,Lisa,Lazell,Headteacher,1.00E+11,,,Henwick Road,Eltham,,London,,SE9 6NZ,,http://www.henwickprimary.co.uk,2088568627,,Not applicable,,,,2,Does not have a sixth form,Has Nursery Classes,3,11,2,No Special Classes,0,Not applicable,3,Mixed,,1,No boarders,15/01/2026,29/6/2026 00:00:00,E09000011,Greenwich,E05014077,Eltham Page,E14001223,Eltham and Chislehurst,UN1,Urban: Nearer to a major town or city,E09000011,542011,175689,E02000337,Greenwich 025,E01001624,Greenwich 025D,H,London,0,Does not apply,Does not apply,0,Not applicable,4,Local authority maintained schools,0,Not applicable,,,Supported by a federation,17713,The Ambition Federation of Schools,,0,Not applicable,,0,Not applicable,,Not applicable,,,Not applicable,,Not applicable,Not applicable,Not applicable,,,Not applicable
Horn Park Primary School,203,Greenwich,999,,2,Primary,1,Community school,Not applicable,Not applicable,2,Closed,,0,Not applicable,30/06/2017,10,Academy Converter,100132,,2313,,434,215,215,420,127,32.6,,,,,,,,,,,,,,,,,,,,Ms,Michelle,Bernard,Headteacher,,,,Alnwick Road,Lee,,London,,SE12 9BT,,,,,Not applicable,,,,2,Does not have a sixth form,Has Nursery Classes,3,11,2,No Special Classes,0,Not applicable,3,Mixed,,1,No boarders,19/01/2017,15/10/2018 00:00:00,E09000011,Greenwich,E05000224,Middle Park and Sutcliffe,E14000690,Eltham,A1,(England/Wales) Urban major conurbation,E09000011,540826,173663,E02000341,Greenwich 029,E01001654,Greenwich 029B,H,London,0,Does not apply,Does not apply,0,Not applicable,4,Local authority maintained schools,0,Not applicable,,,Not under a federation,,,,0,Not applicable,,0,Not applicable,,Not applicable,,,Not applicable,,Not applicable,Not applicable,Not applicable,,,Not applicable
Hughes Fields Primary School,203,Greenwich,999,,2,Primary,1,Community school,Not applicable,Not applicable,2,Closed,,0,Not applicable,31/12/2002,4,Fresh Start,100133,,2318,,,,,,,,,,,,,,,,,,,,,,,,,,,Mrs,J,Persaud,Headteacher,10023231343,,,Benbow Street,Deptford,,London,,SE8 3HD,,,,,Not applicable,,,,0,Not applicable,Has Nursery Classes,3,11,2,No Special Classes,0,Not applicable,3,Mixed,,1,No boarders,,14/11/2018 00:00:00,E09000011,Greenwich,E05000222,Greenwich West,E14000718,Greenwich and Woolwich,A1,(England/Wales) Urban major conurbation,E09000011,537289,177940,E02006928,Greenwich 035,E01033727,Greenwich 035B,H,London,0,Does not apply,Does not apply,0,Not applicable,4,Local authority maintained schools,0,Not applicable,,,Not under a federation,,,,0,Not applicable,,0,Not applicable,,Not applicable,,,Not applicable,,Not applicable,Not applicable,Not applicable,,,Not applicable
Invicta Primary School,203,Greenwich,999,,2,Primary,1,Community school,Not applicable,Not applicable,1,Open,,0,Not applicable,,0,Not applicable,100134,10078048,2325,,714,332,382,630,195,27.9,,,,,,,,,,,,,,,,,,,,Mrs,Jodie,Cawte,Headteacher,1.00E+11,,,Invicta Road,Greenwich,,London,,SE3 7HE,,www.invictaprimaryschool.org.uk/,2088583831,,Not applicable,,,,2,Does not have a sixth form,Has Nursery Classes,3,11,2,No Special Classes,0,Not applicable,3,Mixed,,1,No boarders,15/01/2026,09/04/2026 00:00,E09000011,Greenwich,E05014073,Blackheath Westcombe,E14001257,Greenwich and Woolwich,UN1,Urban: Nearer to a major town or city,E09000011,540412,177493,E02000328,Greenwich 016,E01001581,Greenwich 016A,H,London,0,Does not apply,Does not apply,0,Not applicable,4,Local authority maintained schools,0,Not applicable,,,Not under a federation,,,,0,Not applicable,,0,Not applicable,,Not applicable,,,Not applicable,,Not applicable,Not applicable,Not applicable,,,Not applicable
James Wolfe Junior School,203,Greenwich,999,,2,Primary,1,Community school,Not applicable,Not applicable,2,Closed,,0,Not applicable,09/01/1997,0,Not applicable,100135,,2330,,,,,,,,,,,,,,,,,,,,,,,,,,,,,,Headteacher,,,,Randall Place,Greenwich,,London,,SE10 9LA,,,,,Not applicable,,,,0,Not applicable,No Nursery Classes,7,11,2,No Special Classes,0,Not applicable,3,Mixed,,1,No boarders,,14/11/2018 00:00:00,E09000011,Greenwich,E05000222,Greenwich West,E14000718,Greenwich and Woolwich,A1,(England/Wales) Urban major conurbation,E09000011,538073,177440,E02006931,Greenwich 038,E01001641,Greenwich 038B,H,London,0,Does not apply,Does not apply,0,Not applicable,4,Local authority maintained schools,0,Not applicable,,,Not under a federation,,,,0,Not applicable,,0,Not applicable,,Not applicable,,,Not applicable,,Not applicable,Not applicable,Not applicable,,,Not applicable
Kidbrooke Park Primary School,203,Greenwich,999,,2,Primary,1,Community school,Not applicable,Not applicable,2,Closed,,0,Not applicable,30/09/2023,10,Academy Converter,100136,10078047,2353,,400,196,204,472,154,41.3,,,,,,,,,,,,,,,,,,,,Mr,Adam,Wilson,Executive Headteacher,1.00E+11,,,202a Holburne Road,,,London,,SE3 8JG,United Kingdom,,,,Not applicable,,,,2,Does not have a sixth form,Has Nursery Classes,3,11,2,No Special Classes,0,Not applicable,3,Mixed,,1,No boarders,19/01/2023,30/9/2023 00:00:00,E09000011,Greenwich,E05014083,Kidbrooke Park,E14000690,Eltham,A1,(England/Wales) Urban major conurbation,E09000011,541246,176520,E02000334,Greenwich 022,E01001648,Greenwich 022C,H,London,0,Does not apply,Does not apply,0,Not applicable,4,Local authority maintained schools,0,Not applicable,,,Not under a federation,,,,0,Not applicable,,0,Not applicable,,Not applicable,,,Not applicable,,Not applicable,Not applicable,Not applicable,,,Not applicable
Meridian Primary School,203,Greenwich,999,,2,Primary,1,Community school,Not applicable,Not applicable,1,Open,,0,Not applicable,,0,Not applicable,100137,10077179,2410,,231,102,129,240,34,15.4,,,,Yes,,,,,,,,,,,Resourced provision,14,18,,,Ms,Jo,Graham,Headteacher,1.00E+11,,,Old Woolwich Road,Greenwich,,London,,SE10 9NY,,www.meridian.greenwich.sch.uk,2088583572,,Not applicable,,,,2,Does not have a sixth form,Has Nursery Classes,3,11,2,No Special Classes,0,Not applicable,3,Mixed,,1,No boarders,15/01/2026,29/6/2026 00:00:00,E09000011,Greenwich,E05014076,East Greenwich,E14001257,Greenwich and Woolwich,UN1,Urban: Nearer to a major town or city,E09000011,538861,177987,E02006930,Greenwich 037,E01001664,Greenwich 037B,H,London,0,Does not apply,Does not apply,0,Not applicable,4,Local authority maintained schools,0,Not applicable,,,Not under a federation,,,,0,Not applicable,,0,Not applicable,,Not applicable,,,Not applicable,,Not applicable,Not applicable,Not applicable,,,Not applicable
Middle Park Junior School,203,Greenwich,999,,2,Primary,1,Community school,Not applicable,Not applicable,2,Closed,,0,Not applicable,09/01/1996,0,Not applicable,100138,,2413,,,,,,,,,,,,,,,,,,,,,,,,,,,,,,Headteacher,10010224846,,,Middle Park Avenue,Eltham,,London,,SE9 5RX,,,,,Not applicable,,,,0,Not applicable,No Nursery Classes,7,11,2,No Special Classes,0,Not applicable,3,Mixed,,1,No boarders,,24/9/2015 00:00:00,E09000011,Greenwich,E05000224,Middle Park and Sutcliffe,E14000690,Eltham,A1,(England/Wales) Urban major conurbation,E09000011,541724,173671,E02000341,Greenwich 029,E01001653,Greenwich 029A,H,London,0,Does not apply,Does not apply,0,Not applicable,4,Local authority maintained schools,0,Not applicable,,,Not under a federation,,,,0,Not applicable,,0,Not applicable,,Not applicable,,,Not applicable,,Not applicable,Not applicable,Not applicable,,,Not applicable
Middle Park Infant School,203,Greenwich,999,,2,Primary,1,Community school,Not applicable,Not applicable,2,Closed,,0,Not applicable,09/01/1996,0,Not applicable,100139,,2415,,,,,,,,,,,,,,,,,,,,,,,,,,,,,,Headteacher,10010224846,,,Middle Park Avenue,,,London,,SE9 5RX,,,,,Not applicable,,,,0,Not applicable,Has Nursery Classes,5,7,2,No Special Classes,0,Not applicable,3,Mixed,,1,No boarders,,24/9/2015 00:00:00,E09000011,Greenwich,E05000224,Middle Park and Sutcliffe,E14000690,Eltham,A1,(England/Wales) Urban major conurbation,E09000011,541724,173671,E02000341,Greenwich 029,E01001653,Greenwich 029A,H,London,0,Does not apply,Does not apply,0,Not applicable,4,Local authority maintained schools,0,Not applicable,,,Not under a federation,,,,0,Not applicable,,0,Not applicable,,Not applicable,,,Not applicable,,Not applicable,Not applicable,Not applicable,,,Not applicable
Plumcroft Primary School,203,Greenwich,999,,2,Primary,1,Community school,Not applicable,Not applicable,1,Open,,0,Not applicable,,0,Not applicable,100140,10078046,2471,,1056,521,535,1050,305,30.1,,,,,,,,,,,,,,,,,,,,Mr,Richard,Slade,Headteacher,10010194247,,,Plum Lane,Plumstead,Plumcroft Primary School,London,,SE18 3HW,,www.plumcroftprimary.co.uk,2088541308,,Not applicable,,,,2,Does not have a sixth form,Has Nursery Classes,3,11,2,No Special Classes,0,Not applicable,3,Mixed,,1,No boarders,15/01/2026,09/07/2026 00:00,E09000011,Greenwich,E05014089,Shooters Hill,E14001229,Erith and Thamesmead,UN1,Urban: Nearer to a major town or city,E09000011,544151,177486,E02000332,Greenwich 020,E01001681,Greenwich 020C,H,London,0,Does not apply,Does not apply,0,Not applicable,4,Local authority maintained schools,0,Not applicable,,,Not under a federation,,,,0,Not applicable,,0,Not applicable,,Not applicable,,,Not applicable,,Not applicable,Not applicable,Not applicable,,,Not applicable
Sherington Primary School,203,Greenwich,999,,2,Primary,1,Community school,Not applicable,Not applicable,1,Open,,0,Not applicable,,0,Not applicable,100141,10078045,2552,,436,208,228,420,65,15.9,,,,,,,,,,,,,,,,,,,,Mrs,Hannah,Freeman,Headteacher,10010198245,,,Wyndcliff Road,Charlton,Wyndcliff Road,London,,SE7 7JP,,www.sheringtonprimary.co.uk,2088585497,,Not applicable,,,,2,Does not have a sixth form,Has Nursery Classes,3,11,2,No Special Classes,0,Not applicable,3,Mixed,,1,No boarders,15/01/2026,29/6/2026 00:00:00,E09000011,Greenwich,E05014074,Charlton Hornfair,E14001257,Greenwich and Woolwich,UN1,Urban: Nearer to a major town or city,E09000011,540764,177627,E02000326,Greenwich 014,E01001593,Greenwich 014C,H,London,0,Does not apply,Does not apply,0,Not applicable,4,Local authority maintained schools,0,Not applicable,,,Not under a federation,,,,0,Not applicable,,0,Not applicable,,Not applicable,,,Not applicable,,Not applicable,Not applicable,Not applicable,,,Not applicable
Thorntree Primary School,203,Greenwich,999,,2,Primary,1,Community school,Not applicable,Not applicable,1,Open,,0,Not applicable,,0,Not applicable,100142,10077178,2598,,190,93,97,210,55,28.9,,,,,,,,,,,,,,,Not applicable,,,,,Ms,Ann Marie,Walker,Headteacher,1.00E+11,,,Thorntree Road,Charlton,,London,,SE7 8AE,,www.thorntree.greenwich.sch.uk/,2088580268,,Not applicable,,,,2,Does not have a sixth form,No Nursery Classes,4,11,2,No Special Classes,0,Not applicable,3,Mixed,,1,No boarders,15/01/2026,25/9/2026 00:00:00,E09000011,Greenwich,E05014075,Charlton Village & Riverside,E14001257,Greenwich and Woolwich,UN1,Urban: Nearer to a major town or city,E09000011,541865,178397,E02000324,Greenwich 012,E01001589,Greenwich 012B,H,London,0,Does not apply,Does not apply,0,Not applicable,4,Local authority maintained schools,0,Not applicable,,,Not under a federation,,,,0,Not applicable,,0,Not applicable,,Not applicable,,,Not applicable,,Not applicable,Not applicable,Not applicable,,,Not applicable
Timbercroft Junior School,203,Greenwich,999,,2,Primary,1,Community school,Not applicable,Not applicable,2,Closed,,0,Not applicable,09/01/1996,0,Not applicable,100143,,2601,,,,,,,,,,,,,,,,,,,,,,,,,,,,,,Headteacher,10010194247,,,Timbercroft Lane,Plumstead,,London,,SE18 2SG,,,,,Not applicable,,,,0,Not applicable,No Nursery Classes,7,11,2,No Special Classes,0,Not applicable,3,Mixed,,1,No boarders,,24/9/2015 00:00:00,E09000011,Greenwich,E05000227,Shooters Hill,E14000690,Eltham,A1,(England/Wales) Urban major conurbation,E09000011,545264,177428,E02000329,Greenwich 017,E01001685,Greenwich 017D,H,London,0,Does not apply,Does not apply,0,Not applicable,4,Local authority maintained schools,0,Not applicable,,,Not under a federation,,,,0,Not applicable,,0,Not applicable,,Not applicable,,,Not applicable,,Not applicable,Not applicable,Not applicable,,,Not applicable
Timbercroft Infant School,203,Greenwich,999,,2,Primary,1,Community school,Not applicable,Not applicable,2,Closed,,0,Not applicable,09/01/1996,0,Not applicable,100144,,2602,,,,,,,,,,,,,,,,,,,,,,,,,,,,,,Headteacher,10010194247,,,Timbercroft Lane,Plumstead,,London,,SE18 2SG,,,,,Not applicable,,,,0,Not applicable,Has Nursery Classes,5,7,2,No Special Classes,0,Not applicable,3,Mixed,,1,No boarders,,24/9/2015 00:00:00,E09000011,Greenwich,E05000227,Shooters Hill,E14000690,Eltham,A1,(England/Wales) Urban major conurbation,E09000011,545264,177428,E02000329,Greenwich 017,E01001685,Greenwich 017D,H,London,0,Does not apply,Does not apply,0,Not applicable,4,Local authority maintained schools,0,Not applicable,,,Not under a federation,,,,0,Not applicable,,0,Not applicable,,Not applicable,,,Not applicable,,Not applicable,Not applicable,Not applicable,,,Not applicable
Woodhill Primary School,203,Greenwich,999,,2,Primary,1,Community school,Not applicable,Not applicable,2,Closed,,0,Not applicable,31/05/2017,10,Academy Converter,100145,,2656,,600,305,295,630,188,35,,,,,,,,,,,,,,,,,,,,Mrs,Melissa,Carpenter,Headteacher,,,,Woodhill,,,London,,SE18 5JE,,,,,Not applicable,,,,2,Does not have a sixth form,Has Nursery Classes,3,11,2,No Special Classes,0,Not applicable,3,Mixed,,1,No boarders,19/01/2017,15/10/2018 00:00:00,E09000011,Greenwich,E05000230,Woolwich Riverside,E14000718,Greenwich and Woolwich,A1,(England/Wales) Urban major conurbation,E09000011,542375,178697,E02000317,Greenwich 005,E01001706,Greenwich 005B,H,London,0,Does not apply,Does not apply,0,Not applicable,4,Local authority maintained schools,0,Not applicable,,,Not under a federation,,,,0,Not applicable,,0,Not applicable,,Not applicable,,,Not applicable,,Not applicable,Not applicable,Not applicable,,,Not applicable
Wyborne Primary School,203,Greenwich,999,,2,Primary,1,Community school,Not applicable,Not applicable,1,Open,,0,Not applicable,,0,Not applicable,100146,10078044,2662,,408,201,207,403,65,16.7,,,,,,,,,,,,,,,,,,,,Mr,James,Searjeant,Headteacher,10010197752,,,Footscray Road,New Eltham,,London,,SE9 2EH,,www.wyborne.greenwich.sch.uk/,2088504933,,Not applicable,,,,2,Does not have a sixth form,Has Nursery Classes,3,11,2,No Special Classes,0,Not applicable,3,Mixed,,1,No boarders,15/01/2026,29/6/2026 00:00:00,E09000011,Greenwich,E05014079,Eltham Town & Avery Hill,E14001223,Eltham and Chislehurst,UN1,Urban: Nearer to a major town or city,E09000011,543932,173264,E02000342,Greenwich 030,E01001619,Greenwich 030D,H,London,0,Does not apply,Does not apply,0,Not applicable,4,Local authority maintained schools,0,Not applicable,,,Not under a federation,,,,0,Not applicable,,0,Not applicable,,Not applicable,,,Not applicable,,Not applicable,Not applicable,Not applicable,,,Not applicable
Ruxley Manor Primary School,203,Greenwich,999,,2,Primary,1,Community school,Not applicable,Not applicable,2,Closed,,0,Not applicable,31/08/2001,2,Closure,100147,,2776,,,,,,,,,,,,,,,,,,,,,,,,,,,Mrs,T,Woodhead,Headteacher,,,,Milverton Way,Eltham,,London,,SE9 3EY,,,,,Not applicable,,,,0,Not applicable,Has Nursery Classes,3,11,2,No Special Classes,0,Not applicable,3,Mixed,,1,No boarders,,14/11/2018 00:00:00,E09000011,Greenwich,E05000217,Coldharbour and New Eltham,E14000690,Eltham,A1,(England/Wales) Urban major conurbation,E09000011,543448,171926,E02000343,Greenwich 031,E01001603,Greenwich 031D,H,London,0,Does not apply,Does not apply,0,Not applicable,4,Local authority maintained schools,0,Not applicable,,,Not under a federation,,,,0,Not applicable,,0,Not applicable,,Not applicable,,,Not applicable,,Not applicable,Not applicable,Not applicable,,,Not applicable
Brooklands Primary School,203,Greenwich,999,,2,Primary,1,Community school,Not applicable,Not applicable,2,Closed,,0,Not applicable,31/08/2016,10,Academy Converter,100148,,2790,,,,,210,,,,,,,,,,,,,,,,,,,,,,Mr,Nick,Osborne,Headteacher,,,,Medebourne Close,Casterbridge Road,,London,,SE3 9AB,,,,,Not applicable,,,,2,Does not have a sixth form,Has Nursery Classes,3,11,2,No Special Classes,0,Not applicable,3,Mixed,,1,No boarders,,15/10/2018 00:00:00,E09000011,Greenwich,E05000224,Middle Park and Sutcliffe,E14000690,Eltham,A1,(England/Wales) Urban major conurbation,E09000011,540311,175836,E02006927,Greenwich 034,E01001656,Greenwich 034A,H,London,0,Does not apply,Does not apply,0,Not applicable,4,Local authority maintained schools,0,Not applicable,,,Not under a federation,,,,0,Not applicable,,0,Not applicable,,Not applicable,,,Not applicable,,Not applicable,Not applicable,Not applicable,,,Not applicable
Montbelle Primary School,203,Greenwich,999,,2,Primary,1,Community school,Not applicable,Not applicable,1,Open,,0,Not applicable,,0,Not applicable,100149,10078043,2798,,364,180,184,470,97,28.5,,,,,,,,,,,,,,,,,,,,Mrs,E,Geden,Headteacher,1.00E+11,,,Milverton Way,Eltham,,London,,SE9 3EY,,www.montbelle.org.uk/,2088573909,,Not applicable,,,,2,Does not have a sixth form,Has Nursery Classes,3,11,2,No Special Classes,0,Not applicable,3,Mixed,,1,No boarders,15/01/2026,09/02/2026 00:00,E09000011,Greenwich,E05014086,"Mottingham, Coldharbour & New Eltham",E14001223,Eltham and Chislehurst,UN1,Urban: Nearer to a major town or city,E09000011,543480,171884,E02000343,Greenwich 031,E01001603,Greenwich 031D,H,London,0,Does not apply,Does not apply,0,Not applicable,4,Local authority maintained schools,0,Not applicable,,,Not under a federation,,,,0,Not applicable,,0,Not applicable,,Not applicable,,,Not applicable,,Not applicable,Not applicable,Not applicable,,,Not applicable
Boxgrove Primary School,203,Greenwich,999,,2,Primary,1,Community school,Not applicable,Not applicable,2,Closed,,0,Not applicable,30/09/2023,10,Academy Converter,100150,10078042,2801,,428,236,192,472,168,41.5,,,,,,Yes,,,,,,,,,Resourced provision,6,16,,,Ms,Holly,Broughton,Executive Headteacher,1.00E+11,,,Boxgrove Road,Abbey Wood,,Greenwich,,SE2 9JP,,,,,Not applicable,,,,2,Does not have a sixth form,Has Nursery Classes,3,11,2,No Special Classes,0,Not applicable,3,Mixed,,1,No boarders,19/01/2023,30/9/2023 00:00:00,E09000011,Greenwich,E05014072,Abbey Wood,E14000696,Erith and Thamesmead,A1,(England/Wales) Urban major conurbation,E09000011,547069,179278,E02000315,Greenwich 003,E01001578,Greenwich 003D,H,London,0,Does not apply,Does not apply,0,Not applicable,4,Local authority maintained schools,0,Not applicable,,,Not under a federation,,,,0,Not applicable,,0,Not applicable,,Not applicable,,,Not applicable,,Not applicable,Not applicable,Not applicable,,,Not applicable
Rockliffe Manor Primary School,203,Greenwich,999,,2,Primary,1,Community school,Not applicable,Not applicable,2,Closed,,0,Not applicable,31/05/2017,10,Academy Converter,100151,,2804,,230,120,110,210,41,20,,,,,,,,,,,,,,,,,,,,Mrs,Abigail,Oldfield,Headteacher,,,,Bassant Road,,,London,,SE18 2NP,,,,,Not applicable,,,,2,Does not have a sixth form,Has Nursery Classes,3,11,2,No Special Classes,0,Not applicable,3,Mixed,,1,No boarders,19/01/2017,15/10/2018 00:00:00,E09000011,Greenwich,E05000226,Plumstead,E14000696,Erith and Thamesmead,A1,(England/Wales) Urban major conurbation,E09000011,545525,177585,E02006786,Greenwich 033,E01001671,Greenwich 033B,H,London,0,Does not apply,Does not apply,0,Not applicable,4,Local authority maintained schools,0,Not applicable,,,Not under a federation,,,,0,Not applicable,,0,Not applicable,,Not applicable,,,Not applicable,,Not applicable,Not applicable,Not applicable,,,Not applicable
De Lucy Primary School,203,Greenwich,999,,2,Primary,1,Community school,Not applicable,Not applicable,1,Open,,0,Not applicable,,99,,100152,10078041,2813,,251,123,128,446,132,57.6,,,,,,,,,,,,,,,,,,,,Mrs,Kerry,Lodge,Headteacher,1.00E+11,,,Cookhill Road,Abbey Wood,,London,,SE2 9PD,,www.delucyprimaryschool.co.uk/,2083105290,,Not applicable,,,,2,Does not have a sixth form,Has Nursery Classes,3,11,2,No Special Classes,0,Not applicable,3,Mixed,,1,No boarders,15/01/2026,29/6/2026 00:00:00,E09000011,Greenwich,E05014072,Abbey Wood,E14001229,Erith and Thamesmead,UN1,Urban: Nearer to a major town or city,E09000011,546656,179560,E02000315,Greenwich 003,E01001576,Greenwich 003B,H,London,0,Does not apply,Does not apply,0,Not applicable,4,Local authority maintained schools,0,Not applicable,,,Not under a federation,,,,0,Not applicable,,0,Not applicable,,Not applicable,,,Not applicable,,Not applicable,Not applicable,Not applicable,,,Not applicable
James Wolfe Infant School,203,Greenwich,999,,2,Primary,1,Community school,Not applicable,Not applicable,2,Closed,,0,Not applicable,09/01/1997,0,Not applicable,100153,,2822,,,,,,,,,,,,,,,,,,,,,,,,,,,,,,Headteacher,,,,Randall Place,Greenwich,,London,,SE10 9LA,,,,,Not applicable,,,,0,Not applicable,Has Nursery Classes,5,7,1,Has Special Classes,0,Not applicable,3,Mixed,,1,No boarders,,14/11/2018 00:00:00,E09000011,Greenwich,E05000222,Greenwich West,E14000718,Greenwich and Woolwich,A1,(England/Wales) Urban major conurbation,E09000011,538073,177440,E02006931,Greenwich 038,E01001641,Greenwich 038B,H,London,0,Does not apply,Does not apply,0,Not applicable,4,Local authority maintained schools,0,Not applicable,,,Not under a federation,,,,0,Not applicable,,0,Not applicable,,Not applicable,,,Not applicable,,Not applicable,Not applicable,Not applicable,,,Not applicable
Wingfield Primary School,203,Greenwich,999,,2,Primary,1,Community school,Not applicable,Not applicable,2,Closed,01/01/1900,0,Not applicable,31/03/2021,10,Academy Converter,100154,10081231,2851,,491,226,265,532,57,12.2,,,,,,,,,,,,,,,,,,,,Mr,Ross,Silcock,Head of School,10010258211,,,Ensign Street,,,London,,SE3 9GJ,United Kingdom,,,,Not applicable,,,,2,Does not have a sixth form,Has Nursery Classes,3,11,2,No Special Classes,0,Not applicable,3,Mixed,,1,No boarders,21/01/2021,07/02/2021 00:00,E09000011,Greenwich,E05000220,Eltham West,E14000690,Eltham,A1,(England/Wales) Urban major conurbation,E09000011,540596,175520,E02006927,Greenwich 034,E01033726,Greenwich 034E,H,London,0,Does not apply,Does not apply,0,Not applicable,4,Local authority maintained schools,0,Not applicable,,,Not under a federation,,,,0,Not applicable,,0,Not applicable,,Not applicable,,,Not applicable,,Not applicable,Not applicable,Not applicable,,,Not applicable
Cardwell Primary School,203,Greenwich,999,,2,Primary,1,Community school,Not applicable,Not applicable,1,Open,,0,Not applicable,,0,Not applicable,100155,10078040,2877,,423,197,226,480,173,44.6,,,,,,,,,,,,,,,Not applicable,,,,,Mrs,Lisa,Lazell,Headteacher,10010199240,,,118 Frances Street,Woolwich,,London,,SE18 5LP,,www.cardwellschool.co.uk,2088541051,,Not applicable,,,,2,Does not have a sixth form,Has Nursery Classes,3,11,2,No Special Classes,0,Not applicable,3,Mixed,,1,No boarders,15/01/2026,31/8/2026 00:00:00,E09000011,Greenwich,E05014094,Woolwich Dockyard,E14001257,Greenwich and Woolwich,UN1,Urban: Nearer to a major town or city,E09000011,542625,178829,E02000317,Greenwich 005,E01001705,Greenwich 005A,H,London,0,Does not apply,Does not apply,0,Not applicable,4,Local authority maintained schools,0,Not applicable,,,Supported by a federation,17713,The Ambition Federation of Schools,,0,Not applicable,,0,Not applicable,,Not applicable,,,Not applicable,,Not applicable,Not applicable,Not applicable,,,Not applicable
Foxfield Primary School,203,Greenwich,999,,2,Primary,1,Community school,Not applicable,Not applicable,2,Closed,,0,Not applicable,31/05/2017,10,Academy Converter,100156,,2885,,707,350,360,630,131,21.4,,,,,,,,,,,,,,,,,,,,Ms,Rupinder,Bansil,Headteacher,10010213441,,,Sandbach Place,,,London,,SE18 7EX,,,,,Not applicable,,,,2,Does not have a sixth form,Has Nursery Classes,3,11,2,No Special Classes,0,Not applicable,3,Mixed,,1,No boarders,19/01/2017,15/10/2018 00:00:00,E09000011,Greenwich,E05000221,Glyndon,E14000718,Greenwich and Woolwich,A1,(England/Wales) Urban major conurbation,E09000011,544122,178461,E02000321,Greenwich 009,E01001634,Greenwich 009C,H,London,0,Does not apply,Does not apply,0,Not applicable,4,Local authority maintained schools,0,Not applicable,,,Not under a federation,,,,0,Not applicable,,0,Not applicable,,Not applicable,,,Not applicable,,Not applicable,Not applicable,Not applicable,,,Not applicable
Windrush Primary School,203,Greenwich,999,,2,Primary,1,Community school,Not applicable,Not applicable,2,Closed,,0,Not applicable,31/08/2016,10,Academy Converter,100157,,2890,,,,,200,,,,,,,,,,,,,,,,,,,,,,Ms,Jo,Marchant,Executive Headteacher,1.00E+11,,,2 Bentham Road,Thamesmead,,London,,SE28 8AR,,,,,Not applicable,,,,2,Does not have a sixth form,Has Nursery Classes,3,11,2,No Special Classes,0,Not applicable,3,Mixed,,1,No boarders,,15/10/2018 00:00:00,E09000011,Greenwich,E05000228,Thamesmead Moorings,E14000696,Erith and Thamesmead,A1,(England/Wales) Urban major conurbation,E09000011,546939,180338,E02000313,Greenwich 001,E01001694,Greenwich 001D,H,London,0,Does not apply,Does not apply,0,Not applicable,4,Local authority maintained schools,0,Not applicable,,,Not under a federation,,,,0,Not applicable,,0,Not applicable,,Not applicable,,,Not applicable,,Not applicable,Not applicable,Not applicable,,,Not applicable
Heronsgate Primary School,203,Greenwich,999,,2,Primary,1,Community school,Not applicable,Not applicable,1,Open,,0,Not applicable,,0,Not applicable,100158,10078039,2900,,707,369,338,918,198,29.2,,,,,,,,,,,,,,,,,,,,Mr,Stephen,Harris,Executive Headteacher,1.00E+11,,,Whinchat Road,,,London,,SE28 0EA,,www.heronsgate.greenwich.sch.uk,2083170809,,Not applicable,,,,2,Does not have a sixth form,Has Nursery Classes,3,11,2,No Special Classes,0,Not applicable,3,Mixed,,1,No boarders,15/01/2026,09/09/2026 00:00,E09000011,Greenwich,E05014091,West Thamesmead,E14001229,Erith and Thamesmead,UN1,Urban: Nearer to a major town or city,E09000011,544682,179291,E02000319,Greenwich 007,E01033744,Greenwich 007G,H,London,0,Does not apply,Does not apply,0,Not applicable,4,Local authority maintained schools,0,Not applicable,,,Not under a federation,,,,0,Not applicable,,0,Not applicable,,Not applicable,,,Not applicable,,Not applicable,Not applicable,Not applicable,,,Not applicable
Linton Mead Primary School,203,Greenwich,999,,2,Primary,1,Community school,Not applicable,Not applicable,1,Open,,0,Not applicable,,0,Not applicable,100159,10078038,2901,,282,151,131,266,119,46.1,,,,,,,,,,,,,,,,,,,,Miss,Sarah,Critchell,Headteacher,1.00E+11,,,Central Way,Thamesmead,,London,,SE28 8DT,,www.lintonmead.org.uk,2083101902,,Not applicable,,,,2,Does not have a sixth form,Has Nursery Classes,3,11,2,No Special Classes,0,Not applicable,3,Mixed,,1,No boarders,15/01/2026,23/9/2026 00:00:00,E09000011,Greenwich,E05014090,Thamesmead Moorings,E14001229,Erith and Thamesmead,UN1,Urban: Nearer to a major town or city,E09000011,546738,180895,E02000314,Greenwich 002,E01001688,Greenwich 002B,H,London,0,Does not apply,Does not apply,0,Not applicable,4,Local authority maintained schools,0,Not applicable,,,Not under a federation,,,,0,Not applicable,,0,Not applicable,,Not applicable,,,Not applicable,,Not applicable,Not applicable,Not applicable,,,Not applicable
Nightingale Primary School,203,Greenwich,999,,2,Primary,1,Community school,Not applicable,Not applicable,2,Closed,,0,Not applicable,31/10/2017,10,Academy Converter,100160,,2902,,240,120,120,210,31,14,,,,,,,,,,,,,,,,,,,,Mr,Roy,Coleman,Headteacher,1.00E+11,,,Bloomfield Road,Woolwich,,London,,SE18 7JJ,,,,,Not applicable,,,,2,Does not have a sixth form,Has Nursery Classes,3,11,2,No Special Classes,0,Not applicable,3,Mixed,,1,No boarders,19/01/2017,31/10/2017 00:00:00,E09000011,Greenwich,E05000229,Woolwich Common,E14000718,Greenwich and Woolwich,A1,(England/Wales) Urban major conurbation,E09000011,543887,178056,E02000323,Greenwich 011,E01001700,Greenwich 011D,H,London,0,Does not apply,Does not apply,0,Not applicable,4,Local authority maintained schools,0,Not applicable,,,Not under a federation,,,,0,Not applicable,,0,Not applicable,,Not applicable,,,Not applicable,,Not applicable,Not applicable,Not applicable,,,Not applicable
Briset Primary School,203,Greenwich,999,,2,Primary,1,Community school,Not applicable,Not applicable,2,Closed,,0,Not applicable,31/08/2002,2,Closure,100161,,2907,,,,,,,,,,,,,,,,,,,,,,,,,,,,Bina,Tomes,Headteacher,,,,Briset Road,Eltham,,London,,SE9 6HN,,,,,Not applicable,,,,0,Not applicable,Has Nursery Classes,3,11,2,No Special Classes,0,Not applicable,3,Mixed,,1,No boarders,,14/11/2018 00:00:00,E09000011,Greenwich,E05000220,Eltham West,E14000690,Eltham,A1,(England/Wales) Urban major conurbation,E09000011,541763,175533,E02000337,Greenwich 025,E01001625,Greenwich 025E,H,London,0,Does not apply,Does not apply,0,Not applicable,4,Local authority maintained schools,0,Not applicable,,,Not under a federation,,,,0,Not applicable,,0,Not applicable,,Not applicable,,,Not applicable,,Not applicable,Not applicable,Not applicable,,,Not applicable
Greenslade Primary School,203,Greenwich,999,,2,Primary,1,Community school,Not applicable,Not applicable,1,Open,,0,Not applicable,,0,Not applicable,100162,10078037,2915,,198,92,106,210,29,14.6,,,,,,,,,,,,,,,,,,,,Mr,David,Ashley,Headteacher,1.00E+11,,,Erindale,Plumstead Common,,London,,SE18 2QQ,,www.greensladeprimary.org.uk/,2083166847,,Not applicable,,,,2,Does not have a sixth form,No Nursery Classes,4,11,2,No Special Classes,0,Not applicable,3,Mixed,,1,No boarders,15/01/2026,29/6/2026 00:00:00,E09000011,Greenwich,E05014088,Plumstead Common,E14001229,Erith and Thamesmead,UN1,Urban: Nearer to a major town or city,E09000011,544981,177699,E02000329,Greenwich 017,E01001683,Greenwich 017B,H,London,0,Does not apply,Does not apply,0,Not applicable,4,Local authority maintained schools,0,Not applicable,,,Not under a federation,,,,0,Not applicable,,0,Not applicable,,Not applicable,,,Not applicable,,Not applicable,Not applicable,Not applicable,,,Not applicable
Mulgrave Primary School,203,Greenwich,999,,2,Primary,1,Community school,Not applicable,Not applicable,1,Open,,0,Not applicable,,0,Not applicable,100163,10069171,2916,,328,163,165,498,106,34.2,,,,,,,,,,,,,,,Not applicable,,,,,Mrs,Amanda,Weaver,Acting Headteacher,1.00E+11,,,Rectory Place,Woolwich,,London,,SE18 5DL,,www.mulgraveprimary.org.uk,2083179211,,Not applicable,,,,2,Does not have a sixth form,Has Nursery Classes,2,11,2,No Special Classes,0,Not applicable,3,Mixed,,1,No boarders,15/01/2026,09/09/2026 00:00,E09000011,Greenwich,E05014094,Woolwich Dockyard,E14001257,Greenwich and Woolwich,UN1,Urban: Nearer to a major town or city,E09000011,543186,178646,E02000317,Greenwich 005,E01001705,Greenwich 005A,H,London,0,Does not apply,Does not apply,0,Not applicable,4,Local authority maintained schools,0,Not applicable,,,Not under a federation,,,,0,Not applicable,,0,Not applicable,,Not applicable,,,Not applicable,,Not applicable,Not applicable,Not applicable,,,Not applicable
Charlton Manor Primary School,203,Greenwich,999,,2,Primary,1,Community school,Not applicable,Not applicable,1,Open,,0,Not applicable,,0,Not applicable,100164,10078036,2917,,410,201,209,484,95,24.5,,,,,,,,,,,,,,,Not applicable,,,,,Mrs,Amy,Goold,Headteacher,2.00E+11,,,Indus Road,,Charlton,London,,SE7 7EF,,www.charltonmanorprimary.co.uk/,2088566525,,Not applicable,,,,2,Does not have a sixth form,Has Nursery Classes,3,11,2,No Special Classes,0,Not applicable,3,Mixed,,1,No boarders,15/01/2026,21/9/2026 00:00:00,E09000011,Greenwich,E05014074,Charlton Hornfair,E14001223,Eltham and Chislehurst,UN1,Urban: Nearer to a major town or city,E09000011,541549,177353,E02000331,Greenwich 019,E01001650,Greenwich 019B,H,London,0,Does not apply,Does not apply,0,Not applicable,4,Local authority maintained schools,0,Not applicable,,,Not under a federation,,,,0,Not applicable,,0,Not applicable,,Not applicable,,,Not applicable,,Not applicable,Not applicable,Not applicable,,,Not applicable
Christ Church Church of England Primary School,203,Greenwich,999,,2,Primary,2,Voluntary aided school,Not applicable,Not applicable,1,Open,,0,Not applicable,,0,Not applicable,100165,10074737,3322,,161,76,85,210,88,54.7,,,,,,,,,,,,,,,,,,,,Co Headteacher,Victoria Wainwright /,Claire Harrison,Federation Co-Headteacher,1.00E+11,,,45 Commerell Street,Greenwich,,London,,SE10 0DZ,,www.koinoniafederation.com,2088583974,,Not applicable,,,,2,Does not have a sixth form,No Nursery Classes,4,11,2,No Special Classes,0,Not applicable,3,Mixed,,1,No boarders,15/01/2026,25/9/2026 00:00:00,E09000011,Greenwich,E05014076,East Greenwich,E14001257,Greenwich and Woolwich,UN1,Urban: Nearer to a major town or city,E09000011,539398,178485,E02006930,Greenwich 037,E01034183,Greenwich 037E,H,London,2,Church of England,Does not apply,CE36,Diocese of Southwark,4,Local authority maintained schools,0,Not applicable,,,Supported by a federation,16268,Koinonia Federation,,0,Not applicable,,0,Not applicable,,Not applicable,,,Not applicable,,Not applicable,Not applicable,Not applicable,,,Not applicable
"Christ Church Church of England Primary School, Shooters Hill",203,Greenwich,999,,2,Primary,2,Voluntary aided school,Not applicable,Not applicable,1,Open,,0,Not applicable,,0,Not applicable,100166,10076255,3331,,207,119,88,210,27,13,,,,,,,,,,,,,,,,,,,,Mrs,Anne-Marie,Bahlol,Headteacher,10010201626,,,Shooters Hill,,,London,,SE18 3RS,,www.ccshprimary.org.uk,2088564513,,Not applicable,,,,2,Does not have a sixth form,No Nursery Classes,5,11,2,No Special Classes,0,Not applicable,3,Mixed,,1,No boarders,15/01/2026,09/02/2026 00:00,E09000011,Greenwich,E05014089,Shooters Hill,E14001229,Erith and Thamesmead,UN1,Urban: Nearer to a major town or city,E09000011,543236,176562,E02000332,Greenwich 020,E01001682,Greenwich 020D,H,London,2,Church of England,Does not apply,CE36,Diocese of Southwark,4,Local authority maintained schools,0,Not applicable,,,Not under a federation,,,,0,Not applicable,,0,Not applicable,,Not applicable,,,Not applicable,,Not applicable,Not applicable,Not applicable,,,Not applicable
Eltham Church of England Primary School,203,Greenwich,999,,2,Primary,2,Voluntary aided school,Not applicable,Not applicable,1,Open,,0,Not applicable,,0,Not applicable,100167,10079312,3338,,450,237,213,446,53,11.8,,,,,,,,,,,,,,,,,,,,Mrs,Charlotte,Rhodes,Executive Headteacher,1.00E+11,,,Roper Street,Eltham,,London,,SE9 1TR,,http://www.elthamcoeschool.co.uk/,2088501528,,Not applicable,,,,2,Does not have a sixth form,Has Nursery Classes,3,11,2,No Special Classes,0,Not applicable,3,Mixed,,1,No boarders,15/01/2026,09/01/2026 00:00,E09000011,Greenwich,E05014079,Eltham Town & Avery Hill,E14001223,Eltham and Chislehurst,UN1,Urban: Nearer to a major town or city,E09000011,542989,174524,E02000339,Greenwich 027,E01001609,Greenwich 027D,H,London,2,Church of England,Does not apply,CE36,Diocese of Southwark,4,Local authority maintained schools,0,Not applicable,,,Not under a federation,,,,0,Not applicable,,0,Not applicable,,Not applicable,,,Not applicable,,Not applicable,Not applicable,Not applicable,,,Not applicable
Our Lady of Grace Catholic Primary School,203,Greenwich,999,,2,Primary,2,Voluntary aided school,Not applicable,Not applicable,1,Open,,0,Not applicable,,0,Not applicable,100168,10076013,3382,,416,221,195,420,89,21.4,,,,,,,,,,,,,,,,,,,,Mr,Sean,Small,Headteacher,10010254524,,,16 Highcombe,Charlton,,London,,SE7 7HR,,www.ourladyofgracecatholicprimaryschool.co.uk,2088582262,,Not applicable,,,,2,Does not have a sixth form,No Nursery Classes,4,11,2,No Special Classes,0,Not applicable,3,Mixed,,1,No boarders,15/01/2026,09/07/2026 00:00,E09000011,Greenwich,E05014074,Charlton Hornfair,E14001257,Greenwich and Woolwich,UN1,Urban: Nearer to a major town or city,E09000011,540873,177706,E02000326,Greenwich 014,E01001594,Greenwich 014D,H,London,3,Roman Catholic,Does not apply,RC19,Archdiocese of Southwark,4,Local authority maintained schools,0,Not applicable,,,Not under a federation,,,,0,Not applicable,,0,Not applicable,,Not applicable,,,Not applicable,,Not applicable,Not applicable,Not applicable,,,Not applicable
St Joseph's Catholic Primary School,203,Greenwich,999,,2,Primary,2,Voluntary aided school,Not applicable,Not applicable,1,Open,,0,Not applicable,,0,Not applicable,100169,10076012,3481,,124,61,63,210,57,46,,,,,,,,,,,,,,,,,,,,Mrs,Suzanne,Long,Headteacher,1.00E+11,,,Commerell Street,Greenwich,,London,,SE10 9AN,,www.stjosephs.greenwich.sch.uk/,2088584182,,Not applicable,,,,2,Does not have a sixth form,No Nursery Classes,4,11,2,No Special Classes,0,Not applicable,3,Mixed,,1,No boarders,15/01/2026,29/6/2026 00:00:00,E09000011,Greenwich,E05014076,East Greenwich,E14001257,Greenwich and Woolwich,UN1,Urban: Nearer to a major town or city,E09000011,539329,178289,E02006930,Greenwich 037,E01034185,Greenwich 037G,H,London,3,Roman Catholic,Does not apply,RC19,Archdiocese of Southwark,4,Local authority maintained schools,0,Not applicable,,,Not under a federation,,,,0,Not applicable,,0,Not applicable,,Not applicable,,,Not applicable,,Not applicable,Not applicable,Not applicable,,,Not applicable
St Margaret's Church of England Primary School,203,Greenwich,999,,2,Primary,2,Voluntary aided school,Not applicable,Not applicable,1,Open,,0,Not applicable,,0,Not applicable,100170,10069856,3500,,164,81,83,420,76,46.3,,,,,,,,,,,,,,,Not applicable,,,,,Ms,Anna,Sullivan,Headteacher,1.00E+11,,,St Margaret's Grove,Plumstead,,London,,SE18 7RL,,http://www.stmargaretce.greenwich.sch.uk,2088543924,,Not applicable,,,,2,Does not have a sixth form,No Nursery Classes,3,11,2,No Special Classes,0,Not applicable,3,Mixed,,1,No boarders,15/01/2026,29/6/2026 00:00:00,E09000011,Greenwich,E05014093,Woolwich Common,E14001229,Erith and Thamesmead,UN1,Urban: Nearer to a major town or city,E09000011,544274,178095,E02000321,Greenwich 009,E01001633,Greenwich 009B,H,London,2,Church of England,Does not apply,CE36,Diocese of Southwark,4,Local authority maintained schools,0,Not applicable,,,Not under a federation,,,,0,Not applicable,,0,Not applicable,,Not applicable,,,Not applicable,,Not applicable,Not applicable,Not applicable,,,Not applicable
Saint Mary Magdalene Church of England All Through School,203,Greenwich,999,,7,All-through,2,Voluntary aided school,Not applicable,Not applicable,1,Open,,0,Not applicable,,0,Not applicable,100171,10068732,3526,,1624,843,781,1860,670,46,,,,,,,,,,,,,,,,,,,,Co Headteacher,Claire Harrison /,Victoria Wainwright,Co - Headteachers,10010240417,,,Kingsman Street,,,London,,SE18 5PW,,www.koinoniafederation.com,2088543531,,Not applicable,,,,1,Has a sixth form,Has Nursery Classes,3,18,2,No Special Classes,4,Non-selective,3,Mixed,,1,No boarders,15/01/2026,25/9/2026 00:00:00,E09000011,Greenwich,E05014094,Woolwich Dockyard,E14001257,Greenwich and Woolwich,UN1,Urban: Nearer to a major town or city,E09000011,543194,178936,E02006994,Greenwich 042,E01033737,Greenwich 042B,H,London,2,Church of England,Does not apply,CE36,Diocese of Southwark,4,Local authority maintained schools,0,Not applicable,,,Supported by a federation,16268,Koinonia Federation,,0,Not applicable,,0,Not applicable,,Not applicable,,,Not applicable,,Not applicable,Not applicable,Not applicable,,,Not applicable
St Mary's Catholic Primary School,203,Greenwich,999,,2,Primary,2,Voluntary aided school,Not applicable,Not applicable,2,Closed,,0,Not applicable,30/06/2017,10,Academy Converter,100172,,3535,,465,225,240,420,23,5.5,,,,,,,,,,,,,,,,,,,,Miss,M A,Jackson,Headteacher,,,,Glenure Road,Eltham,,London,,SE9 1UF,,,,,Not applicable,,,,2,Does not have a sixth form,Has Nursery Classes,3,11,2,No Special Classes,0,Not applicable,3,Mixed,,1,No boarders,19/01/2017,15/10/2018 00:00:00,E09000011,Greenwich,E05000218,Eltham North,E14000690,Eltham,A1,(England/Wales) Urban major conurbation,E09000011,543505,174748,E02000339,Greenwich 027,E01001608,Greenwich 027C,H,London,3,Roman Catholic,Does not apply,RC19,Archdiocese of Southwark,4,Local authority maintained schools,0,Not applicable,,,Not under a federation,,,,0,Not applicable,,0,Not applicable,,Not applicable,,,Not applicable,,Not applicable,Not applicable,Not applicable,,,Not applicable
St Patrick's Catholic Primary School,203,Greenwich,999,,2,Primary,2,Voluntary aided school,Not applicable,Not applicable,1,Open,,0,Not applicable,,0,Not applicable,100173,10076011,3561,,314,168,146,367,87,28.9,,,,,,,,,,,,,,,Not applicable,,,,,Ms,M,Murphy,Headteacher,1.00E+11,,,"St Patrick's Catholic Primary School,Griffin Road",Plumstead,,London,,SE18 7QG,,http://www.lgfl.net/lgfl/leas/greenwich/schools/stpatricks/,2088543881,,Not applicable,,,,2,Does not have a sixth form,Has Nursery Classes,3,11,2,No Special Classes,0,Not applicable,3,Mixed,,1,No boarders,15/01/2026,16/9/2026 00:00:00,E09000011,Greenwich,E05014087,Plumstead & Glyndon,E14001229,Erith and Thamesmead,UN1,Urban: Nearer to a major town or city,E09000011,544890,178606,E02000319,Greenwich 007,E01001631,Greenwich 007B,H,London,3,Roman Catholic,Does not apply,RC19,Archdiocese of Southwark,4,Local authority maintained schools,0,Not applicable,,,Not under a federation,,,,0,Not applicable,,0,Not applicable,,Not applicable,,,Not applicable,,Not applicable,Not applicable,Not applicable,,,Not applicable
St Alfege with St Peter's Church of England Primary School,203,Greenwich,999,,2,Primary,2,Voluntary aided school,Not applicable,Not applicable,1,Open,,0,Not applicable,,0,Not applicable,100174,10079311,3577,,200,82,118,262,86,45.3,,,,,,,,,,,,,,,,,,,,Mrs,Amanda,Wilson,Headteacher,10010200592,,,Creek Road,Greenwich,,London,,SE10 9RB,,http://www.stalfegeschool.org.uk,2088583613,,Not applicable,,,,2,Does not have a sixth form,Has Nursery Classes,3,11,2,No Special Classes,0,Not applicable,3,Mixed,,1,No boarders,15/01/2026,22/9/2026 00:00:00,E09000011,Greenwich,E05014080,Greenwich Creekside,E14001257,Greenwich and Woolwich,UN1,Urban: Nearer to a major town or city,E09000011,538127,177732,E02006928,Greenwich 035,E01034179,Greenwich 035F,H,London,2,Church of England,Does not apply,CE36,Diocese of Southwark,4,Local authority maintained schools,0,Not applicable,,,Not under a federation,,,,0,Not applicable,,0,Not applicable,,Not applicable,,,Not applicable,,Not applicable,Not applicable,Not applicable,,,Not applicable
St Peter's Catholic Primary School,203,Greenwich,999,,2,Primary,2,Voluntary aided school,Not applicable,Not applicable,1,Open,,0,Not applicable,,0,Not applicable,100175,10076010,3585,,208,116,92,210,44,21.2,,,,,,,,,,,,,,,,,,,,Ms,Marna,Du Bruyn,Headteacher,10010202775,,,Crescent Road,,,London,,SE18 7BN,,www.stpeters.greenwich.sch.uk,2082650028,,Not applicable,,,,2,Does not have a sixth form,No Nursery Classes,5,11,2,No Special Classes,0,Not applicable,3,Mixed,,1,No boarders,15/01/2026,15/9/2026 00:00:00,E09000011,Greenwich,E05014093,Woolwich Common,E14001257,Greenwich and Woolwich,UN1,Urban: Nearer to a major town or city,E09000011,543728,178491,E02000323,Greenwich 011,E01001697,Greenwich 011C,H,London,3,Roman Catholic,Does not apply,RC19,Archdiocese of Southwark,4,Local authority maintained schools,0,Not applicable,,,Not under a federation,,,,0,Not applicable,,0,Not applicable,,Not applicable,,,Not applicable,,Not applicable,Not applicable,Not applicable,,,Not applicable
St Thomas More Catholic Primary School,203,Greenwich,999,,2,Primary,2,Voluntary aided school,Not applicable,Not applicable,1,Open,,0,Not applicable,,0,Not applicable,100176,10076009,3604,,201,104,97,210,68,33.8,,,,,,,,,,,,,,,,,,,,Mrs,L,Collins,Headteacher,1.00E+11,,,Appleton Road,Eltham,,London,,SE9 6NS,,www.stmprimary.org,2088569153,,Not applicable,,,,2,Does not have a sixth form,No Nursery Classes,4,11,2,No Special Classes,0,Not applicable,3,Mixed,,1,No boarders,15/01/2026,29/6/2026 00:00:00,E09000011,Greenwich,E05014077,Eltham Page,E14001223,Eltham and Chislehurst,UN1,Urban: Nearer to a major town or city,E09000011,542156,175625,E02000337,Greenwich 025,E01001624,Greenwich 025D,H,London,3,Roman Catholic,Does not apply,RC19,Archdiocese of Southwark,4,Local authority maintained schools,0,Not applicable,,,Not under a federation,,,,0,Not applicable,,0,Not applicable,,Not applicable,,,Not applicable,,Not applicable,Not applicable,Not applicable,,,Not applicable
St Thomas A Becket Roman Catholic Primary School,203,Greenwich,999,,2,Primary,2,Voluntary aided school,Not applicable,Not applicable,1,Open,,0,Not applicable,,0,Not applicable,100177,10076008,3632,,371,162,209,420,116,33.8,,,,,,,,,,,,,,,,,,,,Mrs,Joanne,Cooper,Headteacher,1.00E+11,,,Mottisfont Road,Abbey Wood,,London,,SE2 9LY,,www.stthomasabecketsch.org.uk/,2083105394,,Not applicable,,,,2,Does not have a sixth form,Has Nursery Classes,3,11,2,No Special Classes,0,Not applicable,3,Mixed,,1,No boarders,15/01/2026,09/09/2026 00:00,E09000011,Greenwich,E05014072,Abbey Wood,E14001229,Erith and Thamesmead,UN1,Urban: Nearer to a major town or city,E09000011,546166,179075,E02000315,Greenwich 003,E01001579,Greenwich 003E,H,London,3,Roman Catholic,Does not apply,RC19,Archdiocese of Southwark,4,Local authority maintained schools,0,Not applicable,,,Not under a federation,,,,0,Not applicable,,0,Not applicable,,Not applicable,,,Not applicable,,Not applicable,Not applicable,Not applicable,,,Not applicable
Holy Family Catholic Primary School,203,Greenwich,999,,2,Primary,2,Voluntary aided school,Not applicable,Not applicable,2,Closed,01/01/1900,0,Not applicable,31/08/2024,2,Closure,100178,10076007,3657,,143,80,63,210,26,19,,,,,,,,,,,,,,,,,,,,Mrs,Tracey,Lewis,Headteacher,1.00E+11,,,Tudway Road,Kidbrooke,Greenwich,London,,SE3 9YX,,,,,Not applicable,,,,2,Does not have a sixth form,Has Nursery Classes,3,11,2,No Special Classes,0,Not applicable,3,Mixed,,1,No boarders,18/01/2024,31/8/2024 00:00:00,E09000011,Greenwich,E05014084,Kidbrooke Village & Sutcliffe,E14001223,Eltham and Chislehurst,A1,(England/Wales) Urban major conurbation,E09000011,541151,175396,E02006927,Greenwich 034,E01034175,Greenwich 034G,H,London,3,Roman Catholic,Does not apply,RC19,Archdiocese of Southwark,4,Local authority maintained schools,0,Not applicable,,,Not under a federation,,,,0,Not applicable,,0,Not applicable,,Not applicable,,,Not applicable,,Not applicable,Not applicable,Not applicable,,,Not applicable
Notre Dame Catholic Primary School,203,Greenwich,999,,2,Primary,2,Voluntary aided school,Not applicable,Not applicable,2,Closed,,0,Not applicable,31/03/2025,10,Academy Converter,100179,10076006,3662,,183,101,82,210,65,35.5,,,,,,,,,,,,,,,,,,,,Mrs,Nicola,McNelis,Executive Headteacher,10010228391,,,169 Eglinton Road,,,London,,SE18 3SJ,,,,,Not applicable,,,,2,Does not have a sixth form,No Nursery Classes,5,11,2,No Special Classes,0,Not applicable,3,Mixed,,1,No boarders,16/01/2025,07/07/2025 00:00,E09000011,Greenwich,E05014089,Shooters Hill,E14001257,Greenwich and Woolwich,A1,(England/Wales) Urban major conurbation,E09000011,543633,177821,E02000327,Greenwich 015,E01001698,Greenwich 015A,H,London,3,Roman Catholic,Does not apply,RC19,Archdiocese of Southwark,4,Local authority maintained schools,0,Not applicable,,,Not under a federation,,,,0,Not applicable,,0,Not applicable,,Not applicable,,,Not applicable,,Not applicable,Not applicable,Not applicable,,,Not applicable
St Margaret Clitherow Catholic Primary School,203,Greenwich,999,,2,Primary,2,Voluntary aided school,Not applicable,Not applicable,1,Open,,0,Not applicable,,0,Not applicable,100180,10076005,3666,,173,88,85,262,45,26,,,,,,,,,,,,,,,,,,,,Ms,Dawn,Webb,Headteacher,10023304878,,,Cole Close,Thamesmead,,London,,SE28 8GB,,http://www.lgfl.net/lgfl/leas/greenwich/schools/stmargaretclitherow/,2083101699,,Not applicable,,,,2,Does not have a sixth form,No Nursery Classes,3,11,2,No Special Classes,0,Not applicable,3,Mixed,,1,No boarders,15/01/2026,09/01/2026 00:00,E09000011,Greenwich,E05014090,Thamesmead Moorings,E14001229,Erith and Thamesmead,UN1,Urban: Nearer to a major town or city,E09000011,546767,180139,E02000313,Greenwich 001,E01001694,Greenwich 001D,H,London,3,Roman Catholic,Does not apply,RC19,Archdiocese of Southwark,4,Local authority maintained schools,0,Not applicable,,,Not under a federation,,,,0,Not applicable,,0,Not applicable,,Not applicable,,,Not applicable,,Not applicable,Not applicable,Not applicable,,,Not applicable
Bishop John Robinson Church of England Primary School,203,Greenwich,999,,2,Primary,2,Voluntary aided school,Not applicable,Not applicable,1,Open,,0,Not applicable,,0,Not applicable,100181,10079310,3668,,209,115,94,236,36,18.4,,,,,,,,,,,,,,,Not applicable,,,,,Ms,Sarah,Biney,Headteacher,1.00E+11,,,Hoveton Road,Thamesmead,,London,,SE28 8LW,,www.bishopjohnrobinsonprimary.co.uk/,2083109160,,Not applicable,,,,2,Does not have a sixth form,Has Nursery Classes,3,11,2,No Special Classes,0,Not applicable,3,Mixed,,1,No boarders,15/01/2026,22/9/2026 00:00:00,E09000011,Greenwich,E05014090,Thamesmead Moorings,E14001229,Erith and Thamesmead,UN1,Urban: Nearer to a major town or city,E09000011,547142,180957,E02000314,Greenwich 002,E01001688,Greenwich 002B,H,London,2,Church of England,Does not apply,CE36,Diocese of Southwark,4,Local authority maintained schools,0,Not applicable,,,Not under a federation,,,,0,Not applicable,,0,Not applicable,,Not applicable,,,Not applicable,,Not applicable,Not applicable,Not applicable,,,Not applicable
Eltham Hill School,203,Greenwich,999,,4,Secondary,1,Community school,Not applicable,Not applicable,1,Open,,0,Not applicable,,0,Not applicable,100182,10015766,4077,,1350,39,1311,1050,257,23.7,,,,,,,,,,,,,,,,,,,,Ms,Erika,Podmore,Headteacher,1.00E+11,,,Eltham Hill,,,London,,SE9 5EE,,http://elthamhill.com,2088592843,,Not applicable,,,,1,Has a sixth form,No Nursery Classes,11,19,2,No Special Classes,4,Non-selective,2,Girls,,1,No boarders,15/01/2026,09/04/2026 00:00,E09000011,Greenwich,E05014085,Middle Park & Horn Park,E14001223,Eltham and Chislehurst,UN1,Urban: Nearer to a major town or city,E09000011,542250,174421,E02000341,Greenwich 029,E01001655,Greenwich 029C,H,London,0,Does not apply,Does not apply,0,Not applicable,4,Local authority maintained schools,0,Not applicable,,,Not under a federation,,,,0,Not applicable,,0,Not applicable,,Not applicable,,,Not applicable,,Not applicable,Not applicable,Not applicable,,,Not applicable
Plumstead Manor School,203,Greenwich,999,,4,Secondary,1,Community school,Not applicable,Not applicable,1,Open,,0,Not applicable,,0,Not applicable,100183,10005125,4130,,1413,724,689,1500,484,40.1,,,,,,,,,,Yes,,,,,Resourced provision,25,25,,,Mr,Douglas,Greig,Head Teacher,1.00E+11,,,Old Mill Road,,,London,,SE18 1QF,,http://www.plumsteadmanor.com,2032603333,,Not applicable,,,,1,Has a sixth form,No Nursery Classes,11,19,2,No Special Classes,4,Non-selective,3,Mixed,,1,No boarders,15/01/2026,22/9/2026 00:00:00,E09000011,Greenwich,E05014087,Plumstead & Glyndon,E14001229,Erith and Thamesmead,UN1,Urban: Nearer to a major town or city,E09000011,544831,178057,E02000319,Greenwich 007,E01001636,Greenwich 007E,H,London,0,Does not apply,Does not apply,0,Not applicable,4,Local authority maintained schools,0,Not applicable,,,Not under a federation,,,,0,Not applicable,,0,Not applicable,,Not applicable,,,Not applicable,,Not applicable,Not applicable,Not applicable,,,Not applicable
Eaglesfield School,203,Greenwich,999,,4,Secondary,1,Community school,Not applicable,Not applicable,2,Closed,,0,Not applicable,31/07/2005,2,Closure,100184,,4190,,,,,544,,,,,,,,,,,,,,,,,,,,,,Mr,J,Collins,Headteacher,2.00E+11,,,Red Lion Lane,Shooters Hill,,London,,SE18 4LD,,,,,Not applicable,,,,2,Does not have a sixth form,No Nursery Classes,15,16,2,No Special Classes,4,Non-selective,1,Boys,,1,No boarders,,14/11/2018 00:00:00,E09000011,Greenwich,E05000227,Shooters Hill,E14000690,Eltham,A1,(England/Wales) Urban major conurbation,E09000011,543268,176919,E02000332,Greenwich 020,E01001679,Greenwich 020A,H,London,0,Does not apply,Does not apply,0,Not applicable,4,Local authority maintained schools,0,Not applicable,,,Not under a federation,,,,0,Not applicable,,0,Not applicable,,Not applicable,,,Not applicable,,Not applicable,Not applicable,Not applicable,,,Not applicable
Kidbrooke School,203,Greenwich,999,,4,Secondary,1,Community school,Not applicable,Not applicable,2,Closed,,0,Not applicable,31/08/2011,10,Academy Converter,100185,10003600,4243,,,,,1479,,,,,,,,Yes,,,,,,,,,Resourced provision,,,,,Ms,T,Jaffe,Headteacher,,,,Corelli Road,Shooters Hill Road,,London,,SE3 8EP,,,,,Not applicable,,,,1,Has a sixth form,Not applicable,11,19,2,No Special Classes,4,Non-selective,3,Mixed,,1,No boarders,,29/11/2019 00:00:00,E09000011,Greenwich,E05000223,Kidbrooke with Hornfair,E14000690,Eltham,A1,(England/Wales) Urban major conurbation,E09000011,542034,176480,E02000334,Greenwich 022,E01001649,Greenwich 022D,H,London,0,Does not apply,Does not apply,0,Not applicable,4,Local authority maintained schools,0,Not applicable,,,Not under a federation,,,,0,Not applicable,,0,Not applicable,,Not applicable,,,Not applicable,,Not applicable,Not applicable,Not applicable,,,Not applicable
Abbey Wood School,203,Greenwich,999,,4,Secondary,1,Community school,Not applicable,Not applicable,2,Closed,,0,Not applicable,31/08/2009,6,For Academy,100186,10014881,4245,,,,,1225,,,,,,,,,,,,,,,,,,,,,,Ms,S,Harry,Headteacher,,,,Eynsham Drive,Abbey Wood,,London,,SE2 9AJ,,,,,Not applicable,,,,2,Does not have a sixth form,Not applicable,11,16,2,No Special Classes,4,Non-selective,3,Mixed,,1,No boarders,,14/11/2018 00:00:00,E09000011,Greenwich,E05000214,Abbey Wood,E14000696,Erith and Thamesmead,A1,(England/Wales) Urban major conurbation,E09000011,546423,179244,E02000315,Greenwich 003,E01001579,Greenwich 003E,H,London,0,Does not apply,Does not apply,0,Not applicable,4,Local authority maintained schools,0,Not applicable,,,Not under a federation,,,,0,Not applicable,,0,Not applicable,,Not applicable,,,Not applicable,,Not applicable,Not applicable,Not applicable,,,Not applicable
Woolwich Polytechnic School for Boys,203,Greenwich,999,,4,Secondary,1,Community school,Not applicable,Not applicable,2,Closed,,0,Not applicable,31/07/2014,10,Academy Converter,100187,10013305,4250,,,,,1349,,,,,,,,,,,,,,,,,,,,,,Mr,Byron,Parker,Headteacher,,,,Hutchins Road,Thamesmead,,London,,SE28 8AT,,,,,Not applicable,,,,1,Has a sixth form,No Nursery Classes,11,19,2,No Special Classes,4,Non-selective,1,Boys,,1,No boarders,,18/10/2018 00:00:00,E09000011,Greenwich,E05000228,Thamesmead Moorings,E14000696,Erith and Thamesmead,A1,(England/Wales) Urban major conurbation,E09000011,546432,180397,E02000314,Greenwich 002,E01033745,Greenwich 002I,H,London,0,Does not apply,Does not apply,0,Not applicable,4,Local authority maintained schools,0,Not applicable,,,Not under a federation,,,,0,Not applicable,,0,Not applicable,,Not applicable,,,Not applicable,,Not applicable,Not applicable,Not applicable,,,Not applicable
The Eltham Foundation School,203,Greenwich,999,,4,Secondary,5,Foundation school,Not applicable,Not applicable,2,Closed,,0,Not applicable,31/08/2012,6,For Academy,100188,10015721,4257,,,,,1200,,,,,,,,,,,,,,,,,,,,,,Mr,George,McMillan,Headteacher,,,,1 Middle Park Avenue,Eltham,,London,,SE9 5EQ,,,,,Not applicable,,,,2,Does not have a sixth form,No Nursery Classes,11,16,2,No Special Classes,4,Non-selective,3,Mixed,,1,No boarders,,14/11/2018 00:00:00,E09000011,Greenwich,E05000224,Middle Park and Sutcliffe,E14000690,Eltham,A1,(England/Wales) Urban major conurbation,E09000011,541806,174461,E02000341,Greenwich 029,E01001661,Greenwich 029E,H,London,6,None,Does not apply,0,Not applicable,4,Local authority maintained schools,1,Supported by a trust,1247,Eltham Green School Trust,Not under a federation,,,,0,Not applicable,,0,Not applicable,,Not applicable,,,Not applicable,,Not applicable,Not applicable,Not applicable,,,Not applicable
Crown Woods College,203,Greenwich,999,,4,Secondary,1,Community school,Not applicable,Not applicable,2,Closed,,0,Not applicable,31/08/2014,10,Academy Converter,100189,10001773,4271,,,,,1963,,,,,Yes,,,,,,,,,,,,Resourced provision,,,,,Mr,M J,Murphy,Headteacher,10010238137,,,145 Bexley Road,Eltham,,London,,SE9 2QN,,,,,Not applicable,,,,1,Has a sixth form,No Nursery Classes,11,18,2,No Special Classes,4,Non-selective,3,Mixed,,1,No boarders,,14/11/2018 00:00:00,E09000011,Greenwich,E05000219,Eltham South,E14000690,Eltham,A1,(England/Wales) Urban major conurbation,E09000011,544345,174937,E02000340,Greenwich 028,E01001614,Greenwich 028B,H,London,0,Does not apply,Does not apply,0,Not applicable,4,Local authority maintained schools,0,Not applicable,,,Not under a federation,,,,0,Not applicable,,0,Not applicable,,Not applicable,,,Not applicable,,Not applicable,Not applicable,Not applicable,,,Not applicable
Thomas Tallis School,203,Greenwich,999,,4,Secondary,1,Community school,Not applicable,Not applicable,1,Open,,0,Not applicable,,0,Not applicable,100190,10006893,4294,,2092,1130,962,1950,418,31.1,,,,Yes,Yes,,,,,,,,,,Resourced provision,41,40,,,Mr,Steve,Parsons,Head Teacher,10010195758,,,134 Kidbrooke Park Road,,,London,,SE3 9PX,,www.thomastallisschool.com,2088560115,,Not applicable,,,,1,Has a sixth form,No Nursery Classes,11,19,2,No Special Classes,4,Non-selective,3,Mixed,,1,No boarders,15/01/2026,25/9/2026 00:00:00,E09000011,Greenwich,E05014084,Kidbrooke Village & Sutcliffe,E14001223,Eltham and Chislehurst,UN1,Urban: Nearer to a major town or city,E09000011,540856,175919,E02006927,Greenwich 034,E01034174,Greenwich 034F,H,London,0,Does not apply,Does not apply,0,Not applicable,4,Local authority maintained schools,0,Not applicable,,,Not under a federation,,,,0,Not applicable,,0,Not applicable,,Not applicable,,,Not applicable,,Not applicable,Not applicable,Not applicable,,,Not applicable
Waterfield School,203,Greenwich,999,,4,Secondary,1,Community school,Not applicable,Not applicable,2,Closed,,0,Not applicable,31/08/1996,0,Not applicable,100191,,4296,,,,,,,,,,,,,,,,,,,,,,,,,,,,,,Headteacher,,,,Waterfield Close,,,London,,SE28 8AT,,,,,Not applicable,,,,0,Not applicable,Not applicable,11,18,2,No Special Classes,4,Non-selective,3,Mixed,,1,No boarders,,14/11/2018 00:00:00,E09000011,Greenwich,E05000228,Thamesmead Moorings,E14000696,Erith and Thamesmead,A1,(England/Wales) Urban major conurbation,E09000011,546432,180397,E02000314,Greenwich 002,E01033745,Greenwich 002I,H,London,0,Does not apply,Does not apply,0,Not applicable,4,Local authority maintained schools,0,Not applicable,,,Not under a federation,,,,0,Not applicable,,0,Not applicable,,Not applicable,,,Not applicable,,Not applicable,Not applicable,Not applicable,,,Not applicable
The John Roan School,203,Greenwich,999,,4,Secondary,3,Voluntary controlled school,Not applicable,Not applicable,2,Closed,01/01/1900,0,Not applicable,31/08/2019,6,For Academy,100192,10006718,4508,,1216,698,518,1400,245,23.4,,,,,,Yes,,,,,,,,,Resourced provision,,,,,Ms,Cath,Smith,Interim Headteacher,1.00E+11,,,Westcombe Park Road,Blackheath,,London,,SE3 7QR,,,,,Not applicable,,,,1,Has a sixth form,No Nursery Classes,11,18,2,No Special Classes,4,Non-selective,3,Mixed,,1,No boarders,17/01/2019,31/8/2019 00:00:00,E09000011,Greenwich,E05000215,Blackheath Westcombe,E14000718,Greenwich and Woolwich,A1,(England/Wales) Urban major conurbation,E09000011,539630,177440,E02000328,Greenwich 016,E01001587,Greenwich 016D,H,London,6,None,Does not apply,0,Not applicable,4,Local authority maintained schools,0,Not applicable,,,Not under a federation,,,,0,Not applicable,,0,Not applicable,,Not applicable,,,Not applicable,,Not applicable,Not applicable,Not applicable,,,Not applicable
St Ursula's Convent School,203,Greenwich,999,,4,Secondary,2,Voluntary aided school,Not applicable,Not applicable,1,Open,,0,Not applicable,,0,Not applicable,100193,10017241,4682,,481,0,481,675,139,29,,,,,,,,,,,,,,,,,,,,Mr,Mark,O'Shaughnessy,Headteacher,1.00E+11,,,Crooms Hill,Greenwich,,London,,SE10 8HN,,www.stursulas.com,2088584613,,Not applicable,,,,2,Does not have a sixth form,No Nursery Classes,11,16,2,No Special Classes,4,Non-selective,2,Girls,,1,No boarders,15/01/2026,09/02/2026 00:00,E09000011,Greenwich,E05014081,Greenwich Park,E14001257,Greenwich and Woolwich,UN1,Urban: Nearer to a major town or city,E09000011,538590,177088,E02006931,Greenwich 038,E01001642,Greenwich 038C,H,London,3,Roman Catholic,Does not apply,RC19,Archdiocese of Southwark,4,Local authority maintained schools,0,Not applicable,,,Not under a federation,,,,0,Not applicable,,0,Not applicable,,Not applicable,,,Not applicable,,Not applicable,Not applicable,Not applicable,,,Not applicable
St Paul's Catholic School,203,Greenwich,999,,4,Secondary,2,Voluntary aided school,Not applicable,Not applicable,2,Closed,,0,Not applicable,31/08/2005,6,For Academy,100194,,4696,,,,,471,,,,,,,,,,,,,,,,,,,,,,Mr,P G,Winston,Headteacher,,,,Wickham Lane,Abbey Wood,,London,,SE2 0XX,,,,,Not applicable,,,,2,Does not have a sixth form,Not applicable,11,16,2,No Special Classes,4,Non-selective,3,Mixed,,1,No boarders,,14/11/2018 00:00:00,E09000011,Greenwich,E05000226,Plumstead,E14000696,Erith and Thamesmead,A1,(England/Wales) Urban major conurbation,E09000011,546176,177800,E02006786,Greenwich 033,E01001669,Greenwich 033A,H,London,3,Roman Catholic,Does not apply,RC19,Archdiocese of Southwark,4,Local authority maintained schools,0,Not applicable,,,Not under a federation,,,,0,Not applicable,,0,Not applicable,,Not applicable,,,Not applicable,,Not applicable,Not applicable,Not applicable,,,Not applicable
Blackheath Bluecoat Church of England School,203,Greenwich,999,,4,Secondary,2,Voluntary aided school,Not applicable,Not applicable,2,Closed,,0,Not applicable,31/08/2014,2,Closure,100195,10000753,4715,,,,,943,,,,,,,,,,,,,,,,,,,,,,Mr,Barnaby,Ash,Headteacher,,,,Old Dover Road,Blackheath,,London,,SE3 8SY,,,,,Not applicable,,,,1,Has a sixth form,No Nursery Classes,11,18,2,No Special Classes,4,Non-selective,3,Mixed,,1,No boarders,,14/11/2018 00:00:00,E09000011,Greenwich,E05000223,Kidbrooke with Hornfair,E14000690,Eltham,A1,(England/Wales) Urban major conurbation,E09000011,540926,177226,E02000331,Greenwich 019,E01001652,Greenwich 019D,H,London,2,Church of England,Does not apply,CE36,Diocese of Southwark,4,Local authority maintained schools,0,Not applicable,,,Not under a federation,,,,0,Not applicable,,0,Not applicable,,Not applicable,,,Not applicable,,Not applicable,Not applicable,Not applicable,,,Not applicable
St Thomas More Roman Catholic Comprehensive School,203,Greenwich,999,,4,Secondary,2,Voluntary aided school,Not applicable,Not applicable,2,Closed,,0,Not applicable,31/01/2015,10,Academy Converter,100196,10013306,4716,,,,,613,,,,,,,,,,,,,,,,,,,,,,Mr,Markus,Ryan,Headteacher,10010197752,,,Footscray Road,,,London,,SE9 2SU,,,,,Not applicable,,,,2,Does not have a sixth form,No Nursery Classes,11,16,2,No Special Classes,4,Non-selective,3,Mixed,,1,No boarders,,18/10/2018 00:00:00,E09000011,Greenwich,E05000219,Eltham South,E14000690,Eltham,A1,(England/Wales) Urban major conurbation,E09000011,543353,174161,E02000340,Greenwich 028,E01001613,Greenwich 028A,H,London,3,Roman Catholic,Does not apply,RC19,Archdiocese of Southwark,4,Local authority maintained schools,0,Not applicable,,,Not under a federation,,,,0,Not applicable,,0,Not applicable,,Not applicable,,,Not applicable,,Not applicable,Not applicable,Not applicable,,,Not applicable
Hawksmoor School,203,Greenwich,999,,2,Primary,5,Foundation school,Not applicable,Not applicable,2,Closed,01/01/1900,0,Not applicable,31/03/2021,6,For Academy,100197,10069600,5200,,460,231,229,730,102,23.1,,,,,,,,,,,,,,,,,,,,Mr,Gareth,Thomas,Executive Headteacher,1.00E+11,,,Bentham Road,Thamesmead,,London,,SE28 8AS,,,,,Not applicable,,,,2,Does not have a sixth form,Has Nursery Classes,3,11,2,No Special Classes,0,Not applicable,3,Mixed,,1,No boarders,21/01/2021,07/02/2021 00:00,E09000011,Greenwich,E05000228,Thamesmead Moorings,E14000696,Erith and Thamesmead,A1,(England/Wales) Urban major conurbation,E09000011,546726,180495,E02000313,Greenwich 001,E01001692,Greenwich 001B,H,London,6,None,Does not apply,0,Not applicable,4,Local authority maintained schools,2,Not supported by a trust,,,Not under a federation,,,,0,Not applicable,,0,Not applicable,,Not applicable,,,Not applicable,,Not applicable,Not applicable,Not applicable,,,Not applicable
The Pointer School,203,Greenwich,999,,0,Not applicable,11,Other independent school,Not applicable,Not approved,1,Open,11/06/1957,0,Not applicable,,0,Not applicable,100198,10079116,6065,,344,225,119,364,,,1,35,,,,,,,,,,,,,,,,,,Mrs,Charlotte,Crookes,Headteacher,1.00E+11,Dukes Education Group Ltd,,19 Stratheden Road,Blackheath,,London,,SE3 7TH,,http://pointers.school,2082931331,ISI,Not applicable,,,,2,Does not have a sixth form,Has Nursery Classes,3,11,2,No Special Classes,4,Non-selective,3,Mixed,Does not have boarders,1,No boarders,18/01/2024,20/8/2026 00:00:00,E09000011,Greenwich,E05014073,Blackheath Westcombe,E14001257,Greenwich and Woolwich,UN1,Urban: Nearer to a major town or city,E09000011,540209,177029,E02000333,Greenwich 021,E01001580,Greenwich 021A,H,London,6,None,Christian,0,Not applicable,3,Independent schools,0,Not applicable,,,Not applicable,,,,0,Not applicable,,0,Not applicable,,Not applicable,,,Not applicable,,Not applicable,Not applicable,Not applicable,,,Not applicable
Blackheath Prep,203,Greenwich,999,,0,Not applicable,11,Other independent school,Not applicable,Not approved,1,Open,26/02/1958,0,Not applicable,,0,Not applicable,100199,10079115,6114,,390,189,201,420,,,0,43,,,,,,,,,,,,,,,,,,Ms,Vikki,Lloyd,Headteacher,10010215818,Eltham College,,4 St German's Place,Blackheath,,London,,SE3 0NJ,,www.blackheathprep.co.uk,2088580692,ISI,Not applicable,,,,2,Does not have a sixth form,Has Nursery Classes,3,11,2,No Special Classes,2,Selective,3,Mixed,Does not have boarders,1,No boarders,18/01/2024,25/9/2026 00:00:00,E09000011,Greenwich,E05014073,Blackheath Westcombe,E14001257,Greenwich and Woolwich,UN1,Urban: Nearer to a major town or city,E09000011,540095,176757,E02000333,Greenwich 021,E01001583,Greenwich 021C,H,London,6,None,Church of England/Christian,0,Not applicable,3,Independent schools,0,Not applicable,,,Not applicable,,,,0,Not applicable,,0,Not applicable,,Not applicable,,,Not applicable,,Not applicable,Not applicable,Not applicable,,,Not applicable
Riverston School,203,Greenwich,999,,0,Not applicable,11,Other independent school,Not applicable,Not approved,1,Open,28/11/1957,0,Not applicable,,0,Not applicable,100200,10017042,6169,,206,133,73,326,,,125,9,,,,,,,,,,,,,,,,,,Mr,Guy,Baker,Headteacher,10023233154,Cavendish Education Ltd,,63-69 Eltham Road,Lee Green,,London,,SE12 8UF,,www.riverstonschool.co.uk,2083184327,ISI,Not applicable,,,,1,Has a sixth form,No Nursery Classes,1,21,2,No Special Classes,4,Non-selective,3,Mixed,Does not have boarders,1,No boarders,18/01/2024,23/7/2026 00:00:00,E09000011,Greenwich,E05014084,Kidbrooke Village & Sutcliffe,E14001223,Eltham and Chislehurst,UN1,Urban: Nearer to a major town or city,E09000011,540433,174828,E02006927,Greenwich 034,E01001658,Greenwich 034C,H,London,6,None,None,0,Not applicable,3,Independent schools,0,Not applicable,,,Not applicable,,,,0,Not applicable,,0,Not applicable,,Not applicable,,,Not applicable,,Not applicable,Not applicable,Not applicable,,,Not applicable
St Olave's Prep School,203,Greenwich,999,,0,Not applicable,11,Other independent school,Not applicable,Not approved,1,Open,25/11/1957,0,Not applicable,,0,Not applicable,100201,10079114,6170,,217,110,107,220,,,2,18,,,,,,,,,,,,,,,,,,Miss,Claire,Holloway,Headteacher,10010198081,St Olave's School Trust,,106-110 Southwood Road,New Eltham,,London,,SE9 3QS,,www.stolaves.org.uk,2082948930,ISI,Not applicable,,,,2,Does not have a sixth form,Has Nursery Classes,3,11,2,No Special Classes,4,Non-selective,3,Mixed,Does not have boarders,1,No boarders,18/01/2024,21/9/2026 00:00:00,E09000011,Greenwich,E05014086,"Mottingham, Coldharbour & New Eltham",E14001223,Eltham and Chislehurst,UN1,Urban: Nearer to a major town or city,E09000011,543704,172762,E02000344,Greenwich 032,E01001600,Greenwich 032C,H,London,6,None,None,0,Not applicable,3,Independent schools,0,Not applicable,,,Not applicable,,,,0,Not applicable,,0,Not applicable,,Not applicable,,,Not applicable,,Not applicable,Not applicable,Not applicable,,,Not applicable
Colfe's School,203,Greenwich,999,,0,Not applicable,11,Other independent school,Not applicable,Not approved,1,Open,09/01/1977,0,Not applicable,,0,Not applicable,100202,10008171,6293,,1325,732,593,1400,,,8,492,,,,,,,,,,,,,,,,,,Mr,Daniel,Gabriele,Headteacher,1.00E+11,Colfe's School Ltd,,Horn Park Lane,Lee,,London,,SE12 8AW,,www.colfes.com,2084638104,ISI,Not applicable,,,,1,Has a sixth form,Has Nursery Classes,3,19,2,No Special Classes,2,Selective,3,Mixed,Does not have boarders,1,No boarders,18/01/2024,23/7/2026 00:00:00,E09000011,Greenwich,E05014085,Middle Park & Horn Park,E14001223,Eltham and Chislehurst,UN1,Urban: Nearer to a major town or city,E09000011,540572,174309,E02006927,Greenwich 034,E01001659,Greenwich 034D,H,London,99,,Church of England,0,Not applicable,3,Independent schools,0,Not applicable,,,Not applicable,,,,0,Not applicable,,0,Not applicable,,Not applicable,,,Not applicable,,Not applicable,Not applicable,Not applicable,,,Not applicable
Heath House Preparatory School,209,Lewisham,999,,0,Not applicable,11,Other independent school,Not applicable,Not approved,1,Open,11/11/1993,0,Not applicable,,0,Not applicable,100203,10079113,6294,,105,68,37,200,,,4,22,,,,,,,,,,,,,,,,,,Mr,Mark,Pearce,Headteacher,1.00E+11,Heath House Prep School Ltd,,37 Wemyss Road,Blackheath,,London,,SE3 0TG,,www.heathhouseprepschool.com,2082971900,ISI,Not applicable,,,,2,Does not have a sixth form,Has Nursery Classes,3,11,2,No Special Classes,4,Non-selective,3,Mixed,Does not have boarders,1,No boarders,18/01/2024,23/7/2026 00:00:00,E09000023,Lewisham,E05013715,Blackheath,E14001332,Lewisham North,UN1,Urban: Nearer to a major town or city,E09000023,539675,176150,E02000661,Lewisham 009,E01003200,Lewisham 009B,H,London,6,None,Inter- / non- denominational,0,Not applicable,3,Independent schools,0,Not applicable,,,Not applicable,,,,0,Not applicable,,0,Not applicable,,Not applicable,,,Not applicable,,Not applicable,Not applicable,Not applicable,,,Not applicable
King's Oak School,203,Greenwich,999,,0,Not applicable,7,Community special school,Not applicable,Not applicable,1,Open,,0,Not applicable,,0,Not applicable,100204,10016539,7118,,39,39,0,49,24,61.5,,,,,Yes,Yes,Yes,,,Yes,,,,,Not applicable,,,,,Mr,Meic,Griffiths,Headteacher,1.00E+11,,,Eltham Palace Road,Eltham,,London,,SE9 5LX,,www.imperiumfederation.co.uk,2088508081,,Not applicable,,,,0,Not applicable,Not applicable,11,16,1,Has Special Classes,0,Not applicable,1,Boys,,1,No boarders,15/01/2026,09/09/2026 00:00,E09000011,Greenwich,E05014085,Middle Park & Horn Park,E14001223,Eltham and Chislehurst,UN1,Urban: Nearer to a major town or city,E09000011,541778,174205,E02000341,Greenwich 029,E01001661,Greenwich 029E,H,London,0,Does not apply,Does not apply,0,Not applicable,5,Special schools,0,Not applicable,,,Supported by a federation,17047,Imperium Federation,,0,Not applicable,,0,Not applicable,,Not applicable,,,Not applicable,,Not applicable,Not applicable,Not applicable,,,Not applicable
Charlton Park School,203,Greenwich,999,,0,Not applicable,7,Community special school,Not applicable,Not applicable,2,Closed,,0,Not applicable,31/08/2001,0,Not applicable,100205,,7130,,,,,,,,,,,,,,,,Yes,,Yes,,,,,,,,,Mr,M,Dale-Emberton,Headteacher,,,,Charlton Park Road,Charlton,,London,,SE7 8HX,,,,,Not applicable,,,,0,Not applicable,Not applicable,5,19,1,Has Special Classes,0,Not applicable,3,Mixed,,1,No boarders,,14/11/2018 00:00:00,E09000011,Greenwich,E05000216,Charlton,E14000718,Greenwich and Woolwich,A1,(England/Wales) Urban major conurbation,E09000011,542173,177854,E02000324,Greenwich 012,E01001595,Greenwich 012D,H,London,0,Does not apply,Does not apply,0,Not applicable,5,Special schools,0,Not applicable,,,Not under a federation,,,,0,Not applicable,,0,Not applicable,,Not applicable,,,Not applicable,,Not applicable,Not applicable,Not applicable,,,Not applicable
Griffin Manor School,203,Greenwich,999,,0,Not applicable,7,Community special school,Not applicable,Not applicable,2,Closed,,0,Not applicable,09/01/2001,0,Not applicable,100206,,7157,,,,,,,,,,,,,Yes,,,,,,,,,,,,,,Ms,Linda,Carroll,Headteacher,,,,Welton Road,Swingate Lane,,London,,SE18 2JD,,,,,Not applicable,,,,0,Not applicable,Not applicable,4,19,1,Has Special Classes,0,Not applicable,3,Mixed,,1,No boarders,,14/11/2018 00:00:00,E09000011,Greenwich,E05000227,Shooters Hill,E14000690,Eltham,A1,(England/Wales) Urban major conurbation,E09000011,545275,176991,E02000329,Greenwich 017,E01001678,Greenwich 017A,H,London,0,Does not apply,Does not apply,0,Not applicable,5,Special schools,0,Not applicable,,,Not under a federation,,,,0,Not applicable,,0,Not applicable,,Not applicable,,,Not applicable,,Not applicable,Not applicable,Not applicable,,,Not applicable
Maze Hill School,203,Greenwich,999,,0,Not applicable,7,Community special school,Not applicable,Not applicable,2,Closed,,0,Not applicable,31/08/2001,0,Not applicable,100207,,7181,,,,,,,,,,,,,,,,,,Yes,,,,,,,,,Ms,P,Hardaker,Headteacher,,,,Woodland Crescent,Greenwich,,London,,SE10 9UP,,,,,Not applicable,,,,0,Not applicable,Not applicable,4,19,1,Has Special Classes,0,Not applicable,3,Mixed,,1,No boarders,,14/11/2018 00:00:00,E09000011,Greenwich,E05000225,Peninsula,E14000718,Greenwich and Woolwich,A1,(England/Wales) Urban major conurbation,E09000011,539092,178006,E02006930,Greenwich 037,E01001664,Greenwich 037B,H,London,0,Does not apply,Does not apply,0,Not applicable,5,Special schools,0,Not applicable,,,Not under a federation,,,,0,Not applicable,,0,Not applicable,,Not applicable,,,Not applicable,,Not applicable,Not applicable,Not applicable,,,Not applicable
Nine Acres School,203,Greenwich,999,,0,Not applicable,7,Community special school,Not applicable,Not applicable,2,Closed,,0,Not applicable,31/08/2001,0,Not applicable,100208,,7187,,,,,,,,,,,,,,,,,,Yes,,,,,,,,,Miss,S B M,Batstone,Headteacher,10010194247,,,Robert Street,Plumstead,,London,,SE18 7NB,,,,,Not applicable,,,,0,Not applicable,Not applicable,5,19,1,Has Special Classes,0,Not applicable,3,Mixed,,1,No boarders,,14/11/2018 00:00:00,E09000011,Greenwich,E05000221,Glyndon,E14000718,Greenwich and Woolwich,A1,(England/Wales) Urban major conurbation,E09000011,544584,178535,E02000321,Greenwich 009,E01001634,Greenwich 009C,H,London,0,Does not apply,Does not apply,0,Not applicable,5,Special schools,0,Not applicable,,,Not under a federation,,,,0,Not applicable,,0,Not applicable,,Not applicable,,,Not applicable,,Not applicable,Not applicable,Not applicable,,,Not applicable
Brantridge School,203,Greenwich,999,,0,Not applicable,7,Community special school,Not applicable,Not applicable,2,Closed,,0,Not applicable,31/12/2002,2,Closure,100209,,7196,,,,,,,,,,,,,,Yes,,,,,,,,,,,,,Mr,R,Winn,Headteacher,10070642950,,,Staplefield Place,Staplefield,,Haywards Heath,West Sussex,RH17 6EQ,,,,,Not applicable,,,,0,Not applicable,Not applicable,6,14,1,Has Special Classes,0,Not applicable,1,Boys,,1,No boarders,,14/11/2018 00:00:00,E07000228,Mid Sussex,E05007679,Cuckfield,E14000817,Mid Sussex,F1,(England/Wales) Rural hamlet and isolated dwellings,E09000011,527323,128190,E02006610,Mid Sussex 007,E01031727,Mid Sussex 007D,H,London,0,Does not apply,Does not apply,0,Not applicable,5,Special schools,0,Not applicable,,,Not under a federation,,,,0,Not applicable,,0,Not applicable,,Not applicable,,,Not applicable,,Not applicable,Not applicable,Not applicable,,,Not applicable
Greenwood School,203,Greenwich,999,,0,Not applicable,7,Community special school,Not applicable,Not applicable,2,Closed,,0,Not applicable,31/08/2001,0,Not applicable,100210,,7197,,,,,,,,,,,,,,Yes,,,Yes,,,,,,,,,,Ms,B,Brammer,Headteacher,10010224939,,,Swingate Lane,Plumstead,,London,,SE18 2JD,,,,,Not applicable,,,,0,Not applicable,Not applicable,2,11,1,Has Special Classes,0,Not applicable,3,Mixed,,1,No boarders,,14/11/2018 00:00:00,E09000011,Greenwich,E05000227,Shooters Hill,E14000690,Eltham,A1,(England/Wales) Urban major conurbation,E09000011,545275,176991,E02000329,Greenwich 017,E01001678,Greenwich 017A,H,London,0,Does not apply,Does not apply,0,Not applicable,5,Special schools,0,Not applicable,,,Not under a federation,,,,0,Not applicable,,0,Not applicable,,Not applicable,,,Not applicable,,Not applicable,Not applicable,Not applicable,,,Not applicable
Churchfield School,203,Greenwich,999,,0,Not applicable,7,Community special school,Not applicable,Not applicable,2,Closed,,0,Not applicable,31/08/2006,2,Closure,100211,,7198,,,,,,,,,,,,,,Yes,,,Yes,,,Yes,,,,,,,Mr,M,Holmes,Headteacher,,,,Church Manor Way,Abbey Wood,,London,,SE2 0HY,,,,,Not applicable,,,,0,Not applicable,Not applicable,11,16,1,Has Special Classes,0,Not applicable,3,Mixed,,1,No boarders,,14/11/2018 00:00:00,E09000011,Greenwich,E05000226,Plumstead,E14000696,Erith and Thamesmead,A1,(England/Wales) Urban major conurbation,E09000011,546020,178549,E02000318,Greenwich 006,E01001674,Greenwich 006C,H,London,0,Does not apply,Does not apply,0,Not applicable,5,Special schools,0,Not applicable,,,Not under a federation,,,,0,Not applicable,,0,Not applicable,,Not applicable,,,Not applicable,,Not applicable,Not applicable,Not applicable,,,Not applicable
Wentworth Nursery School and Children's Centre,204,Hackney,999,,1,Nursery,15,Local authority nursery school,Not applicable,Not applicable,1,Open,,0,Not applicable,,0,Not applicable,100212,,1008,,92,51,41,,10,15.6,,,,,,Yes,,,,,,,,,Resourced provision,8,8,,,Ms,Farzana,Chowdhury,Headteacher,,,,Cassland Road,Hackney,,London,,E9 5BY,,www.wentworth.hackney.sch.uk,2089853491,,Not applicable,,,,0,Not applicable,Has Nursery Classes,2,5,0,Not applicable,0,Not applicable,3,Mixed,,1,No boarders,15/01/2026,09/09/2026 00:00,E09000012,Hackney,E05009374,Hackney Wick,E14001260,Hackney South and Shoreditch,UN1,Urban: Nearer to a major town or city,E09000012,535916,184524,E02000366,Hackney 022,E01001845,Hackney 022E,H,London,0,Does not apply,Does not apply,0,Not applicable,4,Local authority maintained schools,0,Not applicable,,,Not under a federation,,,,0,Not applicable,,0,Not applicable,,Not applicable,,,Not applicable,,Not applicable,Not applicable,Not applicable,,,Not applicable
Comet Nursery School and Children's Centre,204,Hackney,999,,1,Nursery,15,Local authority nursery school,Not applicable,Not applicable,1,Open,,0,Not applicable,,0,Not applicable,100213,,1051,,129,81,48,,12,20.3,,,Yes,Yes,Yes,Yes,,Yes,Yes,Yes,Yes,Yes,Yes,Yes,Resourced provision,23,24,,,Ms,Lisa,Clarke,Headteacher,1.00E+11,,,20 Halcomb Street,Hoxton,Comet Nursery School and Children's Centre,London,,N1 5RF,,https://www.cometnurseryandcc.co.uk/website,2077499850,,Not applicable,,,,0,Not applicable,Not applicable,2,5,0,Not applicable,0,Not applicable,3,Mixed,,1,No boarders,15/01/2026,17/9/2026 00:00:00,E09000012,Hackney,E05009377,Hoxton East & Shoreditch,E14001260,Hackney South and Shoreditch,UN1,Urban: Nearer to a major town or city,E09000012,533227,183661,E02000369,Hackney 025,E01035645,Hackney 025J,H,London,0,Does not apply,Does not apply,0,Not applicable,4,Local authority maintained schools,0,Not applicable,,,Not under a federation,,,,0,Not applicable,,0,Not applicable,,Not applicable,,,Not applicable,,Not applicable,Not applicable,Not applicable,,,Not applicable
New River Pupil Referral Unit,204,Hackney,999,,0,Not applicable,14,Pupil referral unit,Not applicable,Not applicable,2,Closed,,0,Not applicable,13/01/1998,0,Not applicable,100214,,1100,,,,,,,,,,,,,,,,,,,,,,,,,,,,,,Headteacher,,,,New River Building,Clissold Road,,London,,N16 9EX,,,,,Not applicable,,,,0,Not applicable,Not applicable,5,18,0,Not applicable,0,Not applicable,3,Mixed,,1,No boarders,,24/9/2015 00:00:00,E09000012,Hackney,E05009369,Clissold,E14000720,Hackney North and Stoke Newington,A1,(England/Wales) Urban major conurbation,E09000012,532830,186146,E02000356,Hackney 012,E01001737,Hackney 012B,H,London,0,Does not apply,Does not apply,0,Not applicable,4,Local authority maintained schools,0,Not applicable,,,Not applicable,,,,0,Not applicable,,0,Not applicable,,Not applicable,,,Not applicable,,Not applicable,Not applicable,Not applicable,,,Not applicable
Daniel House Pupil Referral Unit,204,Hackney,999,,0,Not applicable,14,Pupil referral unit,Not applicable,Not applicable,2,Closed,,0,Not applicable,31/08/2010,1,Result of Amalgamation/Merger,100215,10016573,1101,,,,,,,,,,,,,,,,,,,,,,,,,,,Ms,Annie,Cornbleet,Headteacher,,,,Daniel House,Clissold Road,,London,,N16 9EX,,,,,Not applicable,,,,0,Not applicable,Not applicable,11,16,0,Not applicable,0,Not applicable,3,Mixed,,1,No boarders,,14/11/2018 00:00:00,E09000012,Hackney,E05009369,Clissold,E14000720,Hackney North and Stoke Newington,A1,(England/Wales) Urban major conurbation,E09000012,532830,186146,E02000356,Hackney 012,E01001737,Hackney 012B,H,London,0,Does not apply,Does not apply,0,Not applicable,4,Local authority maintained schools,0,Not applicable,,,Not applicable,,,,0,Not applicable,,0,Not applicable,,Not applicable,,,Not applicable,,Not applicable,Not applicable,Not applicable,,,Not applicable
Amherst Primary School,204,Hackney,999,,2,Primary,1,Community school,Not applicable,Not applicable,2,Closed,,0,Not applicable,20/03/2005,4,Fresh Start,100216,,2018,,,,,525,,,,,,,,,,,,,,,,,,,,,,Mrs,J,Stygal,Headteacher,,,,Sigdon Road,Hackney,,London,,E8 1AS,,,,,Not applicable,,,,2,Does not have a sixth form,Has Nursery Classes,3,11,2,No Special Classes,0,Not applicable,3,Mixed,,1,No boarders,,14/11/2018 00:00:00,E09000012,Hackney,E05009372,Hackney Central,E14000721,Hackney South and Shoreditch,A1,(England/Wales) Urban major conurbation,E09000012,534440,185098,E02000360,Hackney 016,E01001761,Hackney 016F,H,London,0,Does not apply,Does not apply,0,Not applicable,4,Local authority maintained schools,0,Not applicable,,,Not under a federation,,,,0,Not applicable,,0,Not applicable,,Not applicable,,,Not applicable,,Not applicable,Not applicable,Not applicable,,,Not applicable
Benthal Primary School Infant Department,204,Hackney,999,,2,Primary,1,Community school,Not applicable,Not applicable,2,Closed,,0,Not applicable,31/08/2006,1,Result of Amalgamation/Merger,100217,,2044,,,,,180,,,,,,,,,,,,,,,,,,,,,,Mrs,Marion,Whipps,Headteacher,,,,Benthal Road,,,London,,N16 7AU,,,,,Not applicable,,,,0,Not applicable,Has Nursery Classes,3,7,2,No Special Classes,0,Not applicable,3,Mixed,,1,No boarders,,14/11/2018 00:00:00,E09000012,Hackney,E05009373,Hackney Downs,E14000720,Hackney North and Stoke Newington,A1,(England/Wales) Urban major conurbation,E09000012,534224,186153,E02000354,Hackney 010,E01001764,Hackney 010A,H,London,0,Does not apply,Does not apply,0,Not applicable,4,Local authority maintained schools,0,Not applicable,,,Not under a federation,,,,0,Not applicable,,0,Not applicable,,Not applicable,,,Not applicable,,Not applicable,Not applicable,Not applicable,,,Not applicable
Berger Primary School,204,Hackney,999,,2,Primary,1,Community school,Not applicable,Not applicable,1,Open,,0,Not applicable,,0,Not applicable,100218,10078035,2048,,414,211,203,480,237,59.3,,,,,,,,,,,,,,,,,,,,Mr,Yusuf,Gleason,Headteacher,1.00E+11,,,Anderson Road,Hackney,,London,,E9 6HB,,www.berger.hackney.sch.uk,2089856280,,Not applicable,,,,2,Does not have a sixth form,Has Nursery Classes,2,11,2,No Special Classes,0,Not applicable,3,Mixed,,1,No boarders,15/01/2026,23/9/2026 00:00:00,E09000012,Hackney,E05009376,Homerton,E14001260,Hackney South and Shoreditch,UN1,Urban: Nearer to a major town or city,E09000012,535671,184827,E02000363,Hackney 019,E01001730,Hackney 019B,H,London,0,Does not apply,Does not apply,0,Not applicable,4,Local authority maintained schools,0,Not applicable,,,Not under a federation,,,,0,Not applicable,,0,Not applicable,,Not applicable,,,Not applicable,,Not applicable,Not applicable,Not applicable,,,Not applicable
Burbage Junior School,204,Hackney,999,,2,Primary,1,Community school,Not applicable,Not applicable,2,Closed,,0,Not applicable,04/01/1997,0,Not applicable,100219,,2076,,,,,,,,,,,,,,,,,,,,,,,,,,,,,,Headteacher,,,,Ivy Street,,,London,,N1 5JD,,,,,Not applicable,,,,0,Not applicable,No Nursery Classes,7,11,2,No Special Classes,0,Not applicable,3,Mixed,,1,No boarders,,24/9/2015 00:00:00,E09000012,Hackney,E05009377,Hoxton East & Shoreditch,E14000721,Hackney South and Shoreditch,A1,(England/Wales) Urban major conurbation,E09000012,533197,183412,E02000369,Hackney 025,E01001755,Hackney 025D,H,London,0,Does not apply,Does not apply,0,Not applicable,4,Local authority maintained schools,0,Not applicable,,,Not under a federation,,,,0,Not applicable,,0,Not applicable,,Not applicable,,,Not applicable,,Not applicable,Not applicable,Not applicable,,,Not applicable
Burbage Infants' School,204,Hackney,999,,2,Primary,1,Community school,Not applicable,Not applicable,2,Closed,,0,Not applicable,04/01/1997,0,Not applicable,100220,,2077,,,,,,,,,,,,,,,,,,,,,,,,,,,,,,Headteacher,,,,Ivy Street,,,London,,N1 5JD,,,,,Not applicable,,,,0,Not applicable,Has Nursery Classes,5,7,2,No Special Classes,0,Not applicable,3,Mixed,,1,No boarders,,24/9/2015 00:00:00,E09000012,Hackney,E05009377,Hoxton East & Shoreditch,E14000721,Hackney South and Shoreditch,A1,(England/Wales) Urban major conurbation,E09000012,533197,183412,E02000369,Hackney 025,E01001755,Hackney 025D,H,London,0,Does not apply,Does not apply,0,Not applicable,4,Local authority maintained schools,0,Not applicable,,,Not under a federation,,,,0,Not applicable,,0,Not applicable,,Not applicable,,,Not applicable,,Not applicable,Not applicable,Not applicable,,,Not applicable
Colvestone Primary School,204,Hackney,999,,2,Primary,1,Community school,Not applicable,Not applicable,2,Closed,,0,Not applicable,30/08/2024,1,Result of Amalgamation/Merger,100221,10078034,2120,,105,54,51,245,42,40.8,,,,,,,,,,,,,,,,,,,,Mr,Robin,Warren,Headteacher,1.00E+11,,,Colvestone Crescent,Hackney,,London,,E8 2LG,,,,,Not applicable,,,,2,Does not have a sixth form,Has Nursery Classes,3,11,2,No Special Classes,0,Not applicable,3,Mixed,,1,No boarders,18/01/2024,30/8/2024 00:00:00,E09000012,Hackney,E05009370,Dalston,E14001260,Hackney South and Shoreditch,A1,(England/Wales) Urban major conurbation,E09000012,533631,185118,E02000364,Hackney 020,E01035640,Hackney 020F,H,London,0,Does not apply,Does not apply,0,Not applicable,4,Local authority maintained schools,0,Not applicable,,,Not under a federation,,,,0,Not applicable,,0,Not applicable,,Not applicable,,,Not applicable,,Not applicable,Not applicable,Not applicable,,,Not applicable
Craven Park School,204,Hackney,999,,2,Primary,1,Community school,Not applicable,Not applicable,2,Closed,,0,Not applicable,31/08/2005,4,Fresh Start,100222,,2140,,,,,207,,,,,,,,,,,,,,,,,,,,,,Mrs,Mary,Deane,Headteacher,,,,Castlewood Road,,,London,,N16 6DH,,,,,Not applicable,,,,2,Does not have a sixth form,Has Nursery Classes,3,11,2,No Special Classes,0,Not applicable,3,Mixed,,1,No boarders,,14/11/2018 00:00:00,E09000012,Hackney,E05009383,Springfield,E14000720,Hackney North and Stoke Newington,A1,(England/Wales) Urban major conurbation,E09000012,534233,188030,E02000345,Hackney 001,E01001825,Hackney 001E,H,London,0,Does not apply,Does not apply,0,Not applicable,4,Local authority maintained schools,0,Not applicable,,,Not under a federation,,,,0,Not applicable,,0,Not applicable,,Not applicable,,,Not applicable,,Not applicable,Not applicable,Not applicable,,,Not applicable
Daubeney Primary School,204,Hackney,999,,2,Primary,1,Community school,Not applicable,Not applicable,1,Open,,0,Not applicable,,0,Not applicable,100223,10078033,2150,,382,206,176,519,187,49.7,,,,,,,,,,,,,,,,,,,,Mr,Robin,Warren,Exectutive Head,1.00E+11,,,Daubeney Road,Clapton,,London,,E5 0EG,,www.daubeney.hackney.sch.uk,2089854380,,Not applicable,,,,2,Does not have a sixth form,Has Nursery Classes,2,11,0,Not applicable,0,Not applicable,3,Mixed,,1,No boarders,15/01/2026,09/02/2026 00:00,E09000012,Hackney,E05009379,King's Park,E14001259,Hackney North and Stoke Newington,UN1,Urban: Nearer to a major town or city,E09000012,536126,185583,E02000359,Hackney 015,E01001791,Hackney 015D,H,London,0,Does not apply,Does not apply,0,Not applicable,4,Local authority maintained schools,0,Not applicable,,,Supported by a federation,16680,"Blossom Federation of Daubeney, Sebright & Lauriston Schools",,0,Not applicable,,0,Not applicable,,Not applicable,,,Not applicable,,Not applicable,Not applicable,Not applicable,,,Not applicable
De Beauvoir Primary School,204,Hackney,999,,2,Primary,1,Community school,Not applicable,Not applicable,2,Closed,01/01/1990,0,Not applicable,31/08/2024,2,Closure,100224,10078032,2155,,33,16,17,210,16,48.5,,,,,,,,,,,,,,,,,,,,Miss,Rebecca,Mackenzie,Headteacher,1.00E+11,,,Beechwood Road,,,London,,E8 3DY,United Kingdom,,,,Not applicable,,,,2,Does not have a sixth form,Has Nursery Classes,3,11,2,No Special Classes,0,Not applicable,3,Mixed,,1,No boarders,18/01/2024,31/8/2024 00:00:00,E09000012,Hackney,E05009370,Dalston,E14001260,Hackney South and Shoreditch,A1,(England/Wales) Urban major conurbation,E09000012,533644,184605,E02007108,Hackney 030,E01033700,Hackney 030B,H,London,0,Does not apply,Does not apply,0,Not applicable,4,Local authority maintained schools,0,Not applicable,,,Not under a federation,,,,0,Not applicable,,0,Not applicable,,Not applicable,,,Not applicable,,Not applicable,Not applicable,Not applicable,,,Not applicable
Gainsborough Primary School,204,Hackney,999,,2,Primary,1,Community school,Not applicable,Not applicable,1,Open,,0,Not applicable,,0,Not applicable,100225,10073850,2238,,308,166,142,320,132,48.5,,,,,,,Yes,,,,,,,,Resourced provision,13,14,,,Ms,Jenna,Clark,Headteacher,1.00E+11,,,Berkshire Road,,,London,,E9 5ND,,www.gainsborough.hackney.sch.uk,2089854622,,Not applicable,,,,2,Does not have a sixth form,Has Nursery Classes,0,11,2,No Special Classes,0,Not applicable,3,Mixed,,1,No boarders,15/01/2026,29/6/2026 00:00:00,E09000012,Hackney,E05009374,Hackney Wick,E14001260,Hackney South and Shoreditch,UN1,Urban: Nearer to a major town or city,E09000012,536980,184834,E02000362,Hackney 018,E01001849,Hackney 018D,H,London,0,Does not apply,Does not apply,0,Not applicable,4,Local authority maintained schools,0,Not applicable,,,Supported by a federation,1473,Primary Advantage Federation,,0,Not applicable,,0,Not applicable,,Not applicable,,,Not applicable,,Not applicable,Not applicable,Not applicable,,,Not applicable
Gayhurst Junior School,204,Hackney,999,,2,Primary,1,Community school,Not applicable,Not applicable,2,Closed,,0,Not applicable,09/01/1995,0,Not applicable,100226,,2245,,,,,,,,,,,,,,,,,,,,,,,,,,,,,,Headteacher,,,,Gayhurst Road,,,London,,E8 3EN,,,,,Not applicable,,,,0,Not applicable,No Nursery Classes,7,11,2,No Special Classes,0,Not applicable,3,Mixed,,1,No boarders,,24/9/2015 00:00:00,E09000012,Hackney,E05009381,London Fields,E14000721,Hackney South and Shoreditch,A1,(England/Wales) Urban major conurbation,E09000012,534450,184386,E02000364,Hackney 020,E01001816,Hackney 020D,H,London,0,Does not apply,Does not apply,0,Not applicable,4,Local authority maintained schools,0,Not applicable,,,Not under a federation,,,,0,Not applicable,,0,Not applicable,,Not applicable,,,Not applicable,,Not applicable,Not applicable,Not applicable,,,Not applicable
Gayhurst Infants' School,204,Hackney,999,,2,Primary,1,Community school,Not applicable,Not applicable,2,Closed,,0,Not applicable,09/01/1995,0,Not applicable,100227,,2246,,,,,,,,,,,,,,,,,,,,,,,,,,,,,,Headteacher,,,,Gayhurst Road,,,London,,E8 3EN,,,,,Not applicable,,,,0,Not applicable,Has Nursery Classes,5,7,2,No Special Classes,0,Not applicable,3,Mixed,,1,No boarders,,24/9/2015 00:00:00,E09000012,Hackney,E05009381,London Fields,E14000721,Hackney South and Shoreditch,A1,(England/Wales) Urban major conurbation,E09000012,534450,184386,E02000364,Hackney 020,E01001816,Hackney 020D,H,London,0,Does not apply,Does not apply,0,Not applicable,4,Local authority maintained schools,0,Not applicable,,,Not under a federation,,,,0,Not applicable,,0,Not applicable,,Not applicable,,,Not applicable,,Not applicable,Not applicable,Not applicable,,,Not applicable
Laburnum Primary School,204,Hackney,999,,2,Primary,1,Community school,Not applicable,Not applicable,2,Closed,,0,Not applicable,31/08/2003,2,Closure,100228,,2362,,,,,249,,,,,,,,,,,,,,,,,,,,,,Miss,G A,Raine,Headteacher,10008320294,,,Laburnum Street,Hackney,,London,,E2 8BA,,,,,Not applicable,,,,0,Not applicable,Has Nursery Classes,3,11,2,No Special Classes,0,Not applicable,3,Mixed,,1,No boarders,,14/11/2018 00:00:00,E09000012,Hackney,E05009375,Haggerston,E14000721,Hackney South and Shoreditch,A1,(England/Wales) Urban major conurbation,E09000012,533752,183613,E02000369,Hackney 025,E01001773,Hackney 025E,H,London,0,Does not apply,Does not apply,0,Not applicable,4,Local authority maintained schools,0,Not applicable,,,Not under a federation,,,,0,Not applicable,,0,Not applicable,,Not applicable,,,Not applicable,,Not applicable,Not applicable,Not applicable,,,Not applicable
Lauriston School,204,Hackney,999,,2,Primary,1,Community school,Not applicable,Not applicable,1,Open,,0,Not applicable,,0,Not applicable,100229,10078031,2376,,440,253,187,420,106,24.3,,,,,,,,,,,,,,,,,,,,Mr,Robin,Warren,Executive Headteacher,1.00E+11,,,Rutland Road,,,London,,E9 7JS,,www.lauriston.hackney.sch.uk,2089856331,,Not applicable,,,,2,Does not have a sixth form,Has Nursery Classes,3,11,2,No Special Classes,0,Not applicable,3,Mixed,,1,No boarders,15/01/2026,09/02/2026 00:00,E09000012,Hackney,E05009386,Victoria,E14001260,Hackney South and Shoreditch,UN1,Urban: Nearer to a major town or city,E09000012,535636,183779,E02000366,Hackney 022,E01001836,Hackney 022A,H,London,0,Does not apply,Does not apply,0,Not applicable,4,Local authority maintained schools,0,Not applicable,,,Supported by a federation,16680,"Blossom Federation of Daubeney, Sebright & Lauriston Schools",,0,Not applicable,,0,Not applicable,,Not applicable,,,Not applicable,,Not applicable,Not applicable,Not applicable,,,Not applicable
London Fields Primary School,204,Hackney,999,,2,Primary,1,Community school,Not applicable,Not applicable,1,Open,,0,Not applicable,,0,Not applicable,100230,10078030,2388,,407,207,200,457,134,33.3,,,,,,,,,,,,,,,,,,,,Ms,Sharon,Taylor,Headteacher,1.00E+11,,,Westgate Street,Hackney,,London,,E8 3RL,,www.londonfields.hackney.sch.uk,2072544330,,Not applicable,,,,2,Does not have a sixth form,Has Nursery Classes,3,11,2,No Special Classes,0,Not applicable,3,Mixed,,1,No boarders,15/01/2026,19/7/2026 00:00:00,E09000012,Hackney,E05009381,London Fields,E14001260,Hackney South and Shoreditch,UN1,Urban: Nearer to a major town or city,E09000012,534642,183828,E02000367,Hackney 023,E01033712,Hackney 023G,H,London,0,Does not apply,Does not apply,0,Not applicable,4,Local authority maintained schools,0,Not applicable,,,Not under a federation,,,,0,Not applicable,,0,Not applicable,,Not applicable,,,Not applicable,,Not applicable,Not applicable,Not applicable,,,Not applicable
Millfields Community School,204,Hackney,999,,2,Primary,1,Community school,Not applicable,Not applicable,1,Open,,0,Not applicable,,0,Not applicable,100231,10077177,2421,,634,330,304,680,166,26.5,,,,,,Yes,,,,,,,,,Resourced provision,12,12,,,Mr,Robin,Warren,Headteacher,10091775145,,,Hilsea Street,Hackney,,London,,E5 0SH,,http://www.millfields.hackney.sch.uk/,2089857898,,Not applicable,,,,2,Does not have a sixth form,Has Nursery Classes,3,11,2,No Special Classes,0,Not applicable,3,Mixed,,1,No boarders,15/01/2026,09/01/2026 00:00,E09000012,Hackney,E05009380,Lea Bridge,E14001259,Hackney North and Stoke Newington,UN1,Urban: Nearer to a major town or city,E09000012,535218,185910,E02000355,Hackney 011,E01001793,Hackney 011B,H,London,0,Does not apply,Does not apply,0,Not applicable,4,Local authority maintained schools,0,Not applicable,,,Not under a federation,,,,0,Not applicable,,0,Not applicable,,Not applicable,,,Not applicable,,Not applicable,Not applicable,Not applicable,,,Not applicable
Morningside Primary School,204,Hackney,999,,2,Primary,1,Community school,Not applicable,Not applicable,1,Open,,0,Not applicable,,0,Not applicable,100232,10073849,2431,,428,209,219,504,250,62.2,,,,,,,,,,,,,,,,,,,,Ms,Rachel,Smith and Jo Stonehouse,Headteacher,1.00E+11,,,Chatham Place,Hackney,Morningside Primary School,London,,E9 6LL,,www.morningside.hackney.sch.uk,2089855382,,Not applicable,,,,2,Does not have a sixth form,Has Nursery Classes,2,11,2,No Special Classes,0,Not applicable,3,Mixed,,1,No boarders,15/01/2026,09/01/2026 00:00,E09000012,Hackney,E05009376,Homerton,E14001260,Hackney South and Shoreditch,UN1,Urban: Nearer to a major town or city,E09000012,535292,184869,E02000361,Hackney 017,E01001731,Hackney 017A,H,London,0,Does not apply,Does not apply,0,Not applicable,4,Local authority maintained schools,0,Not applicable,,,Supported by a federation,1473,Primary Advantage Federation,,0,Not applicable,,0,Not applicable,,Not applicable,,,Not applicable,,Not applicable,Not applicable,Not applicable,,,Not applicable
Northwold Primary School,204,Hackney,999,,2,Primary,1,Community school,Not applicable,Not applicable,2,Closed,,0,Not applicable,31/03/2015,10,Academy Converter,100233,,2444,,,,,470,,,,,,,,,,,,,,,,,,,,,,Ms,Alison,Kriel,Headteacher,,,,Northwold Road,Clapton,,London,,E5 8RN,,,,,Not applicable,,,,2,Does not have a sixth form,Has Nursery Classes,3,11,2,No Special Classes,0,Not applicable,3,Mixed,,1,No boarders,,14/11/2018 00:00:00,E09000012,Hackney,E05009373,Hackney Downs,E14000720,Hackney North and Stoke Newington,A1,(England/Wales) Urban major conurbation,E09000012,534289,186613,E02000350,Hackney 006,E01001768,Hackney 006D,H,London,0,Does not apply,Does not apply,0,Not applicable,4,Local authority maintained schools,0,Not applicable,,,Not under a federation,,,,0,Not applicable,,0,Not applicable,,Not applicable,,,Not applicable,,Not applicable,Not applicable,Not applicable,,,Not applicable
Orchard Primary School,204,Hackney,999,,2,Primary,1,Community school,Not applicable,Not applicable,1,Open,,0,Not applicable,,0,Not applicable,100234,10078029,2450,,518,254,264,630,310,61.4,,,,,,,,,,,,,,,,,,,,Mr,Stephen,O'Brien,Executive Headteacher,1.00E+11,,,Holcroft Road,Hackney,,London,,E9 7BB,,www.orchard.hackney.sch.uk/,2089857785,,Not applicable,,,,2,Does not have a sixth form,Has Nursery Classes,3,11,2,No Special Classes,0,Not applicable,3,Mixed,,1,No boarders,15/01/2026,29/6/2026 00:00:00,E09000012,Hackney,E05009386,Victoria,E14001260,Hackney South and Shoreditch,UN1,Urban: Nearer to a major town or city,E09000012,535394,184242,E02000366,Hackney 022,E01001840,Hackney 022B,H,London,0,Does not apply,Does not apply,0,Not applicable,4,Local authority maintained schools,0,Not applicable,,,Supported by a federation,1652,"The Viridis Federation of Orchard, Southwold & Hoxton Garden Primary Schools",,0,Not applicable,,0,Not applicable,,Not applicable,,,Not applicable,,Not applicable,Not applicable,Not applicable,,,Not applicable
Queensbridge Primary School,204,Hackney,999,,2,Primary,1,Community school,Not applicable,Not applicable,1,Open,,0,Not applicable,,0,Not applicable,100235,10078028,2487,,398,205,193,420,182,45.7,,,Yes,,Yes,Yes,Yes,Yes,,,Yes,Yes,Yes,,Resourced provision and SEN unit,14,14,43,120,Ms,Sarah,Bailey OBE,Executive Head Teacher,1.00E+11,,,Queensbridge Road,Haggerston,Hackney,London,,E8 4ET,,www.queensbridge.hackney.sch.uk,2072541186,,Not applicable,,,,2,Does not have a sixth form,No Nursery Classes,4,11,1,Has Special Classes,0,Not applicable,3,Mixed,,1,No boarders,15/01/2026,14/9/2026 00:00:00,E09000012,Hackney,E05009381,London Fields,E14001260,Hackney South and Shoreditch,UN1,Urban: Nearer to a major town or city,E09000012,533825,184027,E02000364,Hackney 020,E01001819,Hackney 020E,H,London,0,Does not apply,Does not apply,0,Not applicable,4,Local authority maintained schools,0,Not applicable,,,Not under a federation,,,,0,Not applicable,,0,Not applicable,,Not applicable,,,Not applicable,,Not applicable,Not applicable,Not applicable,,,Not applicable
Randal Cremer Primary School,204,Hackney,999,,2,Primary,1,Community school,Not applicable,Not applicable,2,Closed,01/01/1990,0,Not applicable,31/08/2024,2,Closure,100236,10078027,2489,,115,53,62,420,62,56.9,,,,,,,,,,,,,,,,,,,,Ms,Jo,Riley,Headteacher,1.00E+11,,,Ormsby Street,Shoreditch,"Randal Cremer Primary School, Ormsby Street",London,,E2 8JG,,,,,Not applicable,,,,2,Does not have a sixth form,Has Nursery Classes,3,11,2,No Special Classes,0,Not applicable,3,Mixed,,1,No boarders,18/01/2024,31/8/2024 00:00:00,E09000012,Hackney,E05009375,Haggerston,E14001260,Hackney South and Shoreditch,A1,(England/Wales) Urban major conurbation,E09000012,533638,183358,E02000369,Hackney 025,E01001776,Hackney 025F,H,London,0,Does not apply,Does not apply,0,Not applicable,4,Local authority maintained schools,0,Not applicable,,,Not under a federation,,,,0,Not applicable,,0,Not applicable,,Not applicable,,,Not applicable,,Not applicable,Not applicable,Not applicable,,,Not applicable
Rushmore Junior School,204,Hackney,999,,2,Primary,1,Community school,Not applicable,Not applicable,2,Closed,,0,Not applicable,09/01/1995,0,Not applicable,100237,,2530,,,,,,,,,,,,,,,,,,,,,,,,,,,,,,Headteacher,,,,Elderfield Road,Hackney,,London,,E5 0EY,,,,,Not applicable,,,,0,Not applicable,No Nursery Classes,7,11,2,No Special Classes,0,Not applicable,3,Mixed,,1,No boarders,,24/9/2015 00:00:00,E09000012,Hackney,E05009380,Lea Bridge,E14000720,Hackney North and Stoke Newington,A1,(England/Wales) Urban major conurbation,E09000012,535529,185756,E02000355,Hackney 011,E01001796,Hackney 011E,H,London,0,Does not apply,Does not apply,0,Not applicable,4,Local authority maintained schools,0,Not applicable,,,Not under a federation,,,,0,Not applicable,,0,Not applicable,,Not applicable,,,Not applicable,,Not applicable,Not applicable,Not applicable,,,Not applicable
Rushmore Infants' School,204,Hackney,999,,2,Primary,1,Community school,Not applicable,Not applicable,2,Closed,,0,Not applicable,09/01/1995,0,Not applicable,100238,,2531,,,,,,,,,,,,,,,,,,,,,,,,,,,,,,Headteacher,1.00E+11,,,Rushmore Road,,,London,,E5 0EY,,,,,Not applicable,,,,0,Not applicable,Has Nursery Classes,5,7,2,No Special Classes,0,Not applicable,3,Mixed,,1,No boarders,,24/9/2015 00:00:00,E09000012,Hackney,E05009380,Lea Bridge,E14000720,Hackney North and Stoke Newington,A1,(England/Wales) Urban major conurbation,E09000012,535529,185756,E02000355,Hackney 011,E01001796,Hackney 011E,H,London,0,Does not apply,Does not apply,0,Not applicable,4,Local authority maintained schools,0,Not applicable,,,Not under a federation,,,,0,Not applicable,,0,Not applicable,,Not applicable,,,Not applicable,,Not applicable,Not applicable,Not applicable,,,Not applicable
Princess May Primary School,204,Hackney,999,,2,Primary,1,Community school,Not applicable,Not applicable,1,Open,,0,Not applicable,,0,Not applicable,100239,10078026,2532,,198,101,97,420,90,47.6,,,,,,,,,,,,,,,,,,,,Mr,Kevin,Reynolds,Headteacher,,,,Princess May Road,,,London,,N16 8DF,,www.princessmay.hackney.sch.uk/,2072541589,,Not applicable,,,,2,Does not have a sixth form,Has Nursery Classes,3,11,2,No Special Classes,0,Not applicable,3,Mixed,,1,No boarders,15/01/2026,25/9/2026 00:00:00,E09000012,Hackney,E05009382,Shacklewell,E14001259,Hackney North and Stoke Newington,UN1,Urban: Nearer to a major town or city,E09000012,533380,185516,E02000358,Hackney 014,E01001835,Hackney 014F,H,London,0,Does not apply,Does not apply,0,Not applicable,4,Local authority maintained schools,0,Not applicable,,,Not under a federation,,,,0,Not applicable,,0,Not applicable,,Not applicable,,,Not applicable,,Not applicable,Not applicable,Not applicable,,,Not applicable
Sebright School,204,Hackney,999,,2,Primary,1,Community school,Not applicable,Not applicable,1,Open,,0,Not applicable,,0,Not applicable,100240,10078025,2539,,430,209,221,460,185,44,,,,,Yes,,,,,,,,,,Resourced provision,5,24,,,Mr,Robin,Warren,Executive Headteacher,1.00E+11,,,Audrey Street,Goldsmiths Row,,London,,E2 8QH,,http://www.sebright.hackney.sch.uk,2077396531,,Not applicable,,,,2,Does not have a sixth form,Has Nursery Classes,3,11,1,Has Special Classes,0,Not applicable,3,Mixed,,1,No boarders,15/01/2026,09/02/2026 00:00,E09000012,Hackney,E05009375,Haggerston,E14001260,Hackney South and Shoreditch,UN1,Urban: Nearer to a major town or city,E09000012,534243,183445,E02000368,Hackney 024,E01001775,Hackney 024C,H,London,0,Does not apply,Does not apply,0,Not applicable,4,Local authority maintained schools,0,Not applicable,,,Supported by a federation,16680,"Blossom Federation of Daubeney, Sebright & Lauriston Schools",,0,Not applicable,,0,Not applicable,,Not applicable,,,Not applicable,,Not applicable,Not applicable,Not applicable,,,Not applicable
Shacklewell Primary School,204,Hackney,999,,2,Primary,1,Community school,Not applicable,Not applicable,1,Open,,0,Not applicable,,0,Not applicable,100241,10073848,2545,,461,213,248,482,155,35.2,,,,,,,,,,,,,,,,,,,,Ms,Nicole,Reid (Executive Headteacher),Executive Headteacher,1.00E+11,,,Shacklewell Row,Hackney,,London,,E8 2EA,,www.shacklewell.hackney.sch.uk/,2072541415,,Not applicable,,,,2,Does not have a sixth form,Has Nursery Classes,2,11,2,No Special Classes,0,Not applicable,3,Mixed,,1,No boarders,15/01/2026,09/09/2026 00:00,E09000012,Hackney,E05009382,Shacklewell,E14001259,Hackney North and Stoke Newington,UN1,Urban: Nearer to a major town or city,E09000012,533714,185576,E02000360,Hackney 016,E01001745,Hackney 016A,H,London,0,Does not apply,Does not apply,0,Not applicable,4,Local authority maintained schools,0,Not applicable,,,Supported by a federation,1589,New Wave Federation,,0,Not applicable,,0,Not applicable,,Not applicable,,,Not applicable,,Not applicable,Not applicable,Not applicable,,,Not applicable
Southwold Primary School,204,Hackney,999,,2,Primary,1,Community school,Not applicable,Not applicable,1,Open,,0,Not applicable,,0,Not applicable,100242,10078014,2564,,341,171,170,430,175,52.7,,,,,,,,,,,,,,,,,,,,Mr,Stephen,O'Brien,Executive Headteacher,1.00E+11,,,Detmold Road,Clapton,,Hackney,,E5 9NL,,www.southwold.hackney.sch.uk/,2088065201,,Not applicable,,,,2,Does not have a sixth form,Has Nursery Classes,3,11,2,No Special Classes,0,Not applicable,3,Mixed,,1,No boarders,15/01/2026,15/9/2026 00:00:00,E09000012,Hackney,E05009380,Lea Bridge,E14001259,Hackney North and Stoke Newington,UN1,Urban: Nearer to a major town or city,E09000012,535010,186746,E02006918,Hackney 028,E01001798,Hackney 028A,H,London,0,Does not apply,Does not apply,0,Not applicable,4,Local authority maintained schools,0,Not applicable,,,Supported by a federation,1652,"The Viridis Federation of Orchard, Southwold & Hoxton Garden Primary Schools",,0,Not applicable,,0,Not applicable,,Not applicable,,,Not applicable,,Not applicable,Not applicable,Not applicable,,,Not applicable
Thomas Fairchild Community School,204,Hackney,999,,2,Primary,1,Community school,Not applicable,Not applicable,1,Open,,0,Not applicable,,0,Not applicable,100243,10077176,2592,,210,109,101,240,143,70.1,,,,,Yes,,,,,,,,,,Resourced provision,10,10,,,Miss,Sophie,Medhurst,Executive Headteacher,10008242905,,,Forston Street,Hoxton,,London,,N1 7HA,,http://www.thomasfairchild.hackney.sch.uk/,2072539469,,Not applicable,,,,2,Does not have a sixth form,Has Nursery Classes,3,11,2,No Special Classes,0,Not applicable,3,Mixed,,1,No boarders,15/01/2026,09/09/2026 00:00,E09000012,Hackney,E05009378,Hoxton West,E14001260,Hackney South and Shoreditch,UN1,Urban: Nearer to a major town or city,E09000012,532494,183307,E02000370,Hackney 026,E01035646,Hackney 026E,H,London,0,Does not apply,Does not apply,0,Not applicable,4,Local authority maintained schools,0,Not applicable,,,Not under a federation,,,,0,Not applicable,,0,Not applicable,,Not applicable,,,Not applicable,,Not applicable,Not applicable,Not applicable,,,Not applicable
Oldhill Community School,204,Hackney,999,,2,Primary,1,Community school,Not applicable,Not applicable,2,Closed,01/01/1900,0,Not applicable,31/08/2025,1,Result of Amalgamation/Merger,100244,10077175,2615,,162,77,85,420,98,61.3,,,,,,Yes,,,,,,,,,Resourced provision,10,10,,,,Jacquline,Benjamin,Headteacher,1.00E+11,,,Oldhill Street,,Oldhill Community School,London,,N16 6LR,United Kingdom,,,,Not applicable,,,,2,Does not have a sixth form,Has Nursery Classes,3,11,2,No Special Classes,0,Not applicable,3,Mixed,,1,No boarders,16/01/2025,10/10/2025 00:00,E09000012,Hackney,E05009368,Cazenove,E14001259,Hackney North and Stoke Newington,UN1,Urban: Nearer to a major town or city,E09000012,534111,187372,E02000348,Hackney 004,E01001725,Hackney 004A,H,London,0,Does not apply,Does not apply,0,Not applicable,4,Local authority maintained schools,0,Not applicable,,,Not under a federation,,,,0,Not applicable,,0,Not applicable,,Not applicable,,,Not applicable,,Not applicable,Not applicable,Not applicable,,,Not applicable
Shoreditch Park Primary School,204,Hackney,999,,2,Primary,1,Community school,Not applicable,Not applicable,1,Open,,0,Not applicable,,0,Not applicable,100245,10077174,2636,,441,221,220,445,255,59.3,,,,,,Yes,,,,,,,,,Resourced provision,,,,,Ms,Penny,Smith,Headteacher,1.00E+11,,,Bridport Place,,,London,,N1 5JN,United Kingdom,www.shoreditchpark.hackney.sch.uk,2077397973,,Not applicable,,,,2,Does not have a sixth form,Has Nursery Classes,3,11,1,Has Special Classes,0,Not applicable,3,Mixed,,1,No boarders,15/01/2026,17/9/2026 00:00:00,E09000012,Hackney,E05009377,Hoxton East & Shoreditch,E14001260,Hackney South and Shoreditch,UN1,Urban: Nearer to a major town or city,E09000012,532859,183527,E02000369,Hackney 025,E01035643,Hackney 025H,H,London,0,Does not apply,Does not apply,0,Not applicable,4,Local authority maintained schools,0,Not applicable,,,Not under a federation,,,,0,Not applicable,,0,Not applicable,,Not applicable,,,Not applicable,,Not applicable,Not applicable,Not applicable,,,Not applicable
William Patten Junior School,204,Hackney,999,,2,Primary,1,Community school,Not applicable,Not applicable,2,Closed,,0,Not applicable,09/01/1996,0,Not applicable,100246,,2641,,,,,,,,,,,,,,,,,,,,,,,,,,,,,,Headteacher,,,,Stoke Newington Church Street,,,London,,N16 0NX,,,,,Not applicable,,,,0,Not applicable,No Nursery Classes,7,11,2,No Special Classes,0,Not applicable,3,Mixed,,1,No boarders,,24/9/2015 00:00:00,E09000012,Hackney,E05009385,Stoke Newington,E14000720,Hackney North and Stoke Newington,A1,(England/Wales) Urban major conurbation,E09000012,533537,186525,E02000353,Hackney 009,E01001829,Hackney 009C,H,London,0,Does not apply,Does not apply,0,Not applicable,4,Local authority maintained schools,0,Not applicable,,,Not under a federation,,,,0,Not applicable,,0,Not applicable,,Not applicable,,,Not applicable,,Not applicable,Not applicable,Not applicable,,,Not applicable
William Patten Infants' School,204,Hackney,999,,2,Primary,1,Community school,Not applicable,Not applicable,2,Closed,,0,Not applicable,09/01/1996,0,Not applicable,100247,,2642,,,,,,,,,,,,,,,,,,,,,,,,,,,,,,Headteacher,,,,Stoke Newington Church Street,,,London,,N16 0NX,,,,,Not applicable,,,,0,Not applicable,Has Nursery Classes,5,7,2,No Special Classes,0,Not applicable,3,Mixed,,1,No boarders,,24/9/2015 00:00:00,E09000012,Hackney,E05009385,Stoke Newington,E14000720,Hackney North and Stoke Newington,A1,(England/Wales) Urban major conurbation,E09000012,533537,186525,E02000353,Hackney 009,E01001829,Hackney 009C,H,London,0,Does not apply,Does not apply,0,Not applicable,4,Local authority maintained schools,0,Not applicable,,,Not under a federation,,,,0,Not applicable,,0,Not applicable,,Not applicable,,,Not applicable,,Not applicable,Not applicable,Not applicable,,,Not applicable
Woodberry Down Community Primary School,204,Hackney,999,,2,Primary,1,Community school,Not applicable,Not applicable,1,Open,,0,Not applicable,,0,Not applicable,100248,10070050,2654,,661,337,324,726,351,58,,,,,,,,,,,,,,,,,,,,Ms,Nicole,Reid (Executive Headteacher),Executive Headteacher,1.00E+11,,,Woodberry Grove,Finsbury Park,,London,,N4 1SY,,www.woodberrydown.hackney.sch.uk/,2088005758,,Not applicable,,,,2,Does not have a sixth form,Has Nursery Classes,2,11,2,No Special Classes,0,Not applicable,3,Mixed,,1,No boarders,15/01/2026,09/09/2026 00:00,E09000012,Hackney,E05009387,Woodberry Down,E14001553,Tottenham,UN1,Urban: Nearer to a major town or city,E09000012,532393,187810,E02000346,Hackney 002,E01035638,Hackney 002G,H,London,0,Does not apply,Does not apply,0,Not applicable,4,Local authority maintained schools,0,Not applicable,,,Supported by a federation,1589,New Wave Federation,,0,Not applicable,,0,Not applicable,,Not applicable,,,Not applicable,,Not applicable,Not applicable,Not applicable,,,Not applicable
Woodberry Down Community Primary School,204,Hackney,999,,2,Primary,1,Community school,Not applicable,Not applicable,2,Closed,,0,Not applicable,09/01/2001,1,Result of Amalgamation/Merger,100249,,2655,,,,,,,,,,,,,,,,,,,,,,,,,,,Ms,Priscilla,Benny,Headteacher,10008316319,,,Woodberry Grove,Finsbury Park,,London,,N4 1SY,,,,,Not applicable,,,,0,Not applicable,Has Nursery Classes,3,11,2,No Special Classes,0,Not applicable,3,Mixed,,1,No boarders,,14/11/2018 00:00:00,E09000012,Hackney,E05009387,Woodberry Down,E14000720,Hackney North and Stoke Newington,A1,(England/Wales) Urban major conurbation,E09000012,532393,187810,E02000346,Hackney 002,E01033701,Hackney 002F,H,London,0,Does not apply,Does not apply,0,Not applicable,4,Local authority maintained schools,0,Not applicable,,,Not under a federation,,,,0,Not applicable,,0,Not applicable,,Not applicable,,,Not applicable,,Not applicable,Not applicable,Not applicable,,,Not applicable
Kingsmead Primary School,204,Hackney,999,,2,Primary,1,Community school,Not applicable,Not applicable,1,Open,,0,Not applicable,,0,Not applicable,100250,10078024,2779,,233,114,119,210,117,53.4,,,,,,,,,,,,,,,,,,,,Ms,Louise,Nichols,Headteacher,1.00E+11,,,Kingsmead Way,,,London,,E9 5PP,,http://www.kingsmead.hackney.sch.uk/,2089855779,,Not applicable,,,,2,Does not have a sixth form,Has Nursery Classes,2,11,2,No Special Classes,0,Not applicable,3,Mixed,,1,No boarders,15/01/2026,09/03/2026 00:00,E09000012,Hackney,E05009379,King's Park,E14001259,Hackney North and Stoke Newington,UN1,Urban: Nearer to a major town or city,E09000012,536310,185685,E02000357,Hackney 013,E01001790,Hackney 013D,H,London,0,Does not apply,Does not apply,0,Not applicable,4,Local authority maintained schools,0,Not applicable,,,Supported by a federation,17386,The LEAP Federation,,0,Not applicable,,0,Not applicable,,Not applicable,,,Not applicable,,Not applicable,Not applicable,Not applicable,,,Not applicable
Sir Thomas Abney School,204,Hackney,999,,2,Primary,1,Community school,Not applicable,Not applicable,2,Closed,01/01/1900,0,Not applicable,31/08/2025,1,Result of Amalgamation/Merger,100251,10077173,2795,,174,95,79,236,91,52.6,,,,,Yes,,,,,,,,,,Resourced provision,8,10,,,Ms,Geraldine,Fitzmaurice,Headteacher,1.00E+11,,,Fairholt Road,Stoke Newington,,London,,N16 5ED,,,,,Not applicable,,,,2,Does not have a sixth form,Has Nursery Classes,3,11,0,Not applicable,0,Not applicable,3,Mixed,,1,No boarders,16/01/2025,10/10/2025 00:00,E09000012,Hackney,E05009387,Woodberry Down,E14001259,Hackney North and Stoke Newington,UN1,Urban: Nearer to a major town or city,E09000012,533018,187474,E02000347,Hackney 003,E01001812,Hackney 003E,H,London,0,Does not apply,Does not apply,0,Not applicable,4,Local authority maintained schools,0,Not applicable,,,Not under a federation,,,,0,Not applicable,,0,Not applicable,,Not applicable,,,Not applicable,,Not applicable,Not applicable,Not applicable,,,Not applicable
Grasmere Primary School,204,Hackney,999,,2,Primary,1,Community school,Not applicable,Not applicable,1,Open,,0,Not applicable,,0,Not applicable,100252,10078023,2856,,220,121,99,236,39,17.8,,,,,,,,,,,,,,,,,,,,Ms,Karen,Pedro,Interim Headteacher,1.00E+11,,,92 Albion Road,,,London,,N16 9PD,,www.grasmere.hackney.sch.uk,2072544564,,Not applicable,,,,2,Does not have a sixth form,Has Nursery Classes,3,11,2,No Special Classes,0,Not applicable,3,Mixed,,1,No boarders,15/01/2026,29/6/2026 00:00:00,E09000012,Hackney,E05009369,Clissold,E14001259,Hackney North and Stoke Newington,UN1,Urban: Nearer to a major town or city,E09000012,532960,185754,E02000356,Hackney 012,E01001739,Hackney 012D,H,London,0,Does not apply,Does not apply,0,Not applicable,4,Local authority maintained schools,0,Not applicable,,,Not under a federation,,,,0,Not applicable,,0,Not applicable,,Not applicable,,,Not applicable,,Not applicable,Not applicable,Not applicable,,,Not applicable
Jubilee Primary School,204,Hackney,999,,2,Primary,1,Community school,Not applicable,Not applicable,1,Open,,0,Not applicable,,0,Not applicable,100253,10077172,2859,,445,213,232,420,146,33.8,,,,,,,,,,,,,,,Not applicable,,,,,Mr,Josh,Cardale,Headteacher,1.00E+11,,,Filey Avenue,,,London,,N16 6NR,,http://www.jubilee.hackney.sch.uk/,2088065446,,Not applicable,,,,2,Does not have a sixth form,Has Nursery Classes,3,11,2,No Special Classes,0,Not applicable,3,Mixed,,1,No boarders,15/01/2026,09/03/2026 00:00,E09000012,Hackney,E05009368,Cazenove,E14001259,Hackney North and Stoke Newington,UN1,Urban: Nearer to a major town or city,E09000012,534149,187016,E02000350,Hackney 006,E01001727,Hackney 006C,H,London,0,Does not apply,Does not apply,0,Not applicable,4,Local authority maintained schools,0,Not applicable,,,Not under a federation,,,,0,Not applicable,,0,Not applicable,,Not applicable,,,Not applicable,,Not applicable,Not applicable,Not applicable,,,Not applicable
Nightingale Primary School,204,Hackney,999,,2,Primary,1,Community school,Not applicable,Not applicable,1,Open,,0,Not applicable,,0,Not applicable,100254,10078022,2860,,384,193,191,450,207,57.7,,,Yes,,Yes,Yes,Yes,,Yes,,,,,Yes,Resourced provision,12,12,,,Mrs,Abigail,Hopper,Headteacher,10008348595,,,Tiger Way,Hackney,,London,,E5 8NA,United Kingdom,www.nightingale.hackney.sch.uk/,2089854259,,Not applicable,,,,2,Does not have a sixth form,Has Nursery Classes,3,11,1,Has Special Classes,0,Not applicable,3,Mixed,,1,No boarders,15/01/2026,29/6/2026 00:00:00,E09000012,Hackney,E05009373,Hackney Downs,E14001259,Hackney North and Stoke Newington,UN1,Urban: Nearer to a major town or city,E09000012,534594,185895,E02000354,Hackney 010,E01033713,Hackney 010G,H,London,0,Does not apply,Does not apply,0,Not applicable,4,Local authority maintained schools,0,Not applicable,,,Not under a federation,,,,0,Not applicable,,0,Not applicable,,Not applicable,,,Not applicable,,Not applicable,Not applicable,Not applicable,,,Not applicable
Baden-Powell School,204,Hackney,999,,2,Primary,1,Community school,Not applicable,Not applicable,2,Closed,,0,Not applicable,30/08/2024,1,Result of Amalgamation/Merger,100255,10078021,2861,,164,81,83,240,85,54.8,,,,,,,,,,,,,,,,,,,,Mr,Stephen,Smith,Headteacher,1.00E+11,,,Ferron Road,,,London,,E5 8DN,,,,,Not applicable,,,,2,Does not have a sixth form,Has Nursery Classes,3,11,2,No Special Classes,0,Not applicable,3,Mixed,,1,No boarders,18/01/2024,30/8/2024 00:00:00,E09000012,Hackney,E05009373,Hackney Downs,E14001259,Hackney North and Stoke Newington,A1,(England/Wales) Urban major conurbation,E09000012,534738,186059,E02000354,Hackney 010,E01001770,Hackney 010E,H,London,0,Does not apply,Does not apply,0,Not applicable,4,Local authority maintained schools,0,Not applicable,,,Not under a federation,,,,0,Not applicable,,0,Not applicable,,Not applicable,,,Not applicable,,Not applicable,Not applicable,Not applicable,,,Not applicable
Harrington Hill Primary School,204,Hackney,999,,2,Primary,1,Community school,Not applicable,Not applicable,1,Open,,0,Not applicable,,0,Not applicable,100256,10078020,2862,,203,119,84,240,110,55.3,,,,,,Yes,,,,,,,,,SEN unit,,,10,12,Mrs,Rebecca,Kennedy,Head of School,1.00E+11,,,Mount Pleasant Lane,,,London,,E5 9JG,United Kingdom,www.harringtonhill.hackney.sch.uk/,2088067275,,Not applicable,,,,2,Does not have a sixth form,No Nursery Classes,3,11,1,Has Special Classes,0,Not applicable,3,Mixed,,1,No boarders,15/01/2026,29/6/2026 00:00:00,E09000012,Hackney,E05009383,Springfield,E14001259,Hackney North and Stoke Newington,UN1,Urban: Nearer to a major town or city,E09000012,534968,187170,E02006918,Hackney 028,E01001828,Hackney 028B,H,London,0,Does not apply,Does not apply,0,Not applicable,4,Local authority maintained schools,0,Not applicable,,,Not under a federation,,,,0,Not applicable,,0,Not applicable,,Not applicable,,,Not applicable,,Not applicable,Not applicable,Not applicable,,,Not applicable
Holmleigh Primary School,204,Hackney,999,,2,Primary,1,Community school,Not applicable,Not applicable,1,Open,,0,Not applicable,,0,Not applicable,100257,10078019,2863,,381,200,181,420,177,48.5,,,,,,,,,,,,,,,Not applicable,,,,,,Margaret,Boateng,Headteacher,1.00E+11,,,Fairholt Road,Stoke Newington,,London,,N16 5ED,United Kingdom,www.holmleigh.hackney.sch.uk/,2088027420,,Not applicable,,,,2,Does not have a sixth form,Has Nursery Classes,3,11,2,No Special Classes,0,Not applicable,3,Mixed,,1,No boarders,15/01/2026,09/02/2026 00:00,E09000012,Hackney,E05009387,Woodberry Down,E14001553,Tottenham,UN1,Urban: Nearer to a major town or city,E09000012,533089,187465,E02000347,Hackney 003,E01001812,Hackney 003E,H,London,0,Does not apply,Does not apply,0,Not applicable,4,Local authority maintained schools,0,Not applicable,,,Not under a federation,,,,0,Not applicable,,0,Not applicable,,Not applicable,,,Not applicable,,Not applicable,Not applicable,Not applicable,,,Not applicable
Grazebrook Primary School,204,Hackney,999,,2,Primary,1,Community school,Not applicable,Not applicable,1,Open,,0,Not applicable,,0,Not applicable,100258,10078018,2864,,463,230,233,480,128,28.1,,,,,,,,,,,,,,,,,,,,Mrs,Nicole,Reid (Executive Headteacher),Executive Headteacher,1.00E+11,,,Grazebrook Primary School,Lordship Road,Stoke Newington,London,,N16 0QP,,www.grazebrook.hackney.sch.uk/,2088024051,,Not applicable,,,,2,Does not have a sixth form,Has Nursery Classes,3,11,2,No Special Classes,0,Not applicable,3,Mixed,,1,No boarders,15/01/2026,09/09/2026 00:00,E09000012,Hackney,E05009385,Stoke Newington,E14001259,Hackney North and Stoke Newington,UN1,Urban: Nearer to a major town or city,E09000012,532963,186776,E02000352,Hackney 008,E01001806,Hackney 008D,H,London,0,Does not apply,Does not apply,0,Not applicable,4,Local authority maintained schools,0,Not applicable,,,Supported by a federation,1589,New Wave Federation,,0,Not applicable,,0,Not applicable,,Not applicable,,,Not applicable,,Not applicable,Not applicable,Not applicable,,,Not applicable
Parkwood Primary School,204,Hackney,999,,2,Primary,1,Community school,Not applicable,Not applicable,1,Open,,0,Not applicable,,0,Not applicable,100259,10078017,2865,,190,105,85,240,93,52,,,,,,,,,,,,,,,,,,,,Mr,Paul,Thomas,Headteacher,1.00E+11,,,Queen's Drive,,Parkwood Primary School,LONDON,,N4 2HQ,,www.parkwood.hackney.sch.uk/,2088025366,,Not applicable,,,,2,Does not have a sixth form,Has Nursery Classes,2,11,2,No Special Classes,0,Not applicable,3,Mixed,,1,No boarders,15/01/2026,24/9/2026 00:00:00,E09000012,Hackney,E05009367,Brownswood,E14001553,Tottenham,UN1,Urban: Nearer to a major town or city,E09000012,531839,186844,E02000351,Hackney 007,E01001718,Hackney 007D,H,London,0,Does not apply,Does not apply,0,Not applicable,4,Local authority maintained schools,0,Not applicable,,,Not under a federation,,,,0,Not applicable,,0,Not applicable,,Not applicable,,,Not applicable,,Not applicable,Not applicable,Not applicable,,,Not applicable
Benthal Primary School,204,Hackney,999,,2,Primary,1,Community school,Not applicable,Not applicable,1,Open,,1,Result of Amalgamation,,0,Not applicable,100260,10078016,2872,,252,134,118,414,153,67.1,,,,,,,,,,,,,,,,,,,,Ms,Louise,Drew,Headteacher,1.00E+11,,,Benthal Road,Hackney,,London,,N16 7AU,,www.benthal.hackney.sch.uk/,2089859310,,Not applicable,,,,2,Does not have a sixth form,Has Nursery Classes,3,11,2,No Special Classes,0,Not applicable,3,Mixed,,1,No boarders,15/01/2026,15/9/2026 00:00:00,E09000012,Hackney,E05009373,Hackney Downs,E14001259,Hackney North and Stoke Newington,UN1,Urban: Nearer to a major town or city,E09000012,534224,186153,E02000354,Hackney 010,E01001764,Hackney 010A,H,London,0,Does not apply,Does not apply,0,Not applicable,4,Local authority maintained schools,0,Not applicable,,,Not under a federation,,,,0,Not applicable,,0,Not applicable,,Not applicable,,,Not applicable,,Not applicable,Not applicable,Not applicable,,,Not applicable
Mandeville Primary School,204,Hackney,999,,2,Primary,1,Community school,Not applicable,Not applicable,1,Open,,0,Not applicable,,0,Not applicable,100261,10078015,2896,,266,139,127,420,130,53.9,,,,,,,,,,,,,,,,,,,,Mr,Marc,Thompson,Associate Head,1.00E+11,,,Oswald Street,Hackney,,London,,E5 0BT,,www.mandeville.hackney.sch.uk,2089865249,,Not applicable,,,,2,Does not have a sixth form,Has Nursery Classes,2,11,2,No Special Classes,0,Not applicable,3,Mixed,,1,No boarders,15/01/2026,29/6/2026 00:00:00,E09000012,Hackney,E05009379,King's Park,E14001259,Hackney North and Stoke Newington,UN1,Urban: Nearer to a major town or city,E09000012,536002,186066,E02000357,Hackney 013,E01001787,Hackney 013B,H,London,0,Does not apply,Does not apply,0,Not applicable,4,Local authority maintained schools,0,Not applicable,,,Supported by a federation,17386,The LEAP Federation,,0,Not applicable,,0,Not applicable,,Not applicable,,,Not applicable,,Not applicable,Not applicable,Not applicable,,,Not applicable
Rams Episcopal Church of England Primary School,204,Hackney,999,,2,Primary,2,Voluntary aided school,Not applicable,Not applicable,2,Closed,,0,Not applicable,31/08/2000,4,Fresh Start,100262,,3350,,,,,,,,,,,,,,,,,,,,,,,,,,,Ms,S,Carr,Headteacher,,,,Mehetabel Road,Hackney,,London,,E9 6DU,,,,,Not applicable,,,,0,Not applicable,Has Nursery Classes,3,11,2,No Special Classes,0,Not applicable,3,Mixed,,1,No boarders,,14/11/2018 00:00:00,E09000012,Hackney,E05009376,Homerton,E14000721,Hackney South and Shoreditch,A1,(England/Wales) Urban major conurbation,E09000012,535275,184989,E02000363,Hackney 019,E01001735,Hackney 019D,H,London,2,Church of England,Does not apply,CE23,Diocese of London,4,Local authority maintained schools,0,Not applicable,,,Not under a federation,,,,0,Not applicable,,0,Not applicable,,Not applicable,,,Not applicable,,Not applicable,Not applicable,Not applicable,,,Not applicable
Holy Trinity Church of England Primary School,204,Hackney,999,,2,Primary,2,Voluntary aided school,Not applicable,Not applicable,1,Open,,0,Not applicable,,0,Not applicable,100263,10079309,3358,,240,113,127,240,124,54.9,,,,,,,,,,,,,,,,,,,,Miss,Rebecca,Mackenzie,Headteacher,1.00E+11,,,Beechwood Road,,,London,,E8 3DY,,www.holytrinity.hackney.sch.uk,2072541010,,Not applicable,,,,2,Does not have a sixth form,Has Nursery Classes,3,11,2,No Special Classes,0,Not applicable,3,Mixed,,1,No boarders,15/01/2026,16/9/2026 00:00:00,E09000012,Hackney,E05009370,Dalston,E14001260,Hackney South and Shoreditch,UN1,Urban: Nearer to a major town or city,E09000012,533726,184592,E02007108,Hackney 030,E01033700,Hackney 030B,H,London,2,Church of England,Does not apply,CE23,Diocese of London,4,Local authority maintained schools,0,Not applicable,,,Supported by a federation,1473,Primary Advantage Federation,,0,Not applicable,,0,Not applicable,,Not applicable,,,Not applicable,,Not applicable,Not applicable,Not applicable,,,Not applicable
Our Lady and St Joseph Catholic Primary School,204,Hackney,999,,2,Primary,2,Voluntary aided school,Not applicable,Not applicable,1,Open,,0,Not applicable,,0,Not applicable,100264,10076004,3371,,204,115,89,210,51,25,,,,,,,,,,,,,,,,,,,,Ms,Aoife,O'Grady,Headteacher,1.00E+11,,,Buckingham Road,Hackney,,London,,N1 4JB,United Kingdom,http://www.olsjschool.net/,2072547353,,Not applicable,,,,2,Does not have a sixth form,No Nursery Classes,4,11,2,No Special Classes,0,Not applicable,3,Mixed,,1,No boarders,15/01/2026,29/6/2026 00:00:00,E09000012,Hackney,E05009371,De Beauvoir,E14001306,Islington South and Finsbury,UN1,Urban: Nearer to a major town or city,E09000012,533206,184640,E02007108,Hackney 030,E01001756,Hackney 030C,H,London,35,Catholic,Does not apply,RC01,Archdiocese of Westminster,4,Local authority maintained schools,0,Not applicable,,,Not under a federation,,,,0,Not applicable,,0,Not applicable,,Not applicable,,,Not applicable,,Not applicable,Not applicable,Not applicable,,,Not applicable
Saint Dominic Roman Catholic Junior School,204,Hackney,999,,2,Primary,2,Voluntary aided school,Not applicable,Not applicable,2,Closed,,0,Not applicable,31/08/2002,1,Result of Amalgamation/Merger,100265,,3428,,,,,,,,,,,,,,,,,,,,,,,,,,,Miss,M T,Hogg,Headteacher,,,,Ballance Road,,,London,,E9 5SR,,,,,Not applicable,,,,0,Not applicable,No Nursery Classes,7,11,2,No Special Classes,0,Not applicable,3,Mixed,,1,No boarders,,14/11/2018 00:00:00,E09000012,Hackney,E05009374,Hackney Wick,E14000721,Hackney South and Shoreditch,A1,(England/Wales) Urban major conurbation,E09000012,536148,184781,E02000363,Hackney 019,E01001850,Hackney 019F,H,London,3,Roman Catholic,Does not apply,RC01,Archdiocese of Westminster,4,Local authority maintained schools,0,Not applicable,,,Not under a federation,,,,0,Not applicable,,0,Not applicable,,Not applicable,,,Not applicable,,Not applicable,Not applicable,Not applicable,,,Not applicable
St John the Baptist Voluntary Aided Church of England Primary School,204,Hackney,999,,2,Primary,2,Voluntary aided school,Not applicable,Not applicable,1,Open,,0,Not applicable,,0,Not applicable,100266,10079308,3458,,239,115,124,451,143,62.4,,,,,,,,,,,,,,,,,,,,Ms,Toni,Mason,Headteacher,1.00E+11,,,Crondall Street,,,London,,N1 6JG,,www.st-john.hackney.sch.uk,2077394902,,Not applicable,,,,2,Does not have a sixth form,Has Nursery Classes,2,11,2,No Special Classes,0,Not applicable,3,Mixed,,1,No boarders,15/01/2026,09/09/2026 00:00,E09000012,Hackney,E05009378,Hoxton West,E14001260,Hackney South and Shoreditch,UN1,Urban: Nearer to a major town or city,E09000012,532997,183073,E02007110,Hackney 032,E01033709,Hackney 032B,H,London,2,Church of England,Does not apply,CE23,Diocese of London,4,Local authority maintained schools,0,Not applicable,,,Supported by a federation,1473,Primary Advantage Federation,,0,Not applicable,,0,Not applicable,,Not applicable,,,Not applicable,,Not applicable,Not applicable,Not applicable,,,Not applicable
St Matthias Church of England Primary School,204,Hackney,999,,2,Primary,2,Voluntary aided school,Not applicable,Not applicable,1,Open,,0,Not applicable,,0,Not applicable,100267,10076254,3543,,191,100,91,240,127,67.9,,,,,,,,,,,,,,,,,,,,Mrs,Lucy,Blewett,Headteacher,1.00E+11,,,Wordsworth Road,,,London,,N16 8DD,,,2072541148,,Not applicable,,,,2,Does not have a sixth form,Has Nursery Classes,3,11,2,No Special Classes,0,Not applicable,3,Mixed,,1,No boarders,15/01/2026,17/9/2026 00:00:00,E09000012,Hackney,E05009369,Clissold,E14001259,Hackney North and Stoke Newington,UN1,Urban: Nearer to a major town or city,E09000012,533258,185524,E02000358,Hackney 014,E01001740,Hackney 014A,H,London,2,Church of England,Does not apply,CE23,Diocese of London,4,Local authority maintained schools,0,Not applicable,,,Supported by a federation,1473,Primary Advantage Federation,,0,Not applicable,,0,Not applicable,,Not applicable,,,Not applicable,,Not applicable,Not applicable,Not applicable,,,Not applicable
St Monica's Roman Catholic Primary School,204,Hackney,999,,2,Primary,2,Voluntary aided school,Not applicable,Not applicable,2,Closed,,0,Not applicable,31/08/2024,10,Academy Converter,100268,10076003,3553,,193,94,99,240,80,45.7,,,,,,,,,,,,,,,,,,,,Mrs,Amanda,Ruthven,Headteacher,1.00E+11,,,43 Hoxton Street,,,London,,N1 6QN,,,,,Not applicable,,,,2,Does not have a sixth form,Has Nursery Classes,2,11,2,No Special Classes,0,Not applicable,3,Mixed,,1,No boarders,18/01/2024,31/8/2024 00:00:00,E09000012,Hackney,E05009377,Hoxton East & Shoreditch,E14001260,Hackney South and Shoreditch,A1,(England/Wales) Urban major conurbation,E09000012,533242,182802,E02007110,Hackney 032,E01001780,Hackney 032D,H,London,3,Roman Catholic,Does not apply,RC01,Archdiocese of Westminster,4,Local authority maintained schools,0,Not applicable,,,Not under a federation,,,,0,Not applicable,,0,Not applicable,,Not applicable,,,Not applicable,,Not applicable,Not applicable,Not applicable,,,Not applicable
St. Paul's With St. Michael's CofE Primary School,204,Hackney,999,,2,Primary,2,Voluntary aided school,Not applicable,Not applicable,1,Open,,0,Not applicable,,0,Not applicable,100269,10079307,3572,,185,96,89,236,115,63.2,,,,,,,,,,,,,,,,,,,,Mrs,Kiyeran,Lot,Headteacher,1.00E+11,,,57a Brougham Rd,,,Hackney,,E8 4PB,,www.spsm.hackney.sch.uk/,2072541927,,Not applicable,,,,2,Does not have a sixth form,Has Nursery Classes,3,11,2,No Special Classes,0,Not applicable,3,Mixed,,1,No boarders,15/01/2026,29/6/2026 00:00:00,E09000012,Hackney,E05009375,Haggerston,E14001260,Hackney South and Shoreditch,UN1,Urban: Nearer to a major town or city,E09000012,534264,183839,E02000368,Hackney 024,E01001815,Hackney 024D,H,London,2,Church of England,Does not apply,CE23,Diocese of London,4,Local authority maintained schools,0,Not applicable,,,Not under a federation,,,,0,Not applicable,,0,Not applicable,,Not applicable,,,Not applicable,,Not applicable,Not applicable,Not applicable,,,Not applicable
St John of Jerusalem Church of England Primary School,204,Hackney,999,,2,Primary,2,Voluntary aided school,Not applicable,Not applicable,1,Open,,0,Not applicable,,0,Not applicable,100270,10079306,3616,,140,71,69,210,80,59.3,,,,,,,,,,,,,,,,,,,,Mrs,RenÚ,Africa,Headteacher,1.00E+11,,,Kingshold Road,,St. John of Jerusalem C of E Primary School,London,,E9 7JF,,www.st-johnjerusalem.hackney.sch.uk/,2089850730,,Not applicable,,,,2,Does not have a sixth form,Has Nursery Classes,3,11,2,No Special Classes,0,Not applicable,3,Mixed,,1,No boarders,15/01/2026,09/09/2026 00:00,E09000012,Hackney,E05009386,Victoria,E14001260,Hackney South and Shoreditch,UN1,Urban: Nearer to a major town or city,E09000012,535320,184155,E02000366,Hackney 022,E01001840,Hackney 022B,H,London,2,Church of England,Does not apply,CE23,Diocese of London,4,Local authority maintained schools,0,Not applicable,,,Not under a federation,,,,0,Not applicable,,0,Not applicable,,Not applicable,,,Not applicable,,Not applicable,Not applicable,Not applicable,,,Not applicable
"St Mary's Church of England Primary School, Stoke Newington",204,Hackney,999,,2,Primary,2,Voluntary aided school,Not applicable,Not applicable,2,Closed,01/01/1900,0,Not applicable,31/08/2025,2,Closure,100271,10079305,3618,,51,24,27,236,32,62.7,,,,,,,,,,,,,,,,,,,,Mrs,Breda,Mckelvey,Headteacher,1.00E+11,,,Barn Street,Stoke Newington,,London,,N16 0JT,,,,,Not applicable,,,,2,Does not have a sixth form,No Nursery Classes,4,11,2,No Special Classes,0,Not applicable,3,Mixed,,1,No boarders,16/01/2025,10/10/2025 00:00,E09000012,Hackney,E05009369,Clissold,E14001259,Hackney North and Stoke Newington,UN1,Urban: Nearer to a major town or city,E09000012,533081,186564,E02000352,Hackney 008,E01001806,Hackney 008D,H,London,2,Church of England,Does not apply,CE23,Diocese of London,4,Local authority maintained schools,0,Not applicable,,,Not under a federation,,,,0,Not applicable,,0,Not applicable,,Not applicable,,,Not applicable,,Not applicable,Not applicable,Not applicable,,,Not applicable
Avigdor Primary School,204,Hackney,999,,2,Primary,2,Voluntary aided school,Not applicable,Not applicable,2,Closed,,0,Not applicable,09/12/2005,2,Closure,100272,,3646,,,,,210,,,,,,,,,,,,,,,,,,,,,,Rabbi,Yitzchak,Freeman,Headteacher,,,,63-67 Lordship Road,,,London,,N16 0QJ,,,,,Not applicable,,,,2,Does not have a sixth form,Has Nursery Classes,3,11,2,No Special Classes,0,Not applicable,3,Mixed,,1,No boarders,,14/11/2018 00:00:00,E09000012,Hackney,E05009369,Clissold,E14000720,Hackney North and Stoke Newington,A1,(England/Wales) Urban major conurbation,E09000012,532839,186834,E02000352,Hackney 008,E01001803,Hackney 008C,H,London,5,Jewish,Does not apply,0,Not applicable,4,Local authority maintained schools,0,Not applicable,,,Not under a federation,,,,0,Not applicable,,0,Not applicable,,Not applicable,,,Not applicable,,Not applicable,Not applicable,Not applicable,,,Not applicable
Saint Dominic Roman Catholic Infant School,204,Hackney,999,,2,Primary,2,Voluntary aided school,Not applicable,Not applicable,2,Closed,,2,Result of Closure,31/08/2002,1,Result of Amalgamation/Merger,100273,,3658,,,,,,,,,,,,,,,,,,,,,,,,,,,Miss,M,Hogg,Headteacher,,,,Ballance Road,Homerton,,London,,E9 5SR,,,,,Not applicable,,,,0,Not applicable,Has Nursery Classes,3,7,2,No Special Classes,0,Not applicable,3,Mixed,,1,No boarders,,14/11/2018 00:00:00,E09000012,Hackney,E05009374,Hackney Wick,E14000721,Hackney South and Shoreditch,A1,(England/Wales) Urban major conurbation,E09000012,536148,184781,E02000363,Hackney 019,E01001850,Hackney 019F,H,London,3,Roman Catholic,Does not apply,RC01,Archdiocese of Westminster,4,Local authority maintained schools,0,Not applicable,,,Not under a federation,,,,0,Not applicable,,0,Not applicable,,Not applicable,,,Not applicable,,Not applicable,Not applicable,Not applicable,,,Not applicable
St Scholastica's Catholic Primary School,204,Hackney,999,,2,Primary,2,Voluntary aided school,Not applicable,Not applicable,1,Open,,0,Not applicable,,0,Not applicable,100274,10076002,3659,,209,107,102,236,133,70.4,,,,,,,,,,,,,,,,,,,,Mrs,Sandra,Brierley,Headteacher,1.00E+11,,,Kenninghall Road,,Clapton,London,,E5 8BS,,www.st-scholasticas.com,2089853466,,Not applicable,,,,2,Does not have a sixth form,Has Nursery Classes,3,11,2,No Special Classes,0,Not applicable,3,Mixed,,1,No boarders,15/01/2026,09/02/2026 00:00,E09000012,Hackney,E05009373,Hackney Downs,E14001259,Hackney North and Stoke Newington,UN1,Urban: Nearer to a major town or city,E09000012,534408,186210,E02000354,Hackney 010,E01001770,Hackney 010E,H,London,3,Roman Catholic,Does not apply,RC01,Archdiocese of Westminster,4,Local authority maintained schools,0,Not applicable,,,Not under a federation,,,,0,Not applicable,,0,Not applicable,,Not applicable,,,Not applicable,,Not applicable,Not applicable,Not applicable,,,Not applicable
Simon Marks Jewish Primary School,204,Hackney,999,,2,Primary,2,Voluntary aided school,Not applicable,Not applicable,1,Open,,0,Not applicable,,0,Not applicable,100275,10078092,3663,,121,57,64,240,32,27.1,,,,,,Yes,,,,,,,,,Resourced provision,12,12,,,Ms,Gulcan,Metin-Asdoyuran,Headteacher,10091818115,,,75 Cazenove Road,Stoke Newington,Hackney,London,,N16 6PD,,www.simonmarks.hackney.sch.uk/,2088066048,,Not applicable,,,,2,Does not have a sixth form,Has Nursery Classes,3,11,2,No Special Classes,0,Not applicable,3,Mixed,,1,No boarders,15/01/2026,09/09/2026 00:00,E09000012,Hackney,E05009368,Cazenove,E14001259,Hackney North and Stoke Newington,UN1,Urban: Nearer to a major town or city,E09000012,533974,186970,E02000350,Hackney 006,E01001723,Hackney 006A,H,London,5,Jewish,Does not apply,0,Not applicable,4,Local authority maintained schools,0,Not applicable,,,Not under a federation,,,,0,Not applicable,,0,Not applicable,,Not applicable,,,Not applicable,,Not applicable,Not applicable,Not applicable,,,Not applicable
Hackney Downs School,204,Hackney,999,,4,Secondary,1,Community school,Not applicable,Not applicable,2,Closed,,0,Not applicable,21/12/1995,0,Not applicable,100276,,4099,,,,,,,,,,,,,,,,,,,,,,,,,,,,,,Headteacher,,,,Downs Park Road,Clapton,,London,,E5 8NP,,,,,Not applicable,,,,0,Not applicable,Not applicable,11,16,2,No Special Classes,4,Non-selective,1,Boys,,1,No boarders,,14/11/2018 00:00:00,E09000012,Hackney,E05009373,Hackney Downs,E14000720,Hackney North and Stoke Newington,A1,(England/Wales) Urban major conurbation,E09000012,534629,185541,E02000354,Hackney 010,E01033713,Hackney 010G,H,London,0,Does not apply,Does not apply,0,Not applicable,4,Local authority maintained schools,0,Not applicable,,,Not under a federation,,,,0,Not applicable,,0,Not applicable,,Not applicable,,,Not applicable,,Not applicable,Not applicable,Not applicable,,,Not applicable
Haggerston School,204,Hackney,999,,4,Secondary,1,Community school,Not applicable,Not applicable,2,Closed,,0,Not applicable,31/08/2023,10,Academy Converter,100277,10015845,4283,,1053,562,491,1100,417,44.5,,,,,,,,,,,,,,,,,,,,Ms,Ciara,Emmerson,Headteacher,1.00E+11,,,Weymouth Terrace,Hackney,,London,,E2 8LS,,,,,Not applicable,,,,1,Has a sixth form,No Nursery Classes,11,19,2,No Special Classes,4,Non-selective,3,Mixed,,1,No boarders,19/01/2023,09/11/2023 00:00,E09000012,Hackney,E05009375,Haggerston,E14000721,Hackney South and Shoreditch,A1,(England/Wales) Urban major conurbation,E09000012,533829,183266,E02000368,Hackney 024,E01001774,Hackney 024B,H,London,0,Does not apply,Does not apply,0,Not applicable,4,Local authority maintained schools,0,Not applicable,,,Not under a federation,,,,0,Not applicable,,0,Not applicable,,Not applicable,,,Not applicable,,Not applicable,Not applicable,Not applicable,,,Not applicable
Clapton Girls' Technology College,204,Hackney,999,,4,Secondary,1,Community school,Not applicable,Not applicable,2,Closed,,0,Not applicable,31/08/2011,10,Academy Converter,100278,10015169,4302,,,,,1026,,,,,,,,,,,,,,,,,,,,,,Ms,C T,Day,Headteacher,,,,Laura Place,Lower Clapton Road,,London,,E5 0RB,,,,,Not applicable,,,,1,Has a sixth form,Not applicable,11,19,2,No Special Classes,4,Non-selective,2,Girls,,1,No boarders,,29/11/2019 00:00:00,E09000012,Hackney,E05009380,Lea Bridge,E14000720,Hackney North and Stoke Newington,A1,(England/Wales) Urban major conurbation,E09000012,535150,185780,E02000355,Hackney 011,E01001794,Hackney 011C,H,London,0,Does not apply,Does not apply,0,Not applicable,4,Local authority maintained schools,0,Not applicable,,,Not under a federation,,,,0,Not applicable,,0,Not applicable,,Not applicable,,,Not applicable,,Not applicable,Not applicable,Not applicable,,,Not applicable
Stoke Newington School and Sixth Form,204,Hackney,999,,4,Secondary,1,Community school,Not applicable,Not applicable,1,Open,,0,Not applicable,,0,Not applicable,100279,10010031,4310,,1665,924,741,1700,517,40.9,,,,,,,,,,,,,,,,,,,,Mrs,Zehra,Jaffer,Headteacher,1.00E+11,,,Clissold Road,,Hackney,London,,N16 9EX,,http://www.sns.hackney.sch.uk/,2072419600,,Not applicable,,,,1,Has a sixth form,No Nursery Classes,11,19,2,No Special Classes,4,Non-selective,3,Mixed,,1,No boarders,15/01/2026,17/9/2026 00:00:00,E09000012,Hackney,E05009369,Clissold,E14001259,Hackney North and Stoke Newington,UN1,Urban: Nearer to a major town or city,E09000012,532879,186072,E02000356,Hackney 012,E01001737,Hackney 012B,H,London,0,Does not apply,Does not apply,0,Not applicable,4,Local authority maintained schools,0,Not applicable,,,Not under a federation,,,,0,Not applicable,,0,Not applicable,,Not applicable,,,Not applicable,,Not applicable,Not applicable,Not applicable,,,Not applicable
Homerton College of Technology,204,Hackney,999,,4,Secondary,1,Community school,Not applicable,Not applicable,2,Closed,,0,Not applicable,31/08/2007,2,Closure,100280,10015930,4312,,,,,1056,,,,,,,,,,,,,,,,,,,,,,Mr,Barry,Hernshaw,Headteacher,10008321047,,,Homerton Row,,,London,,E9 6EB,,,,,Not applicable,,,,2,Does not have a sixth form,Not applicable,11,16,2,No Special Classes,4,Non-selective,1,Boys,,1,No boarders,,14/11/2018 00:00:00,E09000012,Hackney,E05009376,Homerton,E14000721,Hackney South and Shoreditch,A1,(England/Wales) Urban major conurbation,E09000012,535413,185117,E02000363,Hackney 019,E01001735,Hackney 019D,H,London,0,Does not apply,Does not apply,0,Not applicable,4,Local authority maintained schools,0,Not applicable,,,Not under a federation,,,,0,Not applicable,,0,Not applicable,,Not applicable,,,Not applicable,,Not applicable,Not applicable,Not applicable,,,Not applicable
Kingsland School,204,Hackney,999,,4,Secondary,1,Community school,Not applicable,Not applicable,2,Closed,,0,Not applicable,31/08/2004,2,Closure,100281,,4317,,,,,,,,,,,,,,,,,,,,,,,,,,,Ms,Angela,Murphy,Headteacher,,,,Shacklewell Lane,,,London,,E8 2EY,,,,,Not applicable,,,,2,Does not have a sixth form,Not applicable,11,16,2,No Special Classes,4,Non-selective,3,Mixed,,1,No boarders,,14/11/2018 00:00:00,E09000012,Hackney,E05009382,Shacklewell,E14000720,Hackney North and Stoke Newington,A1,(England/Wales) Urban major conurbation,E09000012,533913,185496,E02000358,Hackney 014,E01001747,Hackney 014B,H,London,0,Does not apply,Does not apply,0,Not applicable,4,Local authority maintained schools,0,Not applicable,,,Not under a federation,,,,0,Not applicable,,0,Not applicable,,Not applicable,,,Not applicable,,Not applicable,Not applicable,Not applicable,,,Not applicable
All Saints Catholic High School,204,Hackney,999,,4,Secondary,2,Voluntary aided school,Not applicable,Not applicable,1,Open,,0,Not applicable,,0,Not applicable,100282,10004917,4641,,473,110,363,756,217,54.7,,,,,,,,,,,,,,,,,,,,Mr,Andy,English,Headteacher,10008229436,,,6-16 Amhurst Park,Stamford Hill,,London,,N16 5AF,,https://www.allsaintschs.co.uk,2088002158,,Not applicable,,,,1,Has a sixth form,No Nursery Classes,11,18,2,No Special Classes,4,Non-selective,3,Mixed,,1,No boarders,15/01/2026,09/01/2026 00:00,E09000012,Hackney,E05009383,Springfield,E14001259,Hackney North and Stoke Newington,UN1,Urban: Nearer to a major town or city,E09000012,533481,187911,E02000345,Hackney 001,E01001809,Hackney 001B,H,London,3,Roman Catholic,Does not apply,RC01,Archdiocese of Westminster,4,Local authority maintained schools,0,Not applicable,,,Not under a federation,,,,0,Not applicable,,0,Not applicable,,Not applicable,,,Not applicable,,Not applicable,Not applicable,Not applicable,,,Not applicable
The Skinners' Company's School for Girls,204,Hackney,999,,4,Secondary,2,Voluntary aided school,Not applicable,Not applicable,2,Closed,,0,Not applicable,31/08/2010,6,For Academy,100283,10005905,4686,,,,,1209,,,,,,,,,,,,,,,,,,,,,,Ms,J A,Wilkins,Headteacher,,,,117 Stamford Hill,,,London,,N16 5RS,,,,,Not applicable,,,,1,Has a sixth form,Not applicable,11,18,2,No Special Classes,4,Non-selective,2,Girls,,1,No boarders,,29/11/2019 00:00:00,E09000012,Hackney,E05009383,Springfield,E14000720,Hackney North and Stoke Newington,A1,(England/Wales) Urban major conurbation,E09000012,533613,187732,E02000345,Hackney 001,E01001809,Hackney 001B,H,London,6,None,Does not apply,0,Not applicable,4,Local authority maintained schools,0,Not applicable,,,Not under a federation,,,,0,Not applicable,,0,Not applicable,,Not applicable,,,Not applicable,,Not applicable,Not applicable,Not applicable,,,Not applicable
The Urswick School - A Church of England Secondary School,204,Hackney,999,,4,Secondary,2,Voluntary aided school,Not applicable,Not applicable,1,Open,,0,Not applicable,,0,Not applicable,100284,10015917,4697,,752,422,330,1050,456,70.5,,,,,,,,,,,,,,,,,,,,Mr,Oyedele,Rotimi,Headteacher,1.00E+11,,,Paragon Road,Hackney,,London,,E9 6NR,,www.theurswickschool.co.uk,2089852430,,Not applicable,,,,1,Has a sixth form,No Nursery Classes,11,19,2,No Special Classes,4,Non-selective,3,Mixed,,1,No boarders,15/01/2026,09/01/2026 00:00,E09000012,Hackney,E05009376,Homerton,E14001260,Hackney South and Shoreditch,UN1,Urban: Nearer to a major town or city,E09000012,535046,184634,E02000361,Hackney 017,E01001731,Hackney 017A,H,London,2,Church of England,Does not apply,CE23,Diocese of London,4,Local authority maintained schools,0,Not applicable,,,Not under a federation,,,,0,Not applicable,,0,Not applicable,,Not applicable,,,Not applicable,,Not applicable,Not applicable,Not applicable,,,Not applicable
Cardinal Pole Catholic School,204,Hackney,999,,4,Secondary,2,Voluntary aided school,Not applicable,Not applicable,2,Closed,,0,Not applicable,31/08/2024,10,Academy Converter,100285,10001166,4714,,1094,573,521,1140,515,60,,,,,,,,,,,,,,,,,,,,Mr,Adam,Hall,Headteacher,1.00E+11,,,205 Morning Lane,Hackney,,London,,E9 6LG,,,,,Not applicable,,,,1,Has a sixth form,No Nursery Classes,11,19,2,No Special Classes,4,Non-selective,3,Mixed,,1,No boarders,18/01/2024,31/8/2024 00:00:00,E09000012,Hackney,E05009376,Homerton,E14001260,Hackney South and Shoreditch,A1,(England/Wales) Urban major conurbation,E09000012,535492,184933,E02000363,Hackney 019,E01001730,Hackney 019B,H,London,3,Roman Catholic,Does not apply,RC01,Archdiocese of Westminster,4,Local authority maintained schools,0,Not applicable,,,Not under a federation,,,,0,Not applicable,,0,Not applicable,,Not applicable,,,Not applicable,,Not applicable,Not applicable,Not applicable,,,Not applicable
St Thomas's Church of England Primary School,204,Hackney,999,,2,Primary,2,Voluntary aided school,Not applicable,Not applicable,2,Closed,,0,Not applicable,31/08/2003,2,Closure,100286,,5200,,,,,110,,,,,,,,,,,,,,,,,,,,,,Mrs,H L,Waite,Headteacher,10008340813,,,Lynmouth Road,,,London,,N16 6XJ,,,,,Not applicable,,,,0,Not applicable,No Nursery Classes,5,11,2,No Special Classes,0,Not applicable,3,Mixed,,1,No boarders,,14/11/2018 00:00:00,E09000012,Hackney,E05009368,Cazenove,E14000720,Hackney North and Stoke Newington,A1,(England/Wales) Urban major conurbation,E09000012,534007,187246,E02000348,Hackney 004,E01001725,Hackney 004A,H,London,2,Church of England,Does not apply,CE23,Diocese of London,4,Local authority maintained schools,0,Not applicable,,,Not under a federation,,,,0,Not applicable,,0,Not applicable,,Not applicable,,,Not applicable,,Not applicable,Not applicable,Not applicable,,,Not applicable
Yesodey Hatorah School,204,Hackney,999,,0,Not applicable,11,Other independent school,Not applicable,Not approved,1,Open,03/05/1958,0,Not applicable,,99,,100287,10015156,6072,,202,202,0,920,,,6,39,,,,,,,,,,,,,,,,,,Rabbi,Aron,Kahn,Headteacher,1.00E+11,Yesodey Hatorah Schools,,2-4 Amhurst Park,Hackney,,London,,N16 5AE,,,2088008612,Ofsted,Not applicable,,,,2,Does not have a sixth form,No Nursery Classes,4,16,1,Has Special Classes,4,Non-selective,1,Boys,Does not have boarders,1,No boarders,18/01/2024,23/7/2026 00:00:00,E09000012,Hackney,E05009383,Springfield,E14001259,Hackney North and Stoke Newington,UN1,Urban: Nearer to a major town or city,E09000012,533530,187905,E02000345,Hackney 001,E01001808,Hackney 001A,H,London,6,None,Jewish,0,Not applicable,3,Independent schools,0,Not applicable,,,Not applicable,,,,0,Not applicable,,0,Not applicable,,Not applicable,,,Not applicable,,Not applicable,Not applicable,Not applicable,,,Not applicable
Talmud Torah School,204,Hackney,999,,0,Not applicable,11,Other independent school,Not applicable,Not approved,2,Closed,,0,Not applicable,23/09/1998,0,Not applicable,100288,,6128,,,,,,,,,,,,,,,,,,,,,,,,,,,Rabbi,,Kahana,Headteacher,10008340952,,,122 Bethune Road,,,London,,N16 5DU,,,,,Not applicable,,,,0,Not applicable,Not applicable,3,12,2,No Special Classes,4,Non-selective,1,Boys,,1,No boarders,,07/09/2019 00:00,E09000012,Hackney,E05009387,Woodberry Down,E14000720,Hackney North and Stoke Newington,A1,(England/Wales) Urban major conurbation,E09000012,533070,187597,E02000347,Hackney 003,E01001812,Hackney 003E,H,London,6,None,None,0,Not applicable,3,Independent schools,0,Not applicable,,,Not applicable,,,,0,Not applicable,,0,Not applicable,,Not applicable,,,Not applicable,,Not applicable,Not applicable,Not applicable,,,Not applicable
Talmud Torah Yetev Lev,204,Hackney,999,,0,Not applicable,11,Other independent school,Not applicable,Not approved,1,Open,09/03/1959,0,Not applicable,,0,Not applicable,100289,10070522,6233,,776,776,0,567,,,18,57,,,,,,,,,,,,,,,,,,Mr,E,Padwa,Headteacher,1.00E+11,Talmud Torah Education,,111-115 Cazenove Road,,,London,,N16 6AX,,,2088063834,Ofsted,Not applicable,,,,2,Does not have a sixth form,Has Nursery Classes,2,12,2,No Special Classes,4,Non-selective,1,Boys,Does not have boarders,1,No boarders,18/01/2024,23/7/2026 00:00:00,E09000012,Hackney,E05009368,Cazenove,E14001259,Hackney North and Stoke Newington,UN1,Urban: Nearer to a major town or city,E09000012,534258,187015,E02006921,Hackney 029,E01001728,Hackney 029B,H,London,6,None,None,0,Not applicable,3,Independent schools,0,Not applicable,,,Not applicable,,,,0,Not applicable,,0,Not applicable,,Not applicable,,,Not applicable,,Not applicable,Not applicable,Not applicable,,,Not applicable
Lubavitch House Junior School,204,Hackney,999,,0,Not applicable,11,Other independent school,Not applicable,Not approved,2,Closed,,0,Not applicable,03/01/2002,0,Not applicable,100290,,6234,,,,,,,,,,,,,,,,,,,,,,,,,,,Rabbi,S,Lew,Headteacher,,,,107-115 Stamford Hill,,,London,,N16 5RP,,,,,Not applicable,,,,0,Not applicable,Not applicable,2,11,2,No Special Classes,4,Non-selective,3,Mixed,,1,No boarders,,07/09/2019 00:00,E09000012,Hackney,E05009384,Stamford Hill West,E14000720,Hackney North and Stoke Newington,A1,(England/Wales) Urban major conurbation,E09000012,533621,187688,E02000345,Hackney 001,E01001809,Hackney 001B,H,London,6,None,None,0,Not applicable,3,Independent schools,0,Not applicable,,,Not applicable,,,,0,Not applicable,,0,Not applicable,,Not applicable,,,Not applicable,,Not applicable,Not applicable,Not applicable,,,Not applicable
Bnois Jerusalem Girls School,204,Hackney,999,,0,Not applicable,11,Other independent school,Not applicable,Not approved,1,Open,05/11/1962,0,Not applicable,,0,Not applicable,100291,10017295,6242,,562,0,562,850,,,21,56,,,,,,,,,,,,,,,,,,Mrs,M,Landau,Headteacher,1.00E+11,Bnois Jerusalem School,,"71, 75-81 Amhurst Park",,,London,,N16 5DL,,,2088005781,Ofsted,Not applicable,,,,2,Does not have a sixth form,Has Nursery Classes,2,16,2,No Special Classes,9,,2,Girls,Does not have boarders,1,No boarders,18/01/2024,23/7/2026 00:00:00,E09000012,Hackney,E05009387,Woodberry Down,E14001553,Tottenham,UN1,Urban: Nearer to a major town or city,E09000012,532994,187930,E02000347,Hackney 003,E01001807,Hackney 003D,H,London,6,None,Orthodox Jewish,0,Not applicable,3,Independent schools,0,Not applicable,,,Not applicable,,,,0,Not applicable,,0,Not applicable,,Not applicable,,,Not applicable,,Not applicable,Not applicable,Not applicable,,,Not applicable
Lubavitch House Senior School,204,Hackney,999,,0,Not applicable,11,Other independent school,Not applicable,Not approved,2,Closed,,0,Not applicable,03/01/2002,0,Not applicable,100292,,6268,,,,,,,,,,,,,,,,,,,,,,,,,,,Mrs,F,Sudak,Headteacher,,,,107-115 Stamford Hill,,,London,,N16 5RP,,,,,Not applicable,,,,0,Not applicable,Not applicable,2,17,2,No Special Classes,4,Non-selective,3,Mixed,,1,No boarders,,07/09/2019 00:00,E09000012,Hackney,E05009384,Stamford Hill West,E14000720,Hackney North and Stoke Newington,A1,(England/Wales) Urban major conurbation,E09000012,533621,187688,E02000345,Hackney 001,E01001809,Hackney 001B,H,London,6,None,None,0,Not applicable,3,Independent schools,0,Not applicable,,,Not applicable,,,,0,Not applicable,,0,Not applicable,,Not applicable,,,Not applicable,,Not applicable,Not applicable,Not applicable,,,Not applicable
Beis Rochel d'Satmar Girls' School,204,Hackney,999,,0,Not applicable,11,Other independent school,Not applicable,Not approved,1,Open,01/03/1978,0,Not applicable,,0,Not applicable,100293,10014855,6296,,1354,74,1280,1475,,,52,241,,,,,,,,,,,,,,,,,,Mrs,Leah,Jacobovics,Headteacher,1.00E+11,Beis Rochel D'satmar Charitable Trust,,51-57 Amhurst Park,,,London,,N16 5DL,,,2088009060,Ofsted,Not applicable,,,,1,Has a sixth form,Has Nursery Classes,2,19,2,No Special Classes,0,Not applicable,3,Mixed,Does not have boarders,1,No boarders,18/01/2024,23/7/2026 00:00:00,E09000012,Hackney,E05009387,Woodberry Down,E14001553,Tottenham,UN1,Urban: Nearer to a major town or city,E09000012,533153,187929,E02000347,Hackney 003,E01001807,Hackney 003D,H,London,43,Orthodox Jewish,Orthodox Jewish,0,Not applicable,3,Independent schools,0,Not applicable,,,Not applicable,,,,0,Not applicable,,0,Not applicable,,Not applicable,,,Not applicable,,Not applicable,Not applicable,Not applicable,,,Not applicable
Talmud Torah Machzikei Hadass School,204,Hackney,999,,0,Not applicable,11,Other independent school,Not applicable,Not approved,1,Open,22/12/1982,0,Not applicable,,0,Not applicable,100294,10070521,6331,,508,508,0,650,,,19,77,,,,,,,,,,,,,,,,,,Rabbi,C,Silbiger,Headteacher,10008341999,Moreshet Hatorah Ltd,,1 Belz Terrace,Clapton Common,,London,,E5 9SN,,,2088006599,Ofsted,Not applicable,,,,2,Does not have a sixth form,Has Nursery Classes,3,11,2,No Special Classes,0,Not applicable,1,Boys,Does not have boarders,1,No boarders,18/01/2024,23/7/2026 00:00:00,E09000012,Hackney,E05009383,Springfield,E14001259,Hackney North and Stoke Newington,UN1,Urban: Nearer to a major town or city,E09000012,534146,187743,E02000345,Hackney 001,E01001825,Hackney 001E,H,London,36,Charadi Jewish,Jewish,0,Not applicable,3,Independent schools,0,Not applicable,,,Not applicable,,,,0,Not applicable,,0,Not applicable,,Not applicable,,,Not applicable,,Not applicable,Not applicable,Not applicable,,,Not applicable
Beis Malka Girls' School,204,Hackney,999,,0,Not applicable,11,Other independent school,Not applicable,Not approved,1,Open,02/01/1982,0,Not applicable,,0,Not applicable,100295,10014970,6337,,611,37,574,620,,,34,89,,,,,,,,,,,,,,,,,,Mrs,G,Wind,Headteacher,2.00E+11,AARON GROSSMAN,,93 Alkham Road,,,LONDON,,N16 6XD,,,2088062070,Ofsted,Not applicable,,,,2,Does not have a sixth form,Has Nursery Classes,2,16,2,No Special Classes,4,Non-selective,2,Girls,Does not have boarders,1,No boarders,18/01/2024,23/9/2026 00:00:00,E09000012,Hackney,E05009368,Cazenove,E14001259,Hackney North and Stoke Newington,UN1,Urban: Nearer to a major town or city,E09000012,533811,187086,E02000350,Hackney 006,E01001724,Hackney 006B,H,London,6,None,Jewish,0,Not applicable,3,Independent schools,0,Not applicable,,,Not applicable,,,,0,Not applicable,,0,Not applicable,,Not applicable,,,Not applicable,,Not applicable,Not applicable,Not applicable,,,Not applicable
Talmud Torah Chaim Meirim Wiznitz School,204,Hackney,999,,0,Not applicable,11,Other independent school,Not applicable,Not approved,1,Open,24/02/1989,0,Not applicable,,0,Not applicable,100296,10018486,6377,,234,234,0,400,,,32,105,,,,,,,,,,,,,,,,,,Mrs,Gittel,Koppenheim,Headteacher,10091817883,Chaim Meirim Association,,26 Lampard Grove,,,London,,N16 6XB,,,2088060898,Ofsted,Not applicable,,,,2,Does not have a sixth form,No Nursery Classes,5,13,2,No Special Classes,4,Non-selective,1,Boys,Does not have boarders,1,No boarders,18/01/2024,23/7/2026 00:00:00,E09000012,Hackney,E05009368,Cazenove,E14001259,Hackney North and Stoke Newington,UN1,Urban: Nearer to a major town or city,E09000012,533841,187130,E02000350,Hackney 006,E01001724,Hackney 006B,H,London,6,None,Jewish,0,Not applicable,3,Independent schools,0,Not applicable,,,Not applicable,,,,0,Not applicable,,0,Not applicable,,Not applicable,,,Not applicable,,Not applicable,Not applicable,Not applicable,,,Not applicable
Mechinah Liyeshivah Zichron Moshe,204,Hackney,999,,0,Not applicable,11,Other independent school,Not applicable,Not approved,2,Closed,,0,Not applicable,09/02/1998,0,Not applicable,100297,,6384,,,,,,,,,,,,,,,,,,,,,,,,,,,Rabbi,M,Halpern,Headteacher,1.00E+11,,,86 Amhurst Park,,,London,,N16 5AR,,,,,Not applicable,,,,0,Not applicable,Not applicable,10,15,2,No Special Classes,2,Selective,1,Boys,,1,No boarders,,07/09/2019 00:00,E09000012,Hackney,E05009387,Woodberry Down,E14000720,Hackney North and Stoke Newington,A1,(England/Wales) Urban major conurbation,E09000012,532915,187972,E02000346,Hackney 002,E01001811,Hackney 002D,H,London,6,None,None,0,Not applicable,3,Independent schools,0,Not applicable,,,Not applicable,,,,0,Not applicable,,0,Not applicable,,Not applicable,,,Not applicable,,Not applicable,Not applicable,Not applicable,,,Not applicable
Bobov Primary Boys School,204,Hackney,999,,0,Not applicable,11,Other independent school,Not applicable,Not approved,1,Open,07/09/1991,0,Not applicable,,0,Not applicable,100298,10018650,6385,,219,219,0,310,,,12,22,,,,,,,,,,,,,,,,,,Mr,Mordechai,Erlanger,Headteacher,1.00E+11,Boruch Halberstam,,87-90 Egerton Road,London,,,,N16 6UE,,,2088091025,Ofsted,Not applicable,,,,2,Does not have a sixth form,Has Nursery Classes,2,13,2,No Special Classes,4,Non-selective,1,Boys,Does not have boarders,1,No boarders,18/01/2024,23/7/2026 00:00:00,E09000012,Hackney,E05009383,Springfield,E14001259,Hackney North and Stoke Newington,UN1,Urban: Nearer to a major town or city,E09000012,533958,187920,E02000345,Hackney 001,E01001814,Hackney 001C,H,London,6,None,Jewish,0,Not applicable,3,Independent schools,0,Not applicable,,,Not applicable,,,,0,Not applicable,,0,Not applicable,,Not applicable,,,Not applicable,,Not applicable,Not applicable,Not applicable,,,Not applicable
T T T Y Y School,204,Hackney,999,,0,Not applicable,11,Other independent school,Not applicable,Not approved,1,Open,30/06/1992,0,Not applicable,,0,Not applicable,100299,10018567,6387,,144,144,0,199,,,7,17,,,,,,,,,,,,,,,,,,Rabbi,Y.Y.,Friesel,Headteacher,1.00E+11,TTY Institution Trust,,14 Heathland Road,London,,London,,N16 5NH,,,2088021348,Ofsted,Not applicable,,,,2,Does not have a sixth form,Has Nursery Classes,2,13,2,No Special Classes,0,Not applicable,1,Boys,Does not have boarders,1,No boarders,18/01/2024,23/7/2026 00:00:00,E09000012,Hackney,E05009384,Stamford Hill West,E14001259,Hackney North and Stoke Newington,UN1,Urban: Nearer to a major town or city,E09000012,533064,187207,E02000347,Hackney 003,E01001802,Hackney 003B,H,London,6,None,Jewish,0,Not applicable,3,Independent schools,0,Not applicable,,,Not applicable,,,,0,Not applicable,,0,Not applicable,,Not applicable,,,Not applicable,,Not applicable,Not applicable,Not applicable,,,Not applicable
Tayyibah Girls' School,204,Hackney,999,,0,Not applicable,11,Other independent school,Not applicable,Not approved,1,Open,26/10/1992,0,Not applicable,,0,Not applicable,100300,10006513,6388,,157,0,157,259,,,0,0,,,,,,,,,,,,,,,,,,Mrs,Quratulain,Aboo,Headteacher,1.00E+11,Tayyibah Educational Trust,,88 Filey Avenue,Stamford Hill,,London,,N16 6JJ,,http://tayyibah.org.uk/,2088800085,Ofsted,Not applicable,,,,1,Has a sixth form,No Nursery Classes,4,18,2,No Special Classes,4,Non-selective,2,Girls,Does not have boarders,1,No boarders,18/01/2024,27/9/2026 00:00:00,E09000012,Hackney,E05009368,Cazenove,E14001259,Hackney North and Stoke Newington,UN1,Urban: Nearer to a major town or city,E09000012,534460,187173,E02006921,Hackney 029,E01001728,Hackney 029B,H,London,6,None,Muslim,0,Not applicable,3,Independent schools,0,Not applicable,,,Not applicable,,,,0,Not applicable,,0,Not applicable,,Not applicable,,,Not applicable,,Not applicable,Not applicable,Not applicable,,,Not applicable
Paragon Christian Academy,204,Hackney,999,,0,Not applicable,11,Other independent school,Not applicable,Not approved,2,Closed,19/02/1993,0,Not applicable,07/12/2019,2,Closure,100301,10016927,6389,,22,10,12,52,,,0,1,,,,,,,,,,,,,,,,,,Mrs,S,CURRY,Headteacher,1.00E+11,,,233-241 Glyn Road,Hackney,,London,,E5 0JP,,,,Ofsted,Not applicable,,,,1,Has a sixth form,No Nursery Classes,4,18,2,No Special Classes,4,Non-selective,3,Mixed,Does not have boarders,1,No boarders,18/01/2018,17/7/2019 00:00:00,E09000012,Hackney,E05009379,King's Park,E14000721,Hackney South and Shoreditch,A1,(England/Wales) Urban major conurbation,E09000012,535773,185881,E02000359,Hackney 015,E01001789,Hackney 015C,H,London,6,None,Christian,0,Not applicable,3,Independent schools,0,Not applicable,,,Not applicable,,,,0,Not applicable,,0,Not applicable,,Not applicable,,,Not applicable,,Not applicable,Not applicable,Not applicable,,,Not applicable
Mesifta Talmudical College,204,Hackney,999,,0,Not applicable,11,Other independent school,Not applicable,Not approved,2,Closed,,0,Not applicable,28/10/1996,0,Not applicable,100302,,6390,,,,,,,,,,,,,,,,,,,,,,,,,,,,,,Headteacher,1.00E+11,,,82-84 Cazenove Road,,,London,,N16 6AB,,,,,Not applicable,,,,0,Not applicable,Not applicable,16,19,2,No Special Classes,2,Selective,1,Boys,,1,No boarders,,07/09/2019 00:00,E09000012,Hackney,E05009368,Cazenove,E14000720,Hackney North and Stoke Newington,A1,(England/Wales) Urban major conurbation,E09000012,534019,186915,E02000350,Hackney 006,E01001723,Hackney 006A,H,London,6,None,Jewish,0,Not applicable,3,Independent schools,0,Not applicable,,,Not applicable,,,,0,Not applicable,,0,Not applicable,,Not applicable,,,Not applicable,,Not applicable,Not applicable,Not applicable,,,Not applicable
River House Montessori School,211,Tower Hamlets,999,,0,Not applicable,11,Other independent school,Not applicable,Not approved,2,Closed,26/01/1995,0,Not applicable,17/06/2024,2,Closure,100303,10039165,6385,,126,66,60,370,,,4,17,,,,,,,,,,,,,,,,,,Ms,J,Pearson (Acting Principal),Principal,6143530,River House Montessori School Ltd,,Unit C Great Eastern Enterprise Centre,3 Millharbour,,London,,E14 9XP,,,,ISI,Not applicable,,,,2,Does not have a sixth form,Has Nursery Classes,3,16,2,No Special Classes,4,Non-selective,3,Mixed,Does not have boarders,1,No boarders,18/01/2024,29/1/2025 00:00:00,E09000030,Tower Hamlets,E05009323,Canary Wharf,E14001430,Poplar and Limehouse,A1,(England/Wales) Urban major conurbation,E09000030,537643,179702,E02006853,Tower Hamlets 032,E01035698,Tower Hamlets 032F,H,London,6,None,None,0,Not applicable,3,Independent schools,0,Not applicable,,,Not applicable,,,,0,Not applicable,,0,Not applicable,,Not applicable,,,Not applicable,,Not applicable,Not applicable,Not applicable,,,Not applicable
The Supplementary School of Secondary Education,204,Hackney,999,,0,Not applicable,11,Other independent school,Not applicable,Not approved,2,Closed,,0,Not applicable,02/08/1996,0,Not applicable,100304,,6394,,,,,,,,,,,,,,,,,,,,,,,,,,,,,,Headteacher,,,,Print House,Dalston,,London,,E8 3DL,,,,,Not applicable,,,,0,Not applicable,Not applicable,11,14,2,No Special Classes,4,Non-selective,3,Mixed,,1,No boarders,,07/09/2019 00:00,E09000012,Hackney,E05009370,Dalston,E14000720,Hackney North and Stoke Newington,A1,(England/Wales) Urban major conurbation,E09000012,533594,184875,E02000365,Hackney 021,E01033699,Hackney 030A,H,London,6,None,None,0,Not applicable,3,Independent schools,0,Not applicable,,,Not applicable,,,,0,Not applicable,,0,Not applicable,,Not applicable,,,Not applicable,,Not applicable,Not applicable,Not applicable,,,Not applicable
Lennox Lewis College,204,Hackney,999,,0,Not applicable,11,Other independent school,Not applicable,Not approved,2,Closed,,0,Not applicable,22/09/1998,0,Not applicable,100305,,6395,,,,,,,,,,,,,,,,,,,,,,,,,,,,,,Headteacher,2.00E+11,,,Theydon Road,Mount Pleasant Hill,,London,,E5 9NA,,,,,Not applicable,,,,0,Not applicable,Not applicable,15,16,2,No Special Classes,2,Selective,1,Boys,,1,No boarders,,07/09/2019 00:00,E09000012,Hackney,E05009380,Lea Bridge,E14000720,Hackney North and Stoke Newington,A1,(England/Wales) Urban major conurbation,E09000012,535111,186949,E02006918,Hackney 028,E01033702,Hackney 028C,H,London,6,None,None,0,Not applicable,3,Independent schools,0,Not applicable,,,Not applicable,,,,0,Not applicable,,0,Not applicable,,Not applicable,,,Not applicable,,Not applicable,Not applicable,Not applicable,,,Not applicable
Home School of Stoke Newington,204,Hackney,999,,0,Not applicable,11,Other independent school,Not applicable,Not approved,2,Closed,20/10/1995,0,Not applicable,07/09/2004,2,Closure,100306,,6396,,,,,12,,,6,6,,,,,,,,,,,,,,,,,,Mrs,C,Allen,Headteacher,2.00E+11,Catherine Allen,,46 Alkham Road,,,London,,N16 7AA,,,,,Not applicable,,,,0,Not applicable,Not applicable,10,16,2,No Special Classes,4,Non-selective,1,Boys,,1,No boarders,,07/09/2019 00:00,E09000012,Hackney,E05009368,Cazenove,E14000720,Hackney North and Stoke Newington,A1,(England/Wales) Urban major conurbation,E09000012,533934,186825,E02000350,Hackney 006,E01001723,Hackney 006A,H,London,6,None,None,0,Not applicable,3,Independent schools,0,Not applicable,,,Not applicable,,,,0,Not applicable,,0,Not applicable,,Not applicable,,,Not applicable,,Not applicable,Not applicable,Not applicable,,,Not applicable
Stormont House School,204,Hackney,999,,0,Not applicable,7,Community special school,Not applicable,Not applicable,1,Open,,0,Not applicable,,0,Not applicable,100307,10017600,7097,,131,96,35,120,69,62.7,,,,,,,,,,,,,,,,,,,,Ms,Katie,Foster,Headteacher,10008289367,,,Downs Park Road,,,London,,E5 8NP,,http://www.stormonthouse.hackney.sch.uk/,2089854245,,Not applicable,,,,1,Has a sixth form,Not applicable,11,17,1,Has Special Classes,0,Not applicable,3,Mixed,,1,No boarders,15/01/2026,24/9/2026 00:00:00,E09000012,Hackney,E05009373,Hackney Downs,E14001259,Hackney North and Stoke Newington,UN1,Urban: Nearer to a major town or city,E09000012,534629,185541,E02000354,Hackney 010,E01033713,Hackney 010G,H,London,0,Does not apply,Does not apply,0,Not applicable,5,Special schools,0,Not applicable,,,Not under a federation,,,,0,Not applicable,,0,Not applicable,,Not applicable,,,Not applicable,,Not applicable,Not applicable,Not applicable,,,Not applicable
Downsview School,204,Hackney,999,,0,Not applicable,7,Community special school,Not applicable,Not applicable,2,Closed,,0,Not applicable,31/08/2013,1,Result of Amalgamation/Merger,100308,,7144,,,,,,,,,,,,,,,,,,,,,,,,,,,Mr,William R,Bulman,Headteacher,,,,Tiger Way,Downs Road,,London,,E5 8QP,,,,,Not applicable,,,,0,Not applicable,Has Nursery Classes,4,11,1,Has Special Classes,0,Not applicable,3,Mixed,,1,No boarders,,14/11/2018 00:00:00,E09000012,Hackney,E05009373,Hackney Downs,E14000720,Hackney North and Stoke Newington,A1,(England/Wales) Urban major conurbation,E09000012,534610,185902,E02000354,Hackney 010,E01033713,Hackney 010G,H,London,0,Does not apply,Does not apply,0,Not applicable,5,Special schools,0,Not applicable,,,Not under a federation,,,,0,Not applicable,,0,Not applicable,,Not applicable,,,Not applicable,,Not applicable,Not applicable,Not applicable,,,Not applicable
Shawcroft School,204,Hackney,999,,0,Not applicable,7,Community special school,Not applicable,Not applicable,2,Closed,,0,Not applicable,09/01/1997,0,Not applicable,100309,,7150,,,,,,,,,,,,,,,,,,,,,,,,,,,,,,Headteacher,,,,Crockenhill Road,St Mary Cray,,Orpington,Kent,BR5 4ES,,,,,Not applicable,,,,0,Not applicable,Not applicable,9,16,1,Has Special Classes,0,Not applicable,1,Boys,,1,No boarders,,24/9/2015 00:00:00,E09000006,Bromley,E05000114,Cray Valley East,E14000872,Orpington,D1,(England/Wales) Rural town and fringe,E09000012,548154,167569,E02000145,Bromley 019,E01000720,Bromley 019B,H,London,0,Does not apply,Does not apply,0,Not applicable,5,Special schools,0,Not applicable,,,Not under a federation,,,,0,Not applicable,,0,Not applicable,,Not applicable,,,Not applicable,,Not applicable,Not applicable,Not applicable,,,Not applicable
Crusoe House School,204,Hackney,999,,0,Not applicable,7,Community special school,Not applicable,Not applicable,2,Closed,,0,Not applicable,31/08/2006,2,Closure,100310,,7151,,,,,,,,,,,,,,Yes,,,Yes,,,,,,,,,,Ms,I,Flynn,Headteacher,,,,Nile Street,,,London,,N1 7RD,,,,,Not applicable,,,,0,Not applicable,Not applicable,11,16,1,Has Special Classes,0,Not applicable,1,Boys,,1,No boarders,,14/11/2018 00:00:00,E09000012,Hackney,E05009378,Hoxton West,E14000721,Hackney South and Shoreditch,A1,(England/Wales) Urban major conurbation,E09000012,532712,182910,E02000371,Hackney 027,E01033709,Hackney 032B,H,London,0,Does not apply,Does not apply,0,Not applicable,5,Special schools,0,Not applicable,,,Not under a federation,,,,0,Not applicable,,0,Not applicable,,Not applicable,,,Not applicable,,Not applicable,Not applicable,Not applicable,,,Not applicable
The Garden School,204,Hackney,999,,0,Not applicable,7,Community special school,Not applicable,Not applicable,1,Open,,0,Not applicable,,0,Not applicable,100311,10016092,7161,,204,161,43,200,121,68,,,,,,Yes,,,,,Yes,,,,SEN unit,,,204,204,Mr,Ray,Lawrence,Executive Principal,10008336524,,,Wordsworth Road,,,London,,N16 8BZ,,http://www.the-garden.org.uk/,2072548096,,Not applicable,,,,1,Has a sixth form,Not applicable,4,18,1,Has Special Classes,0,Not applicable,3,Mixed,,1,No boarders,15/01/2026,25/9/2026 00:00:00,E09000012,Hackney,E05009382,Shacklewell,E14001259,Hackney North and Stoke Newington,UN1,Urban: Nearer to a major town or city,E09000012,533294,185654,E02000358,Hackney 014,E01001835,Hackney 014F,H,London,0,Does not apply,Does not apply,0,Not applicable,5,Special schools,0,Not applicable,,,Not under a federation,,,,0,Not applicable,,0,Not applicable,,Not applicable,,,Not applicable,,Not applicable,Not applicable,Not applicable,,,Not applicable
Ickburgh School,204,Hackney,999,,0,Not applicable,7,Community special school,Not applicable,Not applicable,1,Open,,0,Not applicable,,0,Not applicable,100312,10015972,7171,,184,124,60,150,112,72.7,,,Yes,Yes,Yes,Yes,,Yes,Yes,,Yes,Yes,Yes,Yes,Not applicable,,,,,Mr,Joseph,Sieber,Headteacher,1.00E+11,,,Kenworthy Road,Hackney,,London,,E9 5RB,,http://www.ickburgh.hackney.sch.uk/web,2088064638,,Not applicable,,,,1,Has a sixth form,Has Nursery Classes,3,19,1,Has Special Classes,0,Not applicable,3,Mixed,,1,No boarders,15/01/2026,29/6/2026 00:00:00,E09000012,Hackney,E05009374,Hackney Wick,E14001260,Hackney South and Shoreditch,UN1,Urban: Nearer to a major town or city,E09000012,536188,185040,E02000362,Hackney 018,E01001847,Hackney 018B,H,London,0,Does not apply,Does not apply,0,Not applicable,5,Special schools,0,Not applicable,,,Not under a federation,,,,0,Not applicable,,0,Not applicable,,Not applicable,,,Not applicable,,Not applicable,Not applicable,Not applicable,,,Not applicable
Marshcroft Early Years Centre,205,Hammersmith and Fulham,999,,1,Nursery,15,Local authority nursery school,Not applicable,Not applicable,2,Closed,,0,Not applicable,31/08/2003,5,Close Nursery School,100313,,1003,,,,,,,,,,,,,,,,,,,,,,,,,,,Ms,L,Manford,Headteacher,34136916,,,Bramber Road,,,London,,W14 9PA,,,,,Not applicable,,,,0,Not applicable,Not applicable,3,5,0,Not applicable,0,Not applicable,3,Mixed,,1,No boarders,,14/11/2018 00:00:00,E09000013,Hammersmith and Fulham,E05000258,North End,E14000726,Hammersmith,A1,(England/Wales) Urban major conurbation,E09000013,524788,177797,E02000386,Hammersmith and Fulham 015,E01001909,Hammersmith and Fulham 015C,H,London,0,Does not apply,Does not apply,0,Not applicable,4,Local authority maintained schools,0,Not applicable,,,Not under a federation,,,,0,Not applicable,,0,Not applicable,,Not applicable,,,Not applicable,,Not applicable,Not applicable,Not applicable,,,Not applicable
Horder Nursery School,205,Hammersmith and Fulham,999,,1,Nursery,15,Local authority nursery school,Not applicable,Not applicable,2,Closed,,0,Not applicable,21/03/1997,0,Not applicable,100314,,1004,,,,,,,,,,,,,,,,,,,,,,,,,,,,,,Headteacher,,,,Horder Road,,,London,,SW6 5ED,,,,,Not applicable,,,,0,Not applicable,Not applicable,3,5,0,Not applicable,0,Not applicable,3,Mixed,,1,No boarders,,24/9/2015 00:00:00,E09000013,Hammersmith and Fulham,E05000257,Munster,E14000629,Chelsea and Fulham,A1,(England/Wales) Urban major conurbation,E09000013,524381,176662,E02000393,Hammersmith and Fulham 022,E01001906,Hammersmith and Fulham 022C,H,London,0,Does not apply,Does not apply,0,Not applicable,4,Local authority maintained schools,0,Not applicable,,,Not under a federation,,,,0,Not applicable,,0,Not applicable,,Not applicable,,,Not applicable,,Not applicable,Not applicable,Not applicable,,,Not applicable
Randolph Beresford Early Years Centre,205,Hammersmith and Fulham,999,,1,Nursery,15,Local authority nursery school,Not applicable,Not applicable,1,Open,,0,Not applicable,,0,Not applicable,100315,,1034,,109,61,48,,21,28.4,,,,,,,,,,,,,,,,,,,,Ms,Michele,Barrett,Executive Head of Centre,34019163,,,Australia Road,White City,Australia Road,London,,W12 7PH,,https://www.randolphberesfordeyc.org.uk,2087437339,,Not applicable,,,,0,Not applicable,Has Nursery Classes,1,5,0,Not applicable,0,Not applicable,3,Mixed,,1,No boarders,15/01/2026,25/9/2026 00:00:00,E09000013,Hammersmith and Fulham,E05013752,White City,E14001264,Hammersmith and Chiswick,UN1,Urban: Nearer to a major town or city,E09000013,522759,180583,E02000373,Hammersmith and Fulham 002,E01001961,Hammersmith and Fulham 002D,H,London,0,Does not apply,Does not apply,0,Not applicable,4,Local authority maintained schools,0,Not applicable,,,Not under a federation,,,,0,Not applicable,,0,Not applicable,,Not applicable,,,Not applicable,,Not applicable,Not applicable,Not applicable,,,Not applicable
Vanessa Nursery School,205,Hammersmith and Fulham,999,,1,Nursery,15,Local authority nursery school,Not applicable,Not applicable,1,Open,,0,Not applicable,,0,Not applicable,100316,,1039,,71,32,39,,4,11.8,,,,,,,,,,,,,,,,,,,,Ms,Michele,Barrett,Headteacher,34147310,,,14 Cathnor Road,,,London,,W12 9JA,,https://www.vanessanurseryschool.org.uk,2087438196,,Not applicable,,,,0,Not applicable,Has Nursery Classes,2,5,0,Not applicable,0,Not applicable,3,Mixed,,1,No boarders,15/01/2026,25/9/2026 00:00:00,E09000013,Hammersmith and Fulham,E05013737,Coningham,E14001264,Hammersmith and Chiswick,UN1,Urban: Nearer to a major town or city,E09000013,522645,179588,E02000376,Hammersmith and Fulham 005,E01001862,Hammersmith and Fulham 005A,H,London,0,Does not apply,Does not apply,0,Not applicable,4,Local authority maintained schools,0,Not applicable,,,Not under a federation,,,,0,Not applicable,,0,Not applicable,,Not applicable,,,Not applicable,,Not applicable,Not applicable,Not applicable,,,Not applicable
James Lee Nursery School,205,Hammersmith and Fulham,999,,1,Nursery,15,Local authority nursery school,Not applicable,Not applicable,1,Open,,0,Not applicable,,0,Not applicable,100317,,1056,,41,27,14,,2,4.9,,,,,,,,,,,,,,,,,,,,Miss,Anne-Marie,Strachan,Headteacher,34061517,,,Gliddon Road,,,London,,W14 9BH,,www.jameslee.lbhf.sch.uk,2087418877,,Not applicable,,,,0,Not applicable,Has Nursery Classes,2,5,0,Not applicable,0,Not applicable,3,Mixed,,1,No boarders,15/01/2026,09/05/2026 00:00,E09000013,Hammersmith and Fulham,E05013734,Avonmore,E14001264,Hammersmith and Chiswick,UN1,Urban: Nearer to a major town or city,E09000013,524114,178545,E02000383,Hammersmith and Fulham 012,E01001872,Hammersmith and Fulham 012F,H,London,0,Does not apply,Does not apply,0,Not applicable,4,Local authority maintained schools,0,Not applicable,,,Supported by a federation,17348,Thames Federation,,0,Not applicable,,0,Not applicable,,Not applicable,,,Not applicable,,Not applicable,Not applicable,Not applicable,,,Not applicable
Bayonne Nursery School,205,Hammersmith and Fulham,999,,1,Nursery,15,Local authority nursery school,Not applicable,Not applicable,1,Open,,0,Not applicable,,0,Not applicable,100318,,1059,,54,25,29,,4,26.7,,,,,,,,,,,,,,,,,,,,Miss,Anne-Marie,Strachan,Headteacher,34050392,,,50 Paynes Walk,,,London,,W6 8PF,,www.bayonne.lbhf.sch.uk,2073855366,,Not applicable,,,,0,Not applicable,Has Nursery Classes,2,4,0,Not applicable,0,Not applicable,3,Mixed,,1,No boarders,15/01/2026,09/05/2026 00:00,E09000013,Hammersmith and Fulham,E05013738,Fulham Reach,E14001160,Chelsea and Fulham,UN1,Urban: Nearer to a major town or city,E09000013,524079,177674,E02000387,Hammersmith and Fulham 016,E01001887,Hammersmith and Fulham 016B,H,London,0,Does not apply,Does not apply,0,Not applicable,4,Local authority maintained schools,0,Not applicable,,,Supported by a federation,17348,Thames Federation,,0,Not applicable,,0,Not applicable,,Not applicable,,,Not applicable,,Not applicable,Not applicable,Not applicable,,,Not applicable
Wharf Study Centre,205,Hammersmith and Fulham,999,,0,Not applicable,14,Pupil referral unit,Not applicable,Not applicable,2,Closed,,0,Not applicable,01/01/1995,0,Not applicable,100319,,1100,,,,,,,,,,,,,,,,,,,,,,,,,,,,,,Headteacher,34117850,,,84 Fulham High Street,,,London,,SW6 3LF,,,,,Not applicable,,,,0,Not applicable,Not applicable,5,18,0,Not applicable,0,Not applicable,3,Mixed,,1,No boarders,,24/9/2015 00:00:00,E09000013,Hammersmith and Fulham,E05000259,Palace Riverside,E14000629,Chelsea and Fulham,A1,(England/Wales) Urban major conurbation,E09000013,524386,176045,E02000395,Hammersmith and Fulham 024,E01001915,Hammersmith and Fulham 024A,H,London,0,Does not apply,Does not apply,0,Not applicable,4,Local authority maintained schools,0,Not applicable,,,Not applicable,,,,0,Not applicable,,0,Not applicable,,Not applicable,,,Not applicable,,Not applicable,Not applicable,Not applicable,,,Not applicable
The Bridge Academy,205,Hammersmith and Fulham,999,,0,Not applicable,14,Pupil referral unit,Not applicable,Not applicable,2,Closed,01/01/1994,0,Not applicable,31/03/2013,10,Academy Converter,100320,10017137,1101,,,,,,,,,,,,,,,,,,,,,,,,,,,Mr,Seamus,Oates,Headteacher,34021899,,,Finlay Street,,,London,,SW6 6HB,,,,,Not applicable,,,,0,Not applicable,Not applicable,11,16,0,Not applicable,0,Not applicable,3,Mixed,,1,No boarders,,14/11/2018 00:00:00,E09000013,Hammersmith and Fulham,E05000259,Palace Riverside,E14000629,Chelsea and Fulham,A1,(England/Wales) Urban major conurbation,E09000013,523727,176629,E02000389,Hammersmith and Fulham 018,E01001919,Hammersmith and Fulham 018E,H,London,0,Does not apply,Does not apply,0,Not applicable,4,Local authority maintained schools,0,Not applicable,,,Not applicable,,,,0,Not applicable,,0,Not applicable,,Not applicable,,,Provides places for Teen Mothers,,Does not have child care facilities,PRU Does have Provision for SEN,PRU Does have EBD provision,134,PRU offers full time provision,PRU does offer tuition by another provider
Addison Primary School,205,Hammersmith and Fulham,999,,2,Primary,1,Community school,Not applicable,Not applicable,1,Open,,0,Not applicable,,0,Not applicable,100321,10078013,2002,,200,89,111,420,64,32,,,,,,,,,,,,,,,,,,,,Mr,Damien,McGarrigle,Headteacher,34034762,,,Addison Gardens,Blythe Road,,London,,W14 0DT,,www.addisonprimary.org/,2076035333,,Not applicable,,,,2,Does not have a sixth form,Has Nursery Classes,3,11,2,No Special Classes,0,Not applicable,3,Mixed,,1,No boarders,15/01/2026,29/6/2026 00:00:00,E09000013,Hammersmith and Fulham,E05013733,Addison,E14001264,Hammersmith and Chiswick,UN1,Urban: Nearer to a major town or city,E09000013,523706,179379,E02000381,Hammersmith and Fulham 010,E01001851,Hammersmith and Fulham 010A,H,London,0,Does not apply,Does not apply,0,Not applicable,4,Local authority maintained schools,0,Not applicable,,,Not under a federation,,,,0,Not applicable,,0,Not applicable,,Not applicable,,,Not applicable,,Not applicable,Not applicable,Not applicable,,,Not applicable
Avonmore Primary School,205,Hammersmith and Fulham,999,,2,Primary,1,Community school,Not applicable,Not applicable,1,Open,,0,Not applicable,,0,Not applicable,100322,10078012,2026,,181,101,80,216,61,33.7,,,,,,,,,,,,,,,,,,,,Ms,Maya,Wittleton,Head of School,34148878,,,11 Mund Street,,,London,,W14 9LY,United Kingdom,www.avonmoreprimary.co.uk,2076039750,,Not applicable,,,,2,Does not have a sixth form,Has Nursery Classes,3,11,2,No Special Classes,0,Not applicable,3,Mixed,,1,No boarders,15/01/2026,09/01/2026 00:00,E09000013,Hammersmith and Fulham,E05013751,West Kensington,E14001160,Chelsea and Fulham,UN1,Urban: Nearer to a major town or city,E09000013,524849,178269,E02000386,Hammersmith and Fulham 015,E01001911,Hammersmith and Fulham 015D,H,London,0,Does not apply,Does not apply,0,Not applicable,4,Local authority maintained schools,0,Not applicable,,,Supported by a federation,15737,Fox Federation,,0,Not applicable,,0,Not applicable,,Not applicable,,,Not applicable,,Not applicable,Not applicable,Not applicable,,,Not applicable
Bentworth Primary School,205,Hammersmith and Fulham,999,,2,Primary,1,Community school,Not applicable,Not applicable,2,Closed,,0,Not applicable,31/08/2012,10,Academy Converter,100323,,2045,,,,,172,,,,,,,,,,,,,,,,,,,,,,Mr,Tony,Proud,Acting Headteacher,34020822,,,Bentworth Road,Westway,,London,,W12 7AJ,,,,,Not applicable,,,,2,Does not have a sixth form,Has Nursery Classes,3,11,2,No Special Classes,0,Not applicable,3,Mixed,,1,No boarders,,14/11/2018 00:00:00,E09000013,Hammersmith and Fulham,E05000253,College Park and Old Oak,E14000726,Hammersmith,A1,(England/Wales) Urban major conurbation,E09000013,522755,181081,E02000372,Hammersmith and Fulham 001,E01001876,Hammersmith and Fulham 001C,H,London,0,Does not apply,Does not apply,0,Not applicable,4,Local authority maintained schools,0,Not applicable,,,Not under a federation,,,,0,Not applicable,,0,Not applicable,,Not applicable,,,Not applicable,,Not applicable,Not applicable,Not applicable,,,Not applicable
Brackenbury Primary School,205,Hammersmith and Fulham,999,,2,Primary,1,Community school,Not applicable,Not applicable,1,Open,,0,Not applicable,,0,Not applicable,100324,10065239,2061,,296,160,136,326,107,37.3,,,,,,Yes,,,,,,,,,SEN unit,,,15,20,Mr,David,Collins,Headteacher,34013722,,,Dalling Road,Hammersmith,,London,,W6 0BA,,www.brackenbury.lbhf.sch.uk,2087433074,,Not applicable,,,,2,Does not have a sixth form,Has Nursery Classes,3,11,1,Has Special Classes,0,Not applicable,3,Mixed,,1,No boarders,15/01/2026,09/07/2026 00:00,E09000013,Hammersmith and Fulham,E05013740,Grove,E14001264,Hammersmith and Chiswick,UN1,Urban: Nearer to a major town or city,E09000013,522760,179365,E02000380,Hammersmith and Fulham 009,E01001895,Hammersmith and Fulham 009A,H,London,0,Does not apply,Does not apply,0,Not applicable,4,Local authority maintained schools,0,Not applicable,,,Supported by a federation,17664,"Brackenbury, Kenmont and Wendell Park Federation",,0,Not applicable,,0,Not applicable,,Not applicable,,,Not applicable,,Not applicable,Not applicable,Not applicable,,,Not applicable
Canberra Primary School,205,Hammersmith and Fulham,999,,2,Primary,5,Foundation school,Not applicable,Not applicable,2,Closed,,0,Not applicable,31/08/2013,6,For Academy,100325,,2089,,,,,413,,,,,,,,,,,,,,,,,,,,,,Mr,David,McNaught,Headteacher,34018350,,,Australia Road,,,London,,W12 7PT,,,,,Not applicable,,,,2,Does not have a sixth form,Has Nursery Classes,3,11,2,No Special Classes,0,Not applicable,3,Mixed,,1,No boarders,,14/11/2018 00:00:00,E09000013,Hammersmith and Fulham,E05000265,Wormholt and White City,E14000726,Hammersmith,A1,(England/Wales) Urban major conurbation,E09000013,522938,180698,E02000373,Hammersmith and Fulham 002,E01001957,Hammersmith and Fulham 002B,H,London,0,Does not apply,Does not apply,0,Not applicable,4,Local authority maintained schools,2,Not supported by a trust,,,Not under a federation,,,,0,Not applicable,,0,Not applicable,,Not applicable,,,Not applicable,,Not applicable,Not applicable,Not applicable,,,Not applicable
Miles Coverdale Primary School,205,Hammersmith and Fulham,999,,2,Primary,1,Community school,Not applicable,Not applicable,1,Open,,0,Not applicable,,0,Not applicable,100326,10072928,2134,,197,104,93,210,82,41.6,,,,,Yes,,,,,,,,,,SEN unit,,,20,20,Mrs,Taranum,Baig,Headteacher,34030760,,,Coverdale Road,Shepherds Bush,Coverdale Road,London,,W12 8JJ,,www.milescoverdaleprimary.co.uk/,2087435847,,Not applicable,,,,2,Does not have a sixth form,No Nursery Classes,4,11,1,Has Special Classes,0,Not applicable,3,Mixed,,1,No boarders,15/01/2026,09/02/2026 00:00,E09000013,Hammersmith and Fulham,E05013748,Shepherd's Bush Green,E14001264,Hammersmith and Chiswick,UN1,Urban: Nearer to a major town or city,E09000013,523026,179840,E02000376,Hammersmith and Fulham 005,E01001941,Hammersmith and Fulham 005C,H,London,0,Does not apply,Does not apply,0,Not applicable,4,Local authority maintained schools,0,Not applicable,,,Not under a federation,,,,0,Not applicable,,0,Not applicable,,Not applicable,,,Not applicable,,Not applicable,Not applicable,Not applicable,,,Not applicable
Ellerslie Primary School,205,Hammersmith and Fulham,999,,2,Primary,1,Community school,Not applicable,Not applicable,2,Closed,,0,Not applicable,31/08/1998,0,Not applicable,100327,,2201,,,,,,,,,,,,,,,,,,,,,,,,,,,Mrs,J,Exley,Headteacher,,,,Ellerslie Road,,,London,,W12 7BP,,,,,Not applicable,,,,0,Not applicable,Has Nursery Classes,5,11,2,No Special Classes,0,Not applicable,3,Mixed,,1,No boarders,,14/11/2018 00:00:00,E09000013,Hammersmith and Fulham,E05000265,Wormholt and White City,E14000726,Hammersmith,A1,(England/Wales) Urban major conurbation,E09000013,522600,180100,E02000374,Hammersmith and Fulham 003,E01001960,Hammersmith and Fulham 003D,H,London,0,Does not apply,Does not apply,0,Not applicable,4,Local authority maintained schools,0,Not applicable,,,Not under a federation,,,,0,Not applicable,,0,Not applicable,,Not applicable,,,Not applicable,,Not applicable,Not applicable,Not applicable,,,Not applicable
Flora Gardens Primary School,205,Hammersmith and Fulham,999,,2,Primary,1,Community school,Not applicable,Not applicable,1,Open,,0,Not applicable,,0,Not applicable,100328,10072927,2223,,167,97,70,210,90,54.2,,,,,,,,,,,,,,,Not applicable,,,,,Mrs,Katy,Asserati,Headteacher,34035625,,,34 Lena Gardens,,,London,,W6 7PZ,United Kingdom,www.floragardens.lbhf.sch.uk,2087482566,,Not applicable,,,,2,Does not have a sixth form,Has Nursery Classes,3,11,2,No Special Classes,0,Not applicable,3,Mixed,,1,No boarders,15/01/2026,29/6/2026 00:00:00,E09000013,Hammersmith and Fulham,E05013733,Addison,E14001264,Hammersmith and Chiswick,UN1,Urban: Nearer to a major town or city,E09000013,523332,179236,E02000381,Hammersmith and Fulham 010,E01001856,Hammersmith and Fulham 010C,H,London,0,Does not apply,Does not apply,0,Not applicable,4,Local authority maintained schools,0,Not applicable,,,Not under a federation,,,,0,Not applicable,,0,Not applicable,,Not applicable,,,Not applicable,,Not applicable,Not applicable,Not applicable,,,Not applicable
Fulham Primary School,205,Hammersmith and Fulham,999,,2,Primary,1,Community school,Not applicable,Not applicable,2,Closed,,0,Not applicable,30/09/2016,10,Academy Converter,100329,,2286,,,,,390,,,,,,,,,,,,,,,,,,,,,,,Leesa,Schooneman,Headteacher,,,,Halford Road,,,London,,SW6 1JU,,,,,Not applicable,,,,2,Does not have a sixth form,Has Nursery Classes,3,11,2,No Special Classes,0,Not applicable,3,Mixed,,1,No boarders,,15/10/2018 00:00:00,E09000013,Hammersmith and Fulham,E05000254,Fulham Broadway,E14000629,Chelsea and Fulham,A1,(England/Wales) Urban major conurbation,E09000013,525224,177604,E02000388,Hammersmith and Fulham 017,E01001883,Hammersmith and Fulham 017D,H,London,0,Does not apply,Does not apply,0,Not applicable,4,Local authority maintained schools,0,Not applicable,,,Not under a federation,,,,0,Not applicable,,0,Not applicable,,Not applicable,,,Not applicable,,Not applicable,Not applicable,Not applicable,,,Not applicable
New King's Primary School,205,Hammersmith and Fulham,999,,2,Primary,1,Community school,Not applicable,Not applicable,2,Closed,,0,Not applicable,31/08/2015,10,Academy Converter,100330,,2309,,,,,233,,,,,,,,,,,,,,,,,,,,,,Mr,Miles,Chester,Headteacher,34118525,,,New King's Road,Fulham,,London,,SW6 4LY,,,,,Not applicable,,,,2,Does not have a sixth form,Has Nursery Classes,3,11,2,No Special Classes,0,Not applicable,3,Mixed,,1,No boarders,,14/11/2018 00:00:00,E09000013,Hammersmith and Fulham,E05000264,Town,E14000629,Chelsea and Fulham,A1,(England/Wales) Urban major conurbation,E09000013,524737,176318,E02000392,Hammersmith and Fulham 021,E01001951,Hammersmith and Fulham 021E,H,London,0,Does not apply,Does not apply,0,Not applicable,4,Local authority maintained schools,0,Not applicable,,,Not under a federation,,,,0,Not applicable,,0,Not applicable,,Not applicable,,,Not applicable,,Not applicable,Not applicable,Not applicable,,,Not applicable
Kenmont Primary School,205,Hammersmith and Fulham,999,,2,Primary,1,Community school,Not applicable,Not applicable,1,Open,,0,Not applicable,,0,Not applicable,100331,10078011,2350,,213,110,103,240,75,35.2,,,,,,,,,,,,,,,,,,,,Mr,David,Collins,Headteacher,34020889,,,"Kenmont Primary School, Valliere Road",,,London,,NW10 6AL,,www.kenmont.lbhf.sch.uk,2089694497,,Not applicable,,,,2,Does not have a sixth form,Has Nursery Classes,3,11,2,No Special Classes,0,Not applicable,3,Mixed,,1,No boarders,15/01/2026,09/07/2026 00:00,E09000013,Hammersmith and Fulham,E05013736,College Park & Old Oak,E14001207,Ealing Central and Acton,UN1,Urban: Nearer to a major town or city,E09000013,522501,182898,E02000372,Hammersmith and Fulham 001,E01001877,Hammersmith and Fulham 001D,H,London,0,Does not apply,Does not apply,0,Not applicable,4,Local authority maintained schools,0,Not applicable,,,Supported by a federation,17664,"Brackenbury, Kenmont and Wendell Park Federation",,0,Not applicable,,0,Not applicable,,Not applicable,,,Not applicable,,Not applicable,Not applicable,Not applicable,,,Not applicable
Langford Primary School,205,Hammersmith and Fulham,999,,2,Primary,1,Community school,Not applicable,Not applicable,2,Closed,,0,Not applicable,31/12/2015,6,For Academy,100332,,2367,,,,,343,,,,,,,,,,,,,,,,,,,,,,Mrs,Sylvia,Howieson,Head of School,34066787,,,Gilstead Road,Fulham,,London,,SW6 2LG,,,,,Not applicable,,,,2,Does not have a sixth form,Has Nursery Classes,3,11,2,No Special Classes,0,Not applicable,3,Mixed,,1,No boarders,,14/11/2018 00:00:00,E09000013,Hammersmith and Fulham,E05000262,Sands End,E14000629,Chelsea and Fulham,A1,(England/Wales) Urban major conurbation,E09000013,525887,176415,E02000394,Hammersmith and Fulham 023,E01001935,Hammersmith and Fulham 023A,H,London,0,Does not apply,Does not apply,0,Not applicable,4,Local authority maintained schools,0,Not applicable,,,Not under a federation,,,,0,Not applicable,,0,Not applicable,,Not applicable,,,Not applicable,,Not applicable,Not applicable,Not applicable,,,Not applicable
Lena Gardens Primary School,205,Hammersmith and Fulham,999,,2,Primary,1,Community school,Not applicable,Not applicable,2,Closed,,0,Not applicable,28/02/2014,10,Academy Converter,100333,,2383,,,,,189,,,,,,,,,,,,,,,,,,,,,,Mr,C,Fairley,Headteacher,34036703,,,Lena Gardens,,,London,,W6 7PZ,,,,,Not applicable,,,,2,Does not have a sixth form,Has Nursery Classes,3,11,2,No Special Classes,0,Not applicable,3,Mixed,,1,No boarders,,14/11/2018 00:00:00,E09000013,Hammersmith and Fulham,E05000250,Addison,E14000726,Hammersmith,A1,(England/Wales) Urban major conurbation,E09000013,523316,179271,E02000381,Hammersmith and Fulham 010,E01001856,Hammersmith and Fulham 010C,H,London,0,Does not apply,Does not apply,0,Not applicable,4,Local authority maintained schools,0,Not applicable,,,Not under a federation,,,,0,Not applicable,,0,Not applicable,,Not applicable,,,Not applicable,,Not applicable,Not applicable,Not applicable,,,Not applicable
Melcombe Primary School,205,Hammersmith and Fulham,999,,2,Primary,1,Community school,Not applicable,Not applicable,1,Open,,0,Not applicable,,0,Not applicable,100334,10070049,2408,,125,57,68,210,63,50.4,,,,,,,,,,,,,,,,,,,,Miss,Anne-Marie,Strachan,Headteacher,34024701,,,Fulham Palace Road,,,London,,W6 9ER,,www.melcombe.lbhf.sch.uk,2087487411,,Not applicable,,,,2,Does not have a sixth form,No Nursery Classes,4,11,2,No Special Classes,0,Not applicable,3,Mixed,,1,No boarders,15/01/2026,09/05/2026 00:00,E09000013,Hammersmith and Fulham,E05013738,Fulham Reach,E14001160,Chelsea and Fulham,UN1,Urban: Nearer to a major town or city,E09000013,523607,177859,E02000387,Hammersmith and Fulham 016,E01001890,Hammersmith and Fulham 016C,H,London,0,Does not apply,Does not apply,0,Not applicable,4,Local authority maintained schools,0,Not applicable,,,Supported by a federation,17348,Thames Federation,,0,Not applicable,,0,Not applicable,,Not applicable,,,Not applicable,,Not applicable,Not applicable,Not applicable,,,Not applicable
Old Oak Primary School,205,Hammersmith and Fulham,999,,2,Primary,1,Community school,Not applicable,Not applicable,1,Open,,0,Not applicable,,0,Not applicable,100335,10078010,2444,,205,96,109,240,84,41.2,,,,,,,,,,,,,,,,,,,,Mrs,Katie,Beardsworth,Headteacher,34004343,,,Mellitus Street,East Acton,,London,,W12 0AS,,www.oldoakprimary.co.uk/,2087437629,,Not applicable,,,,2,Does not have a sixth form,Has Nursery Classes,3,11,2,No Special Classes,0,Not applicable,3,Mixed,,1,No boarders,15/01/2026,09/03/2026 00:00,E09000013,Hammersmith and Fulham,E05013736,College Park & Old Oak,E14001207,Ealing Central and Acton,UN1,Urban: Nearer to a major town or city,E09000013,521948,181361,E02000372,Hammersmith and Fulham 001,E01001878,Hammersmith and Fulham 001E,H,London,0,Does not apply,Does not apply,0,Not applicable,4,Local authority maintained schools,0,Not applicable,,,Not under a federation,,,,0,Not applicable,,0,Not applicable,,Not applicable,,,Not applicable,,Not applicable,Not applicable,Not applicable,,,Not applicable
Peterborough Primary School,205,Hammersmith and Fulham,999,,2,Primary,1,Community school,Not applicable,Not applicable,2,Closed,,0,Not applicable,31/08/2008,2,Closure,100336,,2468,,,,,210,,,,,,,,,,,,,,,,,,,,,,Mr,Alan,Gut,Headteacher,34145663,,,Clancarty Road,,,London,,SW6 3AA,,,,,Not applicable,,,,0,Not applicable,Has Nursery Classes,3,11,2,No Special Classes,0,Not applicable,3,Mixed,,1,No boarders,,14/11/2018 00:00:00,E09000013,Hammersmith and Fulham,E05000260,Parsons Green and Walham,E14000629,Chelsea and Fulham,A1,(England/Wales) Urban major conurbation,E09000013,525419,176228,E02000396,Hammersmith and Fulham 025,E01001925,Hammersmith and Fulham 025A,H,London,0,Does not apply,Does not apply,0,Not applicable,4,Local authority maintained schools,0,Not applicable,,,Not under a federation,,,,0,Not applicable,,0,Not applicable,,Not applicable,,,Not applicable,,Not applicable,Not applicable,Not applicable,,,Not applicable
Queen's Manor School and Special Needs Unit,205,Hammersmith and Fulham,999,,2,Primary,1,Community school,Not applicable,Not applicable,2,Closed,,0,Not applicable,30/09/2016,10,Academy Converter,100337,,2484,,,,,253,,,,,,,,,,,,Yes,,,,,SEN unit,,,,,Mrs,Sonja,Harrison,Headteacher,34026012,,,Lysia Street,,,London,,SW6 6ND,,,,,Not applicable,,,,2,Does not have a sixth form,Has Nursery Classes,3,11,1,Has Special Classes,0,Not applicable,3,Mixed,,1,No boarders,,15/10/2018 00:00:00,E09000013,Hammersmith and Fulham,E05000259,Palace Riverside,E14000629,Chelsea and Fulham,A1,(England/Wales) Urban major conurbation,E09000013,523582,177153,E02000389,Hammersmith and Fulham 018,E01001917,Hammersmith and Fulham 018C,H,London,0,Does not apply,Does not apply,0,Not applicable,4,Local authority maintained schools,0,Not applicable,,,Not under a federation,,,,0,Not applicable,,0,Not applicable,,Not applicable,,,Not applicable,,Not applicable,Not applicable,Not applicable,,,Not applicable
Sir John Lillie Primary School,205,Hammersmith and Fulham,999,,2,Primary,1,Community school,Not applicable,Not applicable,1,Open,,0,Not applicable,,0,Not applicable,100338,10078009,2555,,175,97,78,420,86,50.3,,,,,,,,,,,,,,,,,,,,Mrs,Sue,Hayward,Headteacher,34054651,,,Lillie Road,,Lillie Road,Fulham,,SW6 7LN,,www.sirjohnlillieprimary.co.uk/,4473852107,,Not applicable,,,,2,Does not have a sixth form,Has Nursery Classes,3,11,2,No Special Classes,0,Not applicable,3,Mixed,,1,No boarders,15/01/2026,09/09/2026 00:00,E09000013,Hammersmith and Fulham,E05013743,Munster,E14001160,Chelsea and Fulham,UN1,Urban: Nearer to a major town or city,E09000013,524416,177532,E02000390,Hammersmith and Fulham 019,E01001879,Hammersmith and Fulham 019A,H,London,0,Does not apply,Does not apply,0,Not applicable,4,Local authority maintained schools,0,Not applicable,,,Not under a federation,,,,0,Not applicable,,0,Not applicable,,Not applicable,,,Not applicable,,Not applicable,Not applicable,Not applicable,,,Not applicable
Sulivan Primary School,205,Hammersmith and Fulham,999,,2,Primary,1,Community school,Not applicable,Not applicable,2,Closed,,0,Not applicable,30/09/2016,10,Academy Converter,100339,,2577,,,,,315,,,,,,,,,,,,,,,,,,,,,,Ms,Wendy,Aldridge,Headteacher,34119083,,,Peterborough Road,,,London,,SW6 3BN,,,,,Not applicable,,,,2,Does not have a sixth form,Has Nursery Classes,3,11,2,No Special Classes,0,Not applicable,3,Mixed,,1,No boarders,,15/10/2018 00:00:00,E09000013,Hammersmith and Fulham,E05000260,Parsons Green and Walham,E14000629,Chelsea and Fulham,A1,(England/Wales) Urban major conurbation,E09000013,525155,176169,E02000396,Hammersmith and Fulham 025,E01001925,Hammersmith and Fulham 025A,H,London,0,Does not apply,Does not apply,0,Not applicable,4,Local authority maintained schools,0,Not applicable,,,Not under a federation,,,,0,Not applicable,,0,Not applicable,,Not applicable,,,Not applicable,,Not applicable,Not applicable,Not applicable,,,Not applicable
Wendell Park Primary School,205,Hammersmith and Fulham,999,,2,Primary,1,Community school,Not applicable,Not applicable,1,Open,,0,Not applicable,,0,Not applicable,100340,10078008,2632,,391,201,190,472,95,24.3,,,,,,,,,,,,,,,,,,,,Mr,David,Collins,Headteacher,34124289,,,Cobbold Road,,,London,,W12 9LB,,www.wendellpark.lbhf.sch.uk,2087431372,,Not applicable,,,,2,Does not have a sixth form,Has Nursery Classes,3,11,2,No Special Classes,0,Not applicable,3,Mixed,,1,No boarders,15/01/2026,09/07/2026 00:00,E09000013,Hammersmith and Fulham,E05013750,Wendell Park,E14001264,Hammersmith and Chiswick,UN1,Urban: Nearer to a major town or city,E09000013,521631,179719,E02000379,Hammersmith and Fulham 008,E01001865,Hammersmith and Fulham 008B,H,London,0,Does not apply,Does not apply,0,Not applicable,4,Local authority maintained schools,0,Not applicable,,,Supported by a federation,17664,"Brackenbury, Kenmont and Wendell Park Federation",,0,Not applicable,,0,Not applicable,,Not applicable,,,Not applicable,,Not applicable,Not applicable,Not applicable,,,Not applicable
Wormholt Park Primary School,205,Hammersmith and Fulham,999,,2,Primary,1,Community school,Not applicable,Not applicable,1,Open,,0,Not applicable,,0,Not applicable,100341,10078007,2660,,303,156,147,459,130,46.9,,,,,,,,,,,,,,,,,,,,Mrs,Anika,Hargie,Headteacher,34016295,,,Bryony Road,,,London,,W12 0SR,,http://www.wormholtparkprimary.co.uk/,2087435073,,Not applicable,,,,2,Does not have a sixth form,Has Nursery Classes,3,11,2,No Special Classes,0,Not applicable,3,Mixed,,1,No boarders,15/01/2026,17/9/2026 00:00:00,E09000013,Hammersmith and Fulham,E05013753,Wormholt,E14001207,Ealing Central and Acton,UN1,Urban: Nearer to a major town or city,E09000013,522318,180664,E02000373,Hammersmith and Fulham 002,E01001955,Hammersmith and Fulham 002A,H,London,0,Does not apply,Does not apply,0,Not applicable,4,Local authority maintained schools,0,Not applicable,,,Not under a federation,,,,0,Not applicable,,0,Not applicable,,Not applicable,,,Not applicable,,Not applicable,Not applicable,Not applicable,,,Not applicable
Normand Park Primary School,205,Hammersmith and Fulham,999,,2,Primary,1,Community school,Not applicable,Not applicable,2,Closed,,0,Not applicable,31/08/2003,1,Result of Amalgamation/Merger,100342,,2802,,,,,210,,,,,,,,,,,,,,,,,,,,,,Mrs,L J,Manford,Headteacher,34054651,,,Lillie Road,,,London,,SW6 7SR,,,,,Not applicable,,,,0,Not applicable,No Nursery Classes,5,11,2,No Special Classes,0,Not applicable,3,Mixed,,1,No boarders,,14/11/2018 00:00:00,E09000013,Hammersmith and Fulham,E05000258,North End,E14000726,Hammersmith,A1,(England/Wales) Urban major conurbation,E09000013,524798,177764,E02000386,Hammersmith and Fulham 015,E01001909,Hammersmith and Fulham 015C,H,London,0,Does not apply,Does not apply,0,Not applicable,4,Local authority maintained schools,0,Not applicable,,,Not under a federation,,,,0,Not applicable,,0,Not applicable,,Not applicable,,,Not applicable,,Not applicable,Not applicable,Not applicable,,,Not applicable
Greenside Primary School,205,Hammersmith and Fulham,999,,2,Primary,1,Community school,Not applicable,Not applicable,2,Closed,,0,Not applicable,31/03/2015,10,Academy Converter,100343,,2913,,,,,210,,,,,,,,,,,,,,,,,,,,,,Mr,J,Morant,Headteacher,34012145,,,Westville Road,Hammersmith,,London,,W12 9PT,,,,,Not applicable,,,,2,Does not have a sixth form,Has Nursery Classes,3,11,2,No Special Classes,0,Not applicable,3,Mixed,,1,No boarders,,14/11/2018 00:00:00,E09000013,Hammersmith and Fulham,E05000251,Askew,E14000726,Hammersmith,A1,(England/Wales) Urban major conurbation,E09000013,522430,179776,E02000377,Hammersmith and Fulham 006,E01001858,Hammersmith and Fulham 006A,H,London,0,Does not apply,Does not apply,0,Not applicable,4,Local authority maintained schools,0,Not applicable,,,Not under a federation,,,,0,Not applicable,,0,Not applicable,,Not applicable,,,Not applicable,,Not applicable,Not applicable,Not applicable,,,Not applicable
All Saints CofE Primary School,205,Hammersmith and Fulham,999,,2,Primary,2,Voluntary aided school,Not applicable,Not applicable,1,Open,,0,Not applicable,,0,Not applicable,100344,10079304,3300,,202,98,104,236,33,16.3,,,,,,,,,,,,,,,Not applicable,,,,,Mr,Kieran,Gorman,Headteacher,34107348,,,Bishops Avenue,Fulham,,London,,SW6 6ED,,www.allsaintsce.lbhf.sch.uk,2077362803,,Not applicable,,,,2,Does not have a sixth form,Has Nursery Classes,3,11,9,,0,Not applicable,3,Mixed,,1,No boarders,15/01/2026,09/04/2026 00:00,E09000013,Hammersmith and Fulham,E05013744,Palace & Hurlingham,E14001160,Chelsea and Fulham,UN1,Urban: Nearer to a major town or city,E09000013,524167,176390,E02000395,Hammersmith and Fulham 024,E01001915,Hammersmith and Fulham 024A,H,London,2,Church of England,Does not apply,CE23,Diocese of London,4,Local authority maintained schools,0,Not applicable,,,Not under a federation,,,,0,Not applicable,,0,Not applicable,,Not applicable,,,Not applicable,,Not applicable,Not applicable,Not applicable,,,Not applicable
Holy Cross RC School,205,Hammersmith and Fulham,999,,2,Primary,2,Voluntary aided school,Not applicable,Not applicable,1,Open,,0,Not applicable,,0,Not applicable,100345,10076001,3354,,605,307,298,646,68,11.2,,,,,,,,,,,,,,,,,,,,Mrs,Kathleen,Williams,Headteacher,34130857,,,Basuto Road,,,London,,SW6 4BL,,http://www.holycrossfulham.org.uk/,2077361447,,Not applicable,,,,2,Does not have a sixth form,Has Nursery Classes,3,11,2,No Special Classes,0,Not applicable,3,Mixed,,1,No boarders,15/01/2026,09/01/2026 00:00,E09000013,Hammersmith and Fulham,E05013745,Parsons Green & Sandford,E14001160,Chelsea and Fulham,UN1,Urban: Nearer to a major town or city,E09000013,525175,176754,E02000391,Hammersmith and Fulham 020,E01001922,Hammersmith and Fulham 020C,H,London,3,Roman Catholic,Does not apply,RC01,Archdiocese of Westminster,4,Local authority maintained schools,0,Not applicable,,,Not under a federation,,,,0,Not applicable,,0,Not applicable,,Not applicable,,,Not applicable,,Not applicable,Not applicable,Not applicable,,,Not applicable
John Betts Primary School,205,Hammersmith and Fulham,999,,2,Primary,2,Voluntary aided school,Not applicable,Not applicable,1,Open,,0,Not applicable,,0,Not applicable,100346,10073755,3368,,206,92,114,210,17,8.3,,,,,,,,,,,,,,,,,,,,Mr,Andrew,Whitehead,Headteacher,34013730,,,Paddenswick Road,,,London,,W6 0UA,,www.johnbetts.lbhf.sch.uk,2087482465,,Not applicable,,,,2,Does not have a sixth form,No Nursery Classes,5,11,2,No Special Classes,0,Not applicable,3,Mixed,,1,No boarders,15/01/2026,09/03/2026 00:00,E09000013,Hammersmith and Fulham,E05013746,Ravenscourt,E14001264,Hammersmith and Chiswick,UN1,Urban: Nearer to a major town or city,E09000013,522568,179018,E02000382,Hammersmith and Fulham 011,E01001928,Hammersmith and Fulham 011A,H,London,6,None,Does not apply,0,Not applicable,4,Local authority maintained schools,0,Not applicable,,,Not under a federation,,,,0,Not applicable,,0,Not applicable,,Not applicable,,,Not applicable,,Not applicable,Not applicable,Not applicable,,,Not applicable
St Augustine's RC Primary School,205,Hammersmith and Fulham,999,,2,Primary,2,Voluntary aided school,Not applicable,Not applicable,2,Closed,,0,Not applicable,31/03/2024,10,Academy Converter,100347,10076000,3378,,198,95,103,210,45,22.7,,,,,,,,,,,,,,,,,,,,Mr,Martin,Kincaid,Headteacher,34050394,,,Disbrowe Road,,,London,,W6 8QE,,,,,Not applicable,,,,2,Does not have a sixth form,No Nursery Classes,4,11,2,No Special Classes,0,Not applicable,3,Mixed,,1,No boarders,18/01/2024,07/08/2024 00:00,E09000013,Hammersmith and Fulham,E05013738,Fulham Reach,E14000726,Hammersmith,A1,(England/Wales) Urban major conurbation,E09000013,524414,177667,E02000387,Hammersmith and Fulham 016,E01001886,Hammersmith and Fulham 016A,H,London,3,Roman Catholic,Does not apply,RC01,Archdiocese of Westminster,4,Local authority maintained schools,0,Not applicable,,,Not under a federation,,,,0,Not applicable,,0,Not applicable,,Not applicable,,,Not applicable,,Not applicable,Not applicable,Not applicable,,,Not applicable
Sacred Heart Junior School,205,Hammersmith and Fulham,999,,2,Primary,2,Voluntary aided school,Not applicable,Not applicable,2,Closed,,0,Not applicable,31/08/2002,1,Result of Amalgamation/Merger,100348,,3394,,,,,,,,,,,,,,,,,,,,,,,,,,,,John,Hall,Headteacher,34030459,,,100a Hammersmith Road,,,London,,W6 7JP,,,,,Not applicable,,,,0,Not applicable,No Nursery Classes,7,11,2,No Special Classes,0,Not applicable,3,Mixed,,1,No boarders,,14/11/2018 00:00:00,E09000013,Hammersmith and Fulham,E05000252,Avonmore and Brook Green,E14000726,Hammersmith,A1,(England/Wales) Urban major conurbation,E09000013,523886,178719,E02000383,Hammersmith and Fulham 012,E01001867,Hammersmith and Fulham 012B,H,London,3,Roman Catholic,Does not apply,RC01,Archdiocese of Westminster,4,Local authority maintained schools,0,Not applicable,,,Not under a federation,,,,0,Not applicable,,0,Not applicable,,Not applicable,,,Not applicable,,Not applicable,Not applicable,Not applicable,,,Not applicable
St John's Walham Green Church of England Primary School,205,Hammersmith and Fulham,999,,2,Primary,2,Voluntary aided school,Not applicable,Not applicable,1,Open,,0,Not applicable,,0,Not applicable,100349,10079303,3463,,428,222,206,446,63,14.7,,,,,,,,,,,,,,,Not applicable,,,,,Mrs,Hannah,Abu-Ghaida,Headteacher,34120103,,,Filmer Road,Fulham,,London,,SW6 6AS,,www.stjohnsce.lbhf.sch.uk,2077315454,,Not applicable,,,,2,Does not have a sixth form,Has Nursery Classes,3,11,2,No Special Classes,0,Not applicable,3,Mixed,,1,No boarders,15/01/2026,09/03/2026 00:00,E09000013,Hammersmith and Fulham,E05013739,Fulham Town,E14001160,Chelsea and Fulham,UN1,Urban: Nearer to a major town or city,E09000013,524468,176864,E02000392,Hammersmith and Fulham 021,E01001949,Hammersmith and Fulham 021C,H,London,2,Church of England,Does not apply,CE23,Diocese of London,4,Local authority maintained schools,0,Not applicable,,,Not under a federation,,,,0,Not applicable,,0,Not applicable,,Not applicable,,,Not applicable,,Not applicable,Not applicable,Not applicable,,,Not applicable
St Mary's Catholic Primary School,205,Hammersmith and Fulham,999,,2,Primary,2,Voluntary aided school,Not applicable,Not applicable,1,Open,,0,Not applicable,,0,Not applicable,100350,10075999,3529,,180,95,85,236,63,35,,,,,,,,,,,,,,,,,,,,Ms,Lucy,Black,Headteacher,34119478,,,Masbro Road,,,London,,W14 0LT,,www.stmarysrc.lbhf.sch.uk,2076037717,,Not applicable,,,,2,Does not have a sixth form,Has Nursery Classes,3,11,2,No Special Classes,0,Not applicable,3,Mixed,,1,No boarders,15/01/2026,09/09/2026 00:00,E09000013,Hammersmith and Fulham,E05013735,Brook Green,E14001264,Hammersmith and Chiswick,UN1,Urban: Nearer to a major town or city,E09000013,523932,179282,E02000381,Hammersmith and Fulham 010,E01001851,Hammersmith and Fulham 010A,H,London,3,Roman Catholic,Does not apply,RC01,Archdiocese of Westminster,4,Local authority maintained schools,0,Not applicable,,,Not under a federation,,,,0,Not applicable,,0,Not applicable,,Not applicable,,,Not applicable,,Not applicable,Not applicable,Not applicable,,,Not applicable
St Paul's CofE Primary School,205,Hammersmith and Fulham,999,,2,Primary,2,Voluntary aided school,Not applicable,Not applicable,1,Open,,0,Not applicable,,0,Not applicable,100351,10079302,3566,,137,64,73,235,39,29.8,,,,,,,,,,,,,,,,,,,,Mrs,Siobhan,Johnston,Headteacher,34030291,,,Worlidge Street,,,London,,W6 9BP,,www.stpaulsprimary.org/,2087484951,,Not applicable,,,,2,Does not have a sixth form,Has Nursery Classes,3,11,2,No Special Classes,0,Not applicable,3,Mixed,,1,No boarders,15/01/2026,16/9/2026 00:00:00,E09000013,Hammersmith and Fulham,E05013741,Hammersmith Broadway,E14001264,Hammersmith and Chiswick,UN1,Urban: Nearer to a major town or city,E09000013,523176,178344,E02000384,Hammersmith and Fulham 013,E01001893,Hammersmith and Fulham 013A,H,London,2,Church of England,Does not apply,CE23,Diocese of London,4,Local authority maintained schools,0,Not applicable,,,Not under a federation,,,,0,Not applicable,,0,Not applicable,,Not applicable,,,Not applicable,,Not applicable,Not applicable,Not applicable,,,Not applicable
St Peter's Primary School,205,Hammersmith and Fulham,999,,2,Primary,2,Voluntary aided school,Not applicable,Not applicable,1,Open,,0,Not applicable,,0,Not applicable,100352,10074736,3578,,210,97,113,210,19,9,,,,,,,,,,,,,,,,,,,,Miss,Karen,Frazer,Headteacher,34136578,,,33 St Peter's Road,Hammersmith,,London,,W6 9BA,,www.stpetersce.lbhf.sch.uk/,2087487756,,Not applicable,,,,2,Does not have a sixth form,No Nursery Classes,4,11,2,No Special Classes,0,Not applicable,3,Mixed,,1,No boarders,15/01/2026,14/9/2026 00:00:00,E09000013,Hammersmith and Fulham,E05013746,Ravenscourt,E14001264,Hammersmith and Chiswick,UN1,Urban: Nearer to a major town or city,E09000013,522274,178492,E02000382,Hammersmith and Fulham 011,E01001933,Hammersmith and Fulham 011D,H,London,2,Church of England,Does not apply,CE23,Diocese of London,4,Local authority maintained schools,0,Not applicable,,,Not under a federation,,,,0,Not applicable,,0,Not applicable,,Not applicable,,,Not applicable,,Not applicable,Not applicable,Not applicable,,,Not applicable
St Stephen's CofE Primary School,205,Hammersmith and Fulham,999,,2,Primary,2,Voluntary aided school,Not applicable,Not applicable,1,Open,,0,Not applicable,,0,Not applicable,100353,10079301,3600,,445,212,233,446,59,13.3,,,,,,,,,,,,,,,,,,,,Mr,Michael,Schumm,Headteacher,34039594,,,Uxbridge Road,,,London,,W12 8LH,,www.ststephensce.lbhf.sch.uk/,2087434483,,Not applicable,,,,2,Does not have a sixth form,Has Nursery Classes,3,11,2,No Special Classes,0,Not applicable,3,Mixed,,1,No boarders,15/01/2026,29/6/2026 00:00:00,E09000013,Hammersmith and Fulham,E05013748,Shepherd's Bush Green,E14001264,Hammersmith and Chiswick,UN1,Urban: Nearer to a major town or city,E09000013,523106,180001,E02000376,Hammersmith and Fulham 005,E01001941,Hammersmith and Fulham 005C,H,London,2,Church of England,Does not apply,CE23,Diocese of London,4,Local authority maintained schools,0,Not applicable,,,Not under a federation,,,,0,Not applicable,,0,Not applicable,,Not applicable,,,Not applicable,,Not applicable,Not applicable,Not applicable,,,Not applicable
Good Shepherd RC Primary School,205,Hammersmith and Fulham,999,,2,Primary,2,Voluntary aided school,Not applicable,Not applicable,1,Open,,0,Not applicable,,0,Not applicable,100354,10075998,3602,,234,102,132,210,26,11.1,,,,,,,,,,,,,,,,,,,,Mrs,Imogen,Lavelle,Headteacher,34124292,,,35 Gayford Road,,,London,,W12 9BY,,www.goodshepherdrc.lbhf.sch.uk/,2087435060,,Not applicable,,,,2,Does not have a sixth form,Has Nursery Classes,3,11,2,No Special Classes,0,Not applicable,3,Mixed,,1,No boarders,15/01/2026,09/03/2026 00:00,E09000013,Hammersmith and Fulham,E05013750,Wendell Park,E14001264,Hammersmith and Chiswick,UN1,Urban: Nearer to a major town or city,E09000013,521890,179649,E02000379,Hammersmith and Fulham 008,E01001865,Hammersmith and Fulham 008B,H,London,3,Roman Catholic,Does not apply,RC01,Archdiocese of Westminster,4,Local authority maintained schools,0,Not applicable,,,Not under a federation,,,,0,Not applicable,,0,Not applicable,,Not applicable,,,Not applicable,,Not applicable,Not applicable,Not applicable,,,Not applicable
St John XXIII Catholic Primary School,205,Hammersmith and Fulham,999,,2,Primary,2,Voluntary aided school,Not applicable,Not applicable,2,Closed,,0,Not applicable,31/03/2023,10,Academy Converter,100355,10075997,3645,,345,167,178,446,107,31,,,,,,,,,,,,,,,,,,,,Mrs,Karen,Cunningham,Headteacher,34019162,,,1 India Way,,,London,,W12 7QT,,,,,Not applicable,,,,2,Does not have a sixth form,Has Nursery Classes,3,11,2,No Special Classes,0,Not applicable,3,Mixed,,1,No boarders,19/01/2023,09/11/2023 00:00,E09000013,Hammersmith and Fulham,E05013752,White City,E14000726,Hammersmith,A1,(England/Wales) Urban major conurbation,E09000013,522736,180735,E02000373,Hammersmith and Fulham 002,E01001961,Hammersmith and Fulham 002D,H,London,3,Roman Catholic,Does not apply,RC01,Archdiocese of Westminster,4,Local authority maintained schools,0,Not applicable,,,Not under a federation,,,,0,Not applicable,,0,Not applicable,,Not applicable,,,Not applicable,,Not applicable,Not applicable,Not applicable,,,Not applicable
Larmenier RC Infants' School,205,Hammersmith and Fulham,999,,2,Primary,2,Voluntary aided school,Not applicable,Not applicable,2,Closed,,0,Not applicable,31/08/2002,1,Result of Amalgamation/Merger,100356,,3647,,,,,,,,,,,,,,,,,,,,,,,,,,,Sister,Hannah,Dwyer,Headteacher,,,,Great Church Lane,,,London,,W6 8DH,,,,,Not applicable,,,,0,Not applicable,Has Nursery Classes,3,7,2,No Special Classes,0,Not applicable,3,Mixed,,1,No boarders,,14/11/2018 00:00:00,E09000013,Hammersmith and Fulham,E05000252,Avonmore and Brook Green,E14000726,Hammersmith,A1,(England/Wales) Urban major conurbation,E09000013,523812,178559,E02000383,Hammersmith and Fulham 012,E01001867,Hammersmith and Fulham 012B,H,London,3,Roman Catholic,Does not apply,RC01,Archdiocese of Westminster,4,Local authority maintained schools,0,Not applicable,,,Not under a federation,,,,0,Not applicable,,0,Not applicable,,Not applicable,,,Not applicable,,Not applicable,Not applicable,Not applicable,,,Not applicable
St Thomas of Canterbury Catholic Primary School,205,Hammersmith and Fulham,999,,2,Primary,2,Voluntary aided school,Not applicable,Not applicable,2,Closed,,0,Not applicable,31/05/2026,10,Academy Converter,100357,10075996,3648,,56,34,22,210,26,46.4,,,,,,,,,,,,,,,,,,,,Miss,Joanne,Breslin,Headteacher,34055742,,,Estcourt Road,Fulham,,London,,SW6 7HB,,www.stthomasrc.lbhf.sch.uk,,,Not applicable,,,,2,Does not have a sixth form,No Nursery Classes,4,11,2,No Special Classes,0,Not applicable,3,Mixed,,1,No boarders,15/01/2026,29/6/2026 00:00:00,E09000013,Hammersmith and Fulham,E05013743,Munster,E14001160,Chelsea and Fulham,UN1,Urban: Nearer to a major town or city,E09000013,524581,177345,E02000388,Hammersmith and Fulham 017,E01001882,Hammersmith and Fulham 017C,H,London,35,Catholic,Does not apply,RC01,Archdiocese of Westminster,4,Local authority maintained schools,0,Not applicable,,,Not under a federation,,,,0,Not applicable,,0,Not applicable,,Not applicable,,,Not applicable,,Not applicable,Not applicable,Not applicable,,,Not applicable
Fulham College Boys' School,205,Hammersmith and Fulham,999,,4,Secondary,5,Foundation school,Not applicable,Not applicable,2,Closed,,0,Not applicable,28/02/2013,10,Academy Converter,100358,10015764,4106,,,,,765,,,,,,,,,,,,,,,,,,,,,,Mrs,Bernie,Peploe,Executive Principal,34046171,,,Kingwood Road,Fulham Palace Road,,London,,SW6 6SN,,,,,Not applicable,,,,1,Has a sixth form,No Nursery Classes,11,19,2,No Special Classes,4,Non-selective,3,Mixed,,1,No boarders,,14/11/2018 00:00:00,E09000013,Hammersmith and Fulham,E05000257,Munster,E14000629,Chelsea and Fulham,A1,(England/Wales) Urban major conurbation,E09000013,524042,176935,E02000393,Hammersmith and Fulham 022,E01001904,Hammersmith and Fulham 022A,H,London,0,Does not apply,Does not apply,0,Not applicable,4,Local authority maintained schools,2,Not supported by a trust,,,Not under a federation,,,,0,Not applicable,,0,Not applicable,,Not applicable,,,Not applicable,,Not applicable,Not applicable,Not applicable,,,Not applicable
Phoenix High School,205,Hammersmith and Fulham,999,,4,Secondary,5,Foundation school,Not applicable,Not applicable,2,Closed,,0,Not applicable,31/08/2016,6,For Academy,100359,10017110,4314,,,,,1160,,,,,,,,,,,,,,,,,,,,,,Mr,Alan,Streeter,Executive Headteacher,34014195,,,The Curve,,,London,,W12 0RQ,,,,,Not applicable,,,,1,Has a sixth form,No Nursery Classes,11,19,2,No Special Classes,4,Non-selective,3,Mixed,,1,No boarders,,18/10/2018 00:00:00,E09000013,Hammersmith and Fulham,E05000265,Wormholt and White City,E14000726,Hammersmith,A1,(England/Wales) Urban major conurbation,E09000013,522377,180823,E02000373,Hammersmith and Fulham 002,E01001955,Hammersmith and Fulham 002A,H,London,6,None,Does not apply,0,Not applicable,4,Local authority maintained schools,2,Not supported by a trust,,,Not under a federation,,,,0,Not applicable,,0,Not applicable,,Not applicable,,,Not applicable,,Not applicable,Not applicable,Not applicable,,,Not applicable
Fulham Cross Girls' School and Language College,205,Hammersmith and Fulham,999,,4,Secondary,5,Foundation school,Not applicable,Not applicable,2,Closed,,0,Not applicable,28/02/2013,10,Academy Converter,100360,10015738,4315,,,,,634,,,,,,,,,,,,,,,,,,,,,,Ms,Bernie,Peploe,Executive Principal,34109091,,,Munster Road,,,London,,SW6 6BP,,,,,Not applicable,,,,2,Does not have a sixth form,No Nursery Classes,11,16,2,No Special Classes,4,Non-selective,2,Girls,,1,No boarders,,18/10/2018 00:00:00,E09000013,Hammersmith and Fulham,E05000257,Munster,E14000629,Chelsea and Fulham,A1,(England/Wales) Urban major conurbation,E09000013,524106,177335,E02000390,Hammersmith and Fulham 019,E01001903,Hammersmith and Fulham 019D,H,London,0,Does not apply,Does not apply,0,Not applicable,4,Local authority maintained schools,2,Not supported by a trust,,,Not under a federation,,,,0,Not applicable,,0,Not applicable,,Not applicable,,,Not applicable,,Not applicable,Not applicable,Not applicable,,,Not applicable
Hurlingham and Chelsea Secondary School,205,Hammersmith and Fulham,999,,4,Secondary,1,Community school,Not applicable,Not applicable,2,Closed,,0,Not applicable,31/12/2014,6,For Academy,100361,10003211,4319,,,,,984,,,,,,,,,,,,,,,,,,,,,,Mr,Craig,Griffiths,Acting Headteacher,34063756,,,Peterborough Road,Fulham,,London,,SW6 3ED,,,,,Not applicable,,,,2,Does not have a sixth form,No Nursery Classes,11,16,2,No Special Classes,4,Non-selective,3,Mixed,,1,No boarders,,14/11/2018 00:00:00,E09000013,Hammersmith and Fulham,E05000262,Sands End,E14000629,Chelsea and Fulham,A1,(England/Wales) Urban major conurbation,E09000013,525368,175859,E02000396,Hammersmith and Fulham 025,E01001934,Hammersmith and Fulham 025B,H,London,0,Does not apply,Does not apply,0,Not applicable,4,Local authority maintained schools,0,Not applicable,,,Not under a federation,,,,0,Not applicable,,0,Not applicable,,Not applicable,,,Not applicable,,Not applicable,Not applicable,Not applicable,,,Not applicable
Burlington Danes CofE School,205,Hammersmith and Fulham,999,,4,Secondary,2,Voluntary aided school,Not applicable,Not applicable,2,Closed,,0,Not applicable,31/08/2006,6,For Academy,100362,,4610,,,,,881,,,,,,,,,,,,,,,,,,,,,,Ms,M,Craig,Headteacher,,,,Wood Lane,,,London,,W12 0HR,,,,,Not applicable,,,,2,Does not have a sixth form,Not applicable,11,16,2,No Special Classes,4,Non-selective,3,Mixed,,1,No boarders,,14/11/2018 00:00:00,E09000013,Hammersmith and Fulham,E05000253,College Park and Old Oak,E14000726,Hammersmith,A1,(England/Wales) Urban major conurbation,E09000013,522925,181489,E02000372,Hammersmith and Fulham 001,E01001874,Hammersmith and Fulham 001A,H,London,2,Church of England,Does not apply,CE23,Diocese of London,4,Local authority maintained schools,0,Not applicable,,,Not under a federation,,,,0,Not applicable,,0,Not applicable,,Not applicable,,,Not applicable,,Not applicable,Not applicable,Not applicable,,,Not applicable
Sacred Heart High School,205,Hammersmith and Fulham,999,,4,Secondary,2,Voluntary aided school,Not applicable,Not applicable,2,Closed,,0,Not applicable,29/02/2012,10,Academy Converter,100363,10017331,4620,,,,,793,,,,,,,,,,,,,,,,,,,,,,Dr,C T,Carpenter,Headteacher,34027236,,,212 Hammersmith Road,(Entrance Bute Gardens),Hammersmith,London,,W6 7DG,,,,,Not applicable,,,,2,Does not have a sixth form,Not applicable,11,16,2,No Special Classes,4,Non-selective,2,Girls,,1,No boarders,,14/11/2018 00:00:00,E09000013,Hammersmith and Fulham,E05000256,Hammersmith Broadway,E14000726,Hammersmith,A1,(England/Wales) Urban major conurbation,E09000013,523435,178678,E02000384,Hammersmith and Fulham 013,E01001898,Hammersmith and Fulham 013C,H,London,3,Roman Catholic,Does not apply,RC01,Archdiocese of Westminster,4,Local authority maintained schools,0,Not applicable,,,Not under a federation,,,,0,Not applicable,,0,Not applicable,,Not applicable,,,Not applicable,,Not applicable,Not applicable,Not applicable,,,Not applicable
Lady Margaret School,205,Hammersmith and Fulham,999,,4,Secondary,2,Voluntary aided school,Not applicable,Not applicable,2,Closed,,0,Not applicable,31/08/2012,10,Academy Converter,100364,10003741,4632,,,,,538,,,,,,,,,,,,,,,,,,,,,,Mrs,Sally,Whyte,Headteacher,34068392,,,Parson's Green,,,London,,SW6 4UN,,,,,Not applicable,,,,1,Has a sixth form,No Nursery Classes,11,18,2,No Special Classes,4,Non-selective,2,Girls,,1,No boarders,,18/10/2018 00:00:00,E09000013,Hammersmith and Fulham,E05000260,Parsons Green and Walham,E14000629,Chelsea and Fulham,A1,(England/Wales) Urban major conurbation,E09000013,525134,176562,E02000391,Hammersmith and Fulham 020,E01001922,Hammersmith and Fulham 020C,H,London,2,Church of England,Does not apply,CE23,Diocese of London,4,Local authority maintained schools,0,Not applicable,,,Not under a federation,,,,0,Not applicable,,0,Not applicable,,Not applicable,,,Not applicable,,Not applicable,Not applicable,Not applicable,,,Not applicable
The London Oratory School,205,Hammersmith and Fulham,999,,5,Middle deemed secondary,2,Voluntary aided school,Not applicable,Not applicable,2,Closed,,0,Not applicable,31/07/2011,10,Academy Converter,100365,10006745,5400,,,,,1101,,,,,,,,,,,,,,,,,,,,,,Mr,David,McFadden,Headmaster,34069887,,,Seagrave Road,,,London,,SW6 1RX,,,,,Not applicable,,,,1,Has a sixth form,Not applicable,7,18,2,No Special Classes,4,Non-selective,1,Boys,,1,No boarders,,18/10/2018 00:00:00,E09000013,Hammersmith and Fulham,E05000254,Fulham Broadway,E14000629,Chelsea and Fulham,A1,(England/Wales) Urban major conurbation,E09000013,525516,177432,E02000388,Hammersmith and Fulham 017,E01001883,Hammersmith and Fulham 017D,H,London,3,Roman Catholic,Does not apply,RC01,Archdiocese of Westminster,4,Local authority maintained schools,0,Not applicable,,,Not under a federation,,,,0,Not applicable,,0,Not applicable,,Not applicable,,,Not applicable,,Not applicable,Not applicable,Not applicable,,,Not applicable
St Paul's Girls' School,205,Hammersmith and Fulham,999,,0,Not applicable,11,Other independent school,Not applicable,Not approved,1,Open,01/01/1942,0,Not applicable,,0,Not applicable,100366,10014010,6011,,833,0,833,850,,,3,72,,,,,,,,,,,,,,,,,,Mrs,Liz,Hewer,Headteacher,34026608,St Paul's Girls' School (The Board of Governors),,Brook Green,,,London,,W6 7BS,,www.spgs.org,2076032288,ISI,Not applicable,,,,1,Has a sixth form,No Nursery Classes,10,19,2,No Special Classes,0,Not applicable,2,Girls,Has boarders,1,No boarders,18/01/2024,23/9/2026 00:00:00,E09000013,Hammersmith and Fulham,E05013735,Brook Green,E14001264,Hammersmith and Chiswick,UN1,Urban: Nearer to a major town or city,E09000013,523743,178859,E02000381,Hammersmith and Fulham 010,E01001869,Hammersmith and Fulham 010D,H,London,2,Church of England,Inter- / non- denominational,0,Not applicable,3,Independent schools,0,Not applicable,,,Not applicable,,,,0,Not applicable,,0,Not applicable,,Not applicable,,,Not applicable,,Not applicable,Not applicable,Not applicable,,,Not applicable
Corona Theatre School,318,Richmond upon Thames,205,Hammersmith and Fulham,0,Not applicable,11,Other independent school,Not applicable,Not approved,2,Closed,22/10/1957,0,Not applicable,15/02/2013,2,Closure,100367,10031792,6080,6002,,,,96,,,1,0,,,,,,,,,,,,,,,,,,,Mary,Greco,Headteacher,10070709795,Mary Greco,,The Gatehouse,Kingsway Business Park,Oldfield Road,Hampton,Middlesex,TW12 2HD,,,,Ofsted,Not applicable,,,,1,Has a sixth form,No Nursery Classes,7,19,2,No Special Classes,0,Not applicable,3,Mixed,,1,No boarders,,07/09/2019 00:00,E09000027,Richmond upon Thames,E05000520,Hampton,E14001005,Twickenham,A1,(England/Wales) Urban major conurbation,E09000027,512858,169744,E02000806,Richmond upon Thames 023,E01003826,Richmond upon Thames 023E,H,London,6,None,None,0,Not applicable,3,Independent schools,0,Not applicable,,,Not applicable,,,,0,Not applicable,,0,Not applicable,,Not applicable,,,Not applicable,,Not applicable,Not applicable,Not applicable,,,Not applicable
Bute House Preparatory School for Girls,205,Hammersmith and Fulham,999,,0,Not applicable,11,Other independent school,Not applicable,Not approved,1,Open,01/01/1957,0,Not applicable,,0,Not applicable,100368,10075163,6216,,325,0,325,330,,,0,48,,,,,,,,,,,,,,,,,,Ms,Sian,Bradshaw,Headteacher,34028128,Bute House Prep School for Girls,,Luxembourg Gardens,London,,,,W6 7EA,United Kingdom,https://www.butehouse.co.uk/,2076037381,ISI,Not applicable,,,,2,Does not have a sixth form,No Nursery Classes,4,11,2,No Special Classes,0,Not applicable,2,Girls,Does not have boarders,1,No boarders,18/01/2024,23/7/2026 00:00:00,E09000013,Hammersmith and Fulham,E05013735,Brook Green,E14001264,Hammersmith and Chiswick,UN1,Urban: Nearer to a major town or city,E09000013,523535,178929,E02000381,Hammersmith and Fulham 010,E01001869,Hammersmith and Fulham 010D,H,London,6,None,None,0,Not applicable,3,Independent schools,0,Not applicable,,,Not applicable,,,,0,Not applicable,,0,Not applicable,,Not applicable,,,Not applicable,,Not applicable,Not applicable,Not applicable,,,Not applicable
The Godolphin and Latymer School,205,Hammersmith and Fulham,999,,0,Not applicable,11,Other independent school,Not applicable,Not approved,1,Open,09/01/1977,0,Not applicable,,0,Not applicable,100369,10002711,6291,,826,0,826,840,,,0,115,,,,,,,,,,,,,,,,,,Dr,Frances,Ramsey,Headteacher,34004726,The Godolphin and Latymer School Foundation,,Iffley Road,Hammersmith,,London,,W6 0PG,,https://www.godolphinandlatymer.com/,2087411936,ISI,Not applicable,,,,1,Has a sixth form,No Nursery Classes,10,19,2,No Special Classes,0,Not applicable,2,Girls,Does not have boarders,1,No boarders,18/01/2024,23/9/2026 00:00:00,E09000013,Hammersmith and Fulham,E05013740,Grove,E14001264,Hammersmith and Chiswick,UN1,Urban: Nearer to a major town or city,E09000013,522972,178861,E02000380,Hammersmith and Fulham 009,E01001897,Hammersmith and Fulham 009C,H,London,6,None,Inter- / non- denominational,0,Not applicable,3,Independent schools,0,Not applicable,,,Not applicable,,,,0,Not applicable,,0,Not applicable,,Not applicable,,,Not applicable,,Not applicable,Not applicable,Not applicable,,,Not applicable
Latymer Upper School and Latymer Prep,205,Hammersmith and Fulham,999,,0,Not applicable,11,Other independent school,Not applicable,Not approved,1,Open,30-09-1895,0,Not applicable,,0,Not applicable,100370,10008333,6306,,1443,728,715,1450,,,5,294,,,,,,,,,,,,,,,,,,Mrs,Susan,Wijeratna,Headteacher,34004704,The Latymer Foundation,,237 King Street,Hammersmith,,London,,W6 9LR,,www.latymer-upper.org,2086292024,ISI,Not applicable,,,,1,Has a sixth form,No Nursery Classes,7,19,2,No Special Classes,2,Selective,3,Mixed,Does not have boarders,1,No boarders,18/01/2024,23/7/2026 00:00:00,E09000013,Hammersmith and Fulham,E05013746,Ravenscourt,E14001264,Hammersmith and Chiswick,UN1,Urban: Nearer to a major town or city,E09000013,522457,178593,E02000382,Hammersmith and Fulham 011,E01001932,Hammersmith and Fulham 011C,H,London,6,None,None,0,Not applicable,3,Independent schools,0,Not applicable,,,Not applicable,,,,0,Not applicable,,0,Not applicable,,Not applicable,,,Not applicable,,Not applicable,Not applicable,Not applicable,,,Not applicable
Ecole Franþaise de Londres Jacques PrÚvert,205,Hammersmith and Fulham,999,,0,Not applicable,11,Other independent school,Not applicable,Not approved,1,Open,19/11/1986,0,Not applicable,,0,Not applicable,100371,10079112,6359,,287,140,147,292,,,1,25,,,,,,,,,,,,,,,,,,Mrs,Bleuenn,MORVAN,Headteacher,34027249,Ecole Francaise de Londres Jacques Prevert Ltd,,59 Brook Green,,,London,,W6 7BE,,http://www.ecoleprevert.org.uk/,2076026871,Ofsted,Not applicable,,,,0,Not applicable,Has Nursery Classes,2,11,2,No Special Classes,4,Non-selective,3,Mixed,Does not have boarders,1,No boarders,18/01/2024,23/7/2026 00:00:00,E09000013,Hammersmith and Fulham,E05013735,Brook Green,E14001264,Hammersmith and Chiswick,UN1,Urban: Nearer to a major town or city,E09000013,523811,178942,E02000381,Hammersmith and Fulham 010,E01001869,Hammersmith and Fulham 010D,H,London,6,None,None,0,Not applicable,3,Independent schools,0,Not applicable,,,Not applicable,,,,0,Not applicable,,0,Not applicable,,Not applicable,,,Not applicable,,Not applicable,Not applicable,Not applicable,,,Not applicable
Evergreen Primary School,205,Hammersmith and Fulham,999,,0,Not applicable,11,Other independent school,Not applicable,Not approved,1,Open,22/11/1989,0,Not applicable,,0,Not applicable,100372,10025464,6382,,60,32,28,211,,,0,14,,,,,,,,,,,,,,,,,,Mrs,Rena,Begum,Acting Headteacher,34140463,Ms Rena Begum,,9 Swan Mews,Parsons Green,,,,SW6 4QT,United Kingdom,http://www.evergreenprimary.org.uk,7562778537,Ofsted,Not applicable,,,,2,Does not have a sixth form,Has Nursery Classes,3,11,2,No Special Classes,0,Not applicable,3,Mixed,Does not have boarders,1,No boarders,18/01/2024,23/7/2026 00:00:00,E09000013,Hammersmith and Fulham,E05013739,Fulham Town,E14001160,Chelsea and Fulham,UN1,Urban: Nearer to a major town or city,E09000013,525016,176786,E02000392,Hammersmith and Fulham 021,E01001950,Hammersmith and Fulham 021D,H,London,42,Islam,Muslim,0,Not applicable,3,Independent schools,0,Not applicable,,,Not applicable,,,,0,Not applicable,,0,Not applicable,,Not applicable,,,Not applicable,,Not applicable,Not applicable,Not applicable,,,Not applicable
Ravenscourt Park Preparatory School,205,Hammersmith and Fulham,999,,0,Not applicable,11,Other independent school,Not applicable,Not approved,1,Open,11/01/1991,0,Not applicable,,0,Not applicable,100373,10072291,6384,,422,218,204,420,,,1,125,,,,,,,,,,,,,,,,,,Mr,Tim,Smith,Headteacher,34128676,Maria Gardener,,16 Ravenscourt Avenue,Ravenscourt Park,,London,,W6 0SL,,www.rpps.co.uk,2088469153,ISI,Not applicable,,,,2,Does not have a sixth form,No Nursery Classes,4,11,2,No Special Classes,4,Non-selective,3,Mixed,Does not have boarders,1,No boarders,18/01/2024,09/01/2026 00:00,E09000013,Hammersmith and Fulham,E05013746,Ravenscourt,E14001264,Hammersmith and Chiswick,UN1,Urban: Nearer to a major town or city,E09000013,522386,178711,E02000382,Hammersmith and Fulham 011,E01001932,Hammersmith and Fulham 011C,H,London,6,None,None,0,Not applicable,3,Independent schools,0,Not applicable,,,Not applicable,,,,0,Not applicable,,0,Not applicable,,Not applicable,,,Not applicable,,Not applicable,Not applicable,Not applicable,,,Not applicable
Sinclair House School,205,Hammersmith and Fulham,999,,0,Not applicable,11,Other independent school,Not applicable,Not approved,2,Closed,11/01/1991,0,Not applicable,31/12/2021,8,Does not meet criteria for registration,100374,10070520,6385,,60,53,46,280,0,0,0,0,,,,,,,,,,,,,,,,,,Mrs,Carlotta,O'Sullivan,Headteacher,34046194,Carlotta O'Sullivan,,159 Munster Road,Fulham,,London,,SW6 6DA,United Kingdom,,,ISI,Not applicable,,,,2,Does not have a sixth form,Has Nursery Classes,0,13,2,No Special Classes,4,Non-selective,3,Mixed,Does not have boarders,1,No boarders,20/01/2022,09/12/2022 00:00,E09000013,Hammersmith and Fulham,E05000257,Munster,E14000629,Chelsea and Fulham,A1,(England/Wales) Urban major conurbation,E09000013,524356,176938,E02000393,Hammersmith and Fulham 022,E01001905,Hammersmith and Fulham 022B,H,London,6,None,Inter- / non- denominational,0,Not applicable,3,Independent schools,0,Not applicable,,,Not applicable,,,,0,Not applicable,,0,Not applicable,,Not applicable,,,Not applicable,,Not applicable,Not applicable,Not applicable,,,Not applicable
L'Ecole des Petits School,205,Hammersmith and Fulham,999,,0,Not applicable,11,Other independent school,Not applicable,Not approved,1,Open,10/02/1990,0,Not applicable,,0,Not applicable,100375,10070519,6386,,95,44,51,141,,,0,3,,,,,,,,,,,,,,,,,,Mr,Laurent,Balerdi,Headteacher,34065625,L'Ecole des Petits Limited,,2 Hazlebury Road,,,London,,SW6 2NB,,www.lecoledespetits.co.uk,2073718350,Ofsted,Not applicable,,,,2,Does not have a sixth form,Has Nursery Classes,2,6,2,No Special Classes,4,Non-selective,3,Mixed,Does not have boarders,1,No boarders,18/01/2024,28/9/2026 00:00:00,E09000013,Hammersmith and Fulham,E05013747,Sands End,E14001160,Chelsea and Fulham,UN1,Urban: Nearer to a major town or city,E09000013,525738,176341,E02000396,Hammersmith and Fulham 025,E01001937,Hammersmith and Fulham 025C,H,London,6,None,None,0,Not applicable,3,Independent schools,0,Not applicable,,,Not applicable,,,,0,Not applicable,,0,Not applicable,,Not applicable,,,Not applicable,,Not applicable,Not applicable,Not applicable,,,Not applicable
Le Herisson School,205,Hammersmith and Fulham,999,,0,Not applicable,11,Other independent school,Not applicable,Not approved,2,Closed,21/10/1993,0,Not applicable,07/01/2022,2,Closure,100376,10070518,6387,,26,11,15,76,0,0,0,0,,,,,,,,,,,,,,,,,,Mr,Sebastien,Nowak,,34007982,Maria Frost,,Rivercourt Methodist Church,Lower Ground Floor,Rivercourt Road,London,,W6 9JT,,,,ISI,Not applicable,,,,2,Does not have a sixth form,Has Nursery Classes,2,6,2,No Special Classes,0,Not applicable,3,Mixed,Does not have boarders,1,No boarders,20/01/2022,09/12/2022 00:00,E09000013,Hammersmith and Fulham,E05013741,Hammersmith Broadway,E14000726,Hammersmith,A1,(England/Wales) Urban major conurbation,E09000013,522559,178561,E02000384,Hammersmith and Fulham 013,E01001894,Hammersmith and Fulham 013B,H,London,6,None,None,0,Not applicable,3,Independent schools,0,Not applicable,,,Not applicable,,,,0,Not applicable,,0,Not applicable,,Not applicable,,,Not applicable,,Not applicable,Not applicable,Not applicable,,,Not applicable
Bloomsbury College,205,Hammersmith and Fulham,999,,0,Not applicable,11,Other independent school,Not applicable,Not approved,2,Closed,,0,Not applicable,11/04/1997,0,Not applicable,100377,,6388,,,,,,,,,,,,,,,,,,,,,,,,,,,,,,Headteacher,34070946,,,52a Walham Grove,,,London,,SW6 1QR,,,,,Not applicable,,,,0,Not applicable,Not applicable,14,19,2,No Special Classes,4,Non-selective,3,Mixed,,1,No boarders,,07/09/2019 00:00,E09000013,Hammersmith and Fulham,E05000254,Fulham Broadway,E14000629,Chelsea and Fulham,A1,(England/Wales) Urban major conurbation,E09000013,525219,177429,E02000388,Hammersmith and Fulham 017,E01001881,Hammersmith and Fulham 017B,H,London,6,None,Church of England,0,Not applicable,3,Independent schools,0,Not applicable,,,Not applicable,,,,0,Not applicable,,0,Not applicable,,Not applicable,,,Not applicable,,Not applicable,Not applicable,Not applicable,,,Not applicable
Queensmill School,205,Hammersmith and Fulham,999,,0,Not applicable,7,Community special school,Not applicable,Not applicable,2,Closed,,0,Not applicable,31/05/2021,10,Academy Converter,100378,10044140,7014,,253,208,45,,144,62.9,,,,,,Yes,,,,,,,,,Resourced provision,207,207,,,Mr,Freddie,Adu,Headteacher,34030760,,,1 Askham Road,Shepherds Bush,,London,,W12 0NW,,,,,Not applicable,,,,1,Has a sixth form,Has Nursery Classes,3,25,1,Has Special Classes,0,Not applicable,3,Mixed,,1,No boarders,21/01/2021,07/02/2021 00:00,E09000013,Hammersmith and Fulham,E05000265,Wormholt and White City,E14000726,Hammersmith,A1,(England/Wales) Urban major conurbation,E09000013,522062,180146,E02000374,Hammersmith and Fulham 003,E01001956,Hammersmith and Fulham 003B,H,London,0,Does not apply,Does not apply,0,Not applicable,5,Special schools,0,Not applicable,,,Not under a federation,,,,0,Not applicable,,0,Not applicable,,Not applicable,,,Not applicable,,Not applicable,Not applicable,Not applicable,,,Not applicable
Woodlane High School,205,Hammersmith and Fulham,999,,0,Not applicable,7,Community special school,Not applicable,Not applicable,1,Open,,0,Not applicable,,0,Not applicable,100379,10015171,7153,,109,66,43,100,62,56.9,,,Yes,Yes,Yes,Yes,,,Yes,Yes,,,Yes,,Not applicable,,,,,,Claire,Maynard,Headteacher,34020040,,,Du Cane Road,Hammersmith,,London,,W12 0TN,,www.woodlane.lbhf.sch.uk,2087435668,,Not applicable,,,,0,Not applicable,Not applicable,11,16,1,Has Special Classes,0,Not applicable,3,Mixed,,1,No boarders,15/01/2026,24/9/2026 00:00:00,E09000013,Hammersmith and Fulham,E05013736,College Park & Old Oak,E14001207,Ealing Central and Acton,UN1,Urban: Nearer to a major town or city,E09000013,522820,181248,E02000372,Hammersmith and Fulham 001,E01035484,Hammersmith and Fulham 001F,H,London,0,Does not apply,Does not apply,0,Not applicable,5,Special schools,0,Not applicable,,,Not under a federation,,,,0,Not applicable,,0,Not applicable,,Not applicable,,,Not applicable,,Not applicable,Not applicable,Not applicable,,,Not applicable
Heathermount School,205,Hammersmith and Fulham,999,,0,Not applicable,7,Community special school,Not applicable,Not applicable,2,Closed,,0,Not applicable,31/08/2002,2,Closure,100380,,7195,,,,,,,,,,,,,Yes,,,,,,,,,,,,,,Ms,S,Lord,Headteacher,,,,Devenish Road,,,Ascot,,SL5 9PG,,,,,Not applicable,,,,0,Not applicable,Not applicable,5,19,1,Has Special Classes,0,Not applicable,3,Mixed,,1,No boarders,,29/11/2019 00:00:00,E06000040,Windsor and Maidenhead,E05012494,Ascot & Sunninghill,E14001042,Windsor,C1,(England/Wales) Urban city and town,E09000013,493805,167066,E02003438,Windsor and Maidenhead 018,E01016608,Windsor and Maidenhead 018F,H,London,0,Does not apply,Does not apply,0,Not applicable,5,Special schools,0,Not applicable,,,Not under a federation,,,,0,Not applicable,,0,Not applicable,,Not applicable,,,Not applicable,,Not applicable,Not applicable,Not applicable,,,Not applicable
Jack Tizard School,205,Hammersmith and Fulham,999,,0,Not applicable,7,Community special school,Not applicable,Not applicable,1,Open,,0,Not applicable,,0,Not applicable,100381,10016037,7203,,74,42,32,70,34,56.7,,,Yes,,Yes,Yes,Yes,Yes,Yes,,Yes,Yes,,,Not applicable,,,,,Ms,Francesca,Smith,Headteacher,34138527,,,South Africa Road,,,London,,W12 7PA,,www.jacktizard.lbhf.sch.uk,2087353590,,Not applicable,,,,1,Has a sixth form,Has Nursery Classes,2,19,1,Has Special Classes,0,Not applicable,3,Mixed,,1,No boarders,15/01/2026,09/09/2026 00:00,E09000013,Hammersmith and Fulham,E05013752,White City,E14001264,Hammersmith and Chiswick,UN1,Urban: Nearer to a major town or city,E09000013,522684,180419,E02000375,Hammersmith and Fulham 004,E01001946,Hammersmith and Fulham 004D,H,London,0,Does not apply,Does not apply,0,Not applicable,5,Special schools,0,Not applicable,,,Not under a federation,,,,0,Not applicable,,0,Not applicable,,Not applicable,,,Not applicable,,Not applicable,Not applicable,Not applicable,,,Not applicable
Cambridge School,205,Hammersmith and Fulham,999,,0,Not applicable,7,Community special school,Not applicable,Not applicable,1,Open,01/01/1900,0,Not applicable,,99,,100382,10018085,7204,,141,112,29,129,82,59,,,,,Yes,Yes,Yes,,,Yes,,,,,Not applicable,,,,,Ms,Keziah,Raphael,Headteacher,34016295,,,"61, Bryony Rd",White City,,London,,W12 0SP,,www.cambridge.lbhf.sch.uk,2087350980,,Not applicable,,,,0,Not applicable,Not applicable,11,16,1,Has Special Classes,0,Not applicable,3,Mixed,,1,No boarders,15/01/2026,09/02/2026 00:00,E09000013,Hammersmith and Fulham,E05013753,Wormholt,E14001207,Ealing Central and Acton,UN1,Urban: Nearer to a major town or city,E09000013,522474,180669,E02000373,Hammersmith and Fulham 002,E01001955,Hammersmith and Fulham 002A,H,London,0,Does not apply,Does not apply,0,Not applicable,5,Special schools,0,Not applicable,,,Not under a federation,,,,0,Not applicable,,0,Not applicable,,Not applicable,,,Not applicable,,Not applicable,Not applicable,Not applicable,,,Not applicable
Gibbs Green School,205,Hammersmith and Fulham,999,,0,Not applicable,7,Community special school,Not applicable,Not applicable,2,Closed,,0,Not applicable,31/08/2009,2,Closure,100383,,7205,,,,,,,,,,,,,,Yes,,,,,,,,,,,,,Ms,Anne-Louise,De Buriane,Headteacher,34148878,,,Mund Street,West Kensington,,London,,W14 9LY,,,,,Not applicable,,,,0,Not applicable,Not applicable,5,11,1,Has Special Classes,0,Not applicable,1,Boys,,1,No boarders,,14/11/2018 00:00:00,E09000013,Hammersmith and Fulham,E05000258,North End,E14000726,Hammersmith,A1,(England/Wales) Urban major conurbation,E09000013,524849,178270,E02000386,Hammersmith and Fulham 015,E01001911,Hammersmith and Fulham 015D,H,London,0,Does not apply,Does not apply,0,Not applicable,5,Special schools,0,Not applicable,,,Not under a federation,,,,0,Not applicable,,0,Not applicable,,Not applicable,,,Not applicable,,Not applicable,Not applicable,Not applicable,,,Not applicable
Margaret McMillan Nursery School,206,Islington,999,,1,Nursery,15,Local authority nursery school,Not applicable,Not applicable,1,Open,,0,Not applicable,,0,Not applicable,100384,,1009,,76,35,41,,9,15.8,,,,,,,,,,,,,,,,,,,,Mrs,Karen,Smith,Headteacher,5300049489,,,Hornsey Rise,Islington,,London,,N19 3SF,,www.margaretmcmillan.islington.sch.uk,2072812745,,Not applicable,,,,0,Not applicable,Has Nursery Classes,0,5,0,Not applicable,0,Not applicable,3,Mixed,,1,No boarders,15/01/2026,29/6/2026 00:00:00,E09000019,Islington,E05013705,Hillrise,E14001305,Islington North,UN1,Urban: Nearer to a major town or city,E09000019,529985,187573,E02000554,Islington 001,E01002758,Islington 001C,H,London,0,Does not apply,Does not apply,0,Not applicable,4,Local authority maintained schools,0,Not applicable,,,Not under a federation,,,,0,Not applicable,,0,Not applicable,,Not applicable,,,Not applicable,,Not applicable,Not applicable,Not applicable,,,Not applicable
Kate Greenaway Nursery School and Children's Centre,206,Islington,999,,1,Nursery,15,Local authority nursery school,Not applicable,Not applicable,1,Open,,0,Not applicable,,0,Not applicable,100385,,1033,,76,37,39,,14,23.3,,,,,,,,,,,,,,,,,,,,Ms,Diana,Valcheva,Headteacher,5300092141,,,Yorkway Court,Copenhagen Street,,London,,N1 0UH,,www.kategreenaway.org,2075274850,,Not applicable,,,,0,Not applicable,Has Nursery Classes,0,5,0,Not applicable,0,Not applicable,3,Mixed,,1,No boarders,15/01/2026,15/9/2026 00:00:00,E09000019,Islington,E05013700,Caledonian,E14001306,Islington South and Finsbury,UN1,Urban: Nearer to a major town or city,E09000019,530441,183608,E02000572,Islington 019,E01002710,Islington 019D,H,London,0,Does not apply,Does not apply,0,Not applicable,4,Local authority maintained schools,0,Not applicable,,,Not under a federation,,,,0,Not applicable,,0,Not applicable,,Not applicable,,,Not applicable,,Not applicable,Not applicable,Not applicable,,,Not applicable
North Islington Nursery School,206,Islington,999,,1,Nursery,15,Local authority nursery school,Not applicable,Not applicable,1,Open,,0,Not applicable,,0,Not applicable,100386,,1047,,98,50,48,,8,12.1,,,,,,,,,,,,,,,,,,,,Mrs,Sally,Franklin,Headteacher,5300091542,,,110-112 Tollington Park,,,London,,N4 3RB,,www.northislingtonnursery.co.uk,2075274844,,Not applicable,,,,0,Not applicable,Has Nursery Classes,0,5,0,Not applicable,0,Not applicable,3,Mixed,,1,No boarders,15/01/2026,09/03/2026 00:00,E09000019,Islington,E05013712,Tollington,E14001305,Islington North,UN1,Urban: Nearer to a major town or city,E09000019,530859,186986,E02000556,Islington 003,E01002805,Islington 003B,H,London,0,Does not apply,Does not apply,0,Not applicable,4,Local authority maintained schools,0,Not applicable,,,Not under a federation,,,,0,Not applicable,,0,Not applicable,,Not applicable,,,Not applicable,,Not applicable,Not applicable,Not applicable,,,Not applicable
New River College KS3,206,Islington,999,,0,Not applicable,14,Pupil referral unit,Not applicable,Not applicable,2,Closed,,0,Not applicable,11/04/2013,2,Closure,100387,10016567,1100,,,,,36,,,,,,,,,,,,,,,,,,,,,,Mr,Nigel,Smith,Headteacher,10090262925,,,Lough Road,,,London,,N7 8RH,,,,,Not applicable,,,,0,Not applicable,Not applicable,11,14,0,Not applicable,0,Not applicable,3,Mixed,,1,No boarders,,14/11/2018 00:00:00,E09000019,Islington,E05000375,Holloway,E14000764,Islington South and Finsbury,A1,(England/Wales) Urban major conurbation,E09000019,529580,186846,E02000564,Islington 011,E01033488,Islington 011G,H,London,0,Does not apply,Does not apply,0,Not applicable,4,Local authority maintained schools,0,Not applicable,,,Not applicable,,,,0,Not applicable,,0,Not applicable,,Not applicable,,,Does not provide places for Teen Mothers,,Does not have child care facilities,PRU Does have Provision for SEN,PRU Does not have EBD provision,36,PRU offers full time provision,Does not offer tuition by another provider
New River College Primary,206,Islington,999,,0,Not applicable,14,Pupil referral unit,Not applicable,Not applicable,1,Open,,0,Not applicable,,0,Not applicable,100388,10077051,1101,,2,2,0,,1,50,,,,,,,,,,,,,,,,,,,,Mr,Nigel,Smith,"Deputy Headteacher, NRC Primary",5300021849,,,Cloudesley Square,,,London,,N1 0HN,,https://www.newrivercollege.co.uk/nrc-primary/welcome-primary,2075040534,,Not applicable,,,,0,Not applicable,Not applicable,5,11,0,Not applicable,0,Not applicable,3,Mixed,,1,No boarders,15/01/2026,16/9/2026 00:00:00,E09000019,Islington,E05013698,Barnsbury,E14001306,Islington South and Finsbury,UN1,Urban: Nearer to a major town or city,E09000019,531240,183798,E02000573,Islington 020,E01002696,Islington 020A,H,London,0,Does not apply,Does not apply,0,Not applicable,4,Local authority maintained schools,0,Not applicable,,,Not applicable,,,,0,Not applicable,,0,Not applicable,,Not applicable,,,Does not provide places for Teen Mothers,,Does not have child care facilities,PRU Does have Provision for SEN,PRU Does have EBD provision,10,PRU offers full time provision,Does not offer tuition by another provider
Ecclesbourne Class Base (East),206,Islington,999,,0,Not applicable,14,Pupil referral unit,Not applicable,Not applicable,2,Closed,,0,Not applicable,09/01/1994,0,Not applicable,100389,,1102,,,,,,,,,,,,,,,,,,,,,,,,,,,,,,Headteacher,,,,C/O Ecclesbourne School,Ecclesbourne Road,,London,,N1 3AG,,,,,Not applicable,,,,0,Not applicable,Not applicable,5,18,0,Not applicable,0,Not applicable,3,Mixed,,1,No boarders,,24/9/2015 00:00:00,E09000019,Islington,E05000369,Canonbury,E14000764,Islington South and Finsbury,A1,(England/Wales) Urban major conurbation,E09000019,532490,184260,E02000571,Islington 018,E01002722,Islington 018A,H,London,0,Does not apply,Does not apply,0,Not applicable,4,Local authority maintained schools,0,Not applicable,,,Not applicable,,,,0,Not applicable,,0,Not applicable,,Not applicable,,,Not applicable,,Not applicable,Not applicable,Not applicable,,,Not applicable
Thornhill Class Base (West),206,Islington,999,,0,Not applicable,14,Pupil referral unit,Not applicable,Not applicable,2,Closed,,0,Not applicable,09/01/1994,0,Not applicable,100390,,1103,,,,,,,,,,,,,,,,,,,,,,,,,,,,,,Headteacher,5300090364,,,C/O Thornhill School,Thornhill Road,,London,,N1 1HX,,,,,Not applicable,,,,0,Not applicable,Not applicable,5,18,0,Not applicable,0,Not applicable,3,Mixed,,1,No boarders,,24/9/2015 00:00:00,E09000019,Islington,E05000366,Barnsbury,E14000764,Islington South and Finsbury,A1,(England/Wales) Urban major conurbation,E09000019,531173,184131,E02000570,Islington 017,E01002699,Islington 017B,H,London,0,Does not apply,Does not apply,0,Not applicable,4,Local authority maintained schools,0,Not applicable,,,Not applicable,,,,0,Not applicable,,0,Not applicable,,Not applicable,,,Not applicable,,Not applicable,Not applicable,Not applicable,,,Not applicable
New River College Secondary,206,Islington,999,,0,Not applicable,14,Pupil referral unit,Not applicable,Not applicable,1,Open,,0,Not applicable,,0,Not applicable,100391,10016941,1104,,26,13,13,,17,65.4,,,,,,,,,,,,,,,,,,,,Mr,Nigel,Smith,Executive Headteacher,10090262925,,,Lough Road,,,London,,N7 8RH,,https://www.newrivercollege.co.uk/nrc-secondary/welcome-secondary,2075040534,,Not applicable,,,,0,Not applicable,Not applicable,11,16,0,Not applicable,0,Not applicable,3,Mixed,,1,No boarders,15/01/2026,29/6/2026 00:00:00,E09000019,Islington,E05013708,Laycock,E14001306,Islington South and Finsbury,UN1,Urban: Nearer to a major town or city,E09000019,531064,184788,E02000564,Islington 011,E01033488,Islington 011G,H,London,0,Does not apply,Does not apply,0,Not applicable,4,Local authority maintained schools,0,Not applicable,,,Not applicable,,,,0,Not applicable,,0,Not applicable,,Not applicable,,,Does not provide places for Teen Mothers,,Does not have child care facilities,PRU Does have Provision for SEN,PRU Does have EBD provision,60,PRU offers full time provision,PRU does offer tuition by another provider
Special Learning Centre (Secondary Base),206,Islington,999,,0,Not applicable,14,Pupil referral unit,Not applicable,Not applicable,2,Closed,,0,Not applicable,09/01/1999,0,Not applicable,100392,,1105,,,,,,,,,,,,,,,,,,,,,,,,,,,Ms,Penny,Johnson,Headteacher,10091817130,,,C/O Robert Blair School,Brewery Road,,London,,N7 9QJ,,,,,Not applicable,,,,0,Not applicable,Not applicable,11,16,0,Not applicable,0,Not applicable,3,Mixed,,1,No boarders,,14/11/2018 00:00:00,E09000019,Islington,E05000368,Caledonian,E14000764,Islington South and Finsbury,A1,(England/Wales) Urban major conurbation,E09000019,530342,184544,E02000568,Islington 015,E01002708,Islington 015A,H,London,0,Does not apply,Does not apply,0,Not applicable,4,Local authority maintained schools,0,Not applicable,,,Not applicable,,,,0,Not applicable,,0,Not applicable,,Not applicable,,,Provides places for Teen Mothers,,Does not have child care facilities,PRU Does have Provision for SEN,PRU Does not have EBD provision,80,Does not offer full time provision,PRU does offer tuition by another provider
William Tyndale Class Base (South),206,Islington,999,,0,Not applicable,14,Pupil referral unit,Not applicable,Not applicable,2,Closed,,0,Not applicable,09/01/1994,0,Not applicable,100393,,1106,,,,,,,,,,,,,,,,,,,,,,,,,,,,,,Headteacher,5300080908,,,C/O William Tyndale School,Sable Street,,London,,N1 2AQ,,,,,Not applicable,,,,0,Not applicable,Not applicable,5,18,0,Not applicable,0,Not applicable,3,Mixed,,1,No boarders,,24/9/2015 00:00:00,E09000019,Islington,E05000379,St Mary's,E14000764,Islington South and Finsbury,A1,(England/Wales) Urban major conurbation,E09000019,531770,184284,E02000569,Islington 016,E01002791,Islington 016E,H,London,0,Does not apply,Does not apply,0,Not applicable,4,Local authority maintained schools,0,Not applicable,,,Not applicable,,,,0,Not applicable,,0,Not applicable,,Not applicable,,,Not applicable,,Not applicable,Not applicable,Not applicable,,,Not applicable
Yerbury Class Base (North),206,Islington,999,,0,Not applicable,14,Pupil referral unit,Not applicable,Not applicable,2,Closed,,0,Not applicable,09/01/1994,0,Not applicable,100394,,1107,,,,,,,,,,,,,,,,,,,,,,,,,,,,,,Headteacher,5300034340,,,C/O Yerbury School,Foxham Road,,London,,N19 4RR,,,,,Not applicable,,,,0,Not applicable,Not applicable,5,18,0,Not applicable,0,Not applicable,3,Mixed,,1,No boarders,,24/9/2015 00:00:00,E09000019,Islington,E05000376,Junction,E14000763,Islington North,A1,(England/Wales) Urban major conurbation,E09000019,529695,186359,E02000561,Islington 008,E01002769,Islington 008A,H,London,0,Does not apply,Does not apply,0,Not applicable,4,Local authority maintained schools,0,Not applicable,,,Not applicable,,,,0,Not applicable,,0,Not applicable,,Not applicable,,,Not applicable,,Not applicable,Not applicable,Not applicable,,,Not applicable
Lough Road Class Base (Central),206,Islington,999,,0,Not applicable,14,Pupil referral unit,Not applicable,Not applicable,2,Closed,,0,Not applicable,09/01/1994,0,Not applicable,100395,,1108,,,,,,,,,,,,,,,,,,,,,,,,,,,,,,Headteacher,10090262925,,,Lough Road,,,London,,N7 8RH,,,,,Not applicable,,,,0,Not applicable,Not applicable,5,18,0,Not applicable,0,Not applicable,3,Mixed,,1,No boarders,,24/9/2015 00:00:00,E09000019,Islington,E05000375,Holloway,E14000764,Islington South and Finsbury,A1,(England/Wales) Urban major conurbation,E09000019,530915,184906,E02000564,Islington 011,E01033488,Islington 011G,H,London,0,Does not apply,Does not apply,0,Not applicable,4,Local authority maintained schools,0,Not applicable,,,Not applicable,,,,0,Not applicable,,0,Not applicable,,Not applicable,,,Not applicable,,Not applicable,Not applicable,Not applicable,,,Not applicable
Ring Cross Primary School,206,Islington,999,,2,Primary,1,Community school,Not applicable,Not applicable,2,Closed,,0,Not applicable,31/08/1999,0,Not applicable,100396,,2007,,,,,,,,,,,,,,,,,,,,,,,,,,,Mr,Robin,Davis,Headteacher,,,,Eden Grove,Islington,,London,,N7 8EE,,,,,Not applicable,,,,0,Not applicable,Has Nursery Classes,3,11,2,No Special Classes,0,Not applicable,3,Mixed,,1,No boarders,,14/11/2018 00:00:00,E09000019,Islington,E05000375,Holloway,E14000764,Islington South and Finsbury,A1,(England/Wales) Urban major conurbation,E09000019,530897,185227,E02000564,Islington 011,E01033488,Islington 011G,H,London,0,Does not apply,Does not apply,0,Not applicable,4,Local authority maintained schools,0,Not applicable,,,Not under a federation,,,,0,Not applicable,,0,Not applicable,,Not applicable,,,Not applicable,,Not applicable,Not applicable,Not applicable,,,Not applicable
Ambler Primary School and Children's Centre,206,Islington,999,,2,Primary,1,Community school,Not applicable,Not applicable,1,Open,,0,Not applicable,,0,Not applicable,100397,10078006,2015,,515,274,241,508,146,30.5,,,,,,,,,,,,,,,,,,,,Mrs,Sandeep,McNicholl,Headteacher,5300010220,,,Blackstock Road,Finsbury Park,,London,,N4 2DR,,www.ambler.islington.sch.uk,2072264708,,Not applicable,,,,2,Does not have a sixth form,Has Nursery Classes,0,11,2,No Special Classes,0,Not applicable,3,Mixed,,1,No boarders,15/01/2026,29/6/2026 00:00:00,E09000019,Islington,E05013703,Finsbury Park,E14001305,Islington North,UN1,Urban: Nearer to a major town or city,E09000019,531678,186560,E02000559,Islington 006,E01002747,Islington 006B,H,London,0,Does not apply,Does not apply,0,Not applicable,4,Local authority maintained schools,0,Not applicable,,,Not under a federation,,,,0,Not applicable,,0,Not applicable,,Not applicable,,,Not applicable,,Not applicable,Not applicable,Not applicable,,,Not applicable
Canonbury Junior School,206,Islington,999,,2,Primary,1,Community school,Not applicable,Not applicable,2,Closed,,0,Not applicable,09/01/1998,0,Not applicable,100398,,2092,,,,,,,,,,,,,,,,,,,,,,,,,,,Mr,S L,Lancashire,Headteacher,5300016082,,,Canonbury Road,,,London,,N1 2UT,,,,,Not applicable,,,,0,Not applicable,No Nursery Classes,7,11,2,No Special Classes,0,Not applicable,3,Mixed,,1,No boarders,,24/9/2015 00:00:00,E09000019,Islington,E05000379,St Mary's,E14000764,Islington South and Finsbury,A1,(England/Wales) Urban major conurbation,E09000019,531811,184603,E02000569,Islington 016,E01002791,Islington 016E,H,London,0,Does not apply,Does not apply,0,Not applicable,4,Local authority maintained schools,0,Not applicable,,,Not under a federation,,,,0,Not applicable,,0,Not applicable,,Not applicable,,,Not applicable,,Not applicable,Not applicable,Not applicable,,,Not applicable
Canonbury Infants' School,206,Islington,999,,2,Primary,1,Community school,Not applicable,Not applicable,2,Closed,,0,Not applicable,09/01/1998,0,Not applicable,100399,,2093,,,,,,,,,,,,,,,,,,,,,,,,,,,Ms,H,Fenwick,Headteacher,5300016082,,,Canonbury Road,,,London,,N1 2UT,,,,,Not applicable,,,,0,Not applicable,Has Nursery Classes,5,7,2,No Special Classes,0,Not applicable,3,Mixed,,1,No boarders,,24/9/2015 00:00:00,E09000019,Islington,E05000379,St Mary's,E14000764,Islington South and Finsbury,A1,(England/Wales) Urban major conurbation,E09000019,531811,184603,E02000569,Islington 016,E01002791,Islington 016E,H,London,0,Does not apply,Does not apply,0,Not applicable,4,Local authority maintained schools,0,Not applicable,,,Not under a federation,,,,0,Not applicable,,0,Not applicable,,Not applicable,,,Not applicable,,Not applicable,Not applicable,Not applicable,,,Not applicable
Charles Lamb Primary School,206,Islington,999,,2,Primary,1,Community school,Not applicable,Not applicable,2,Closed,,0,Not applicable,19/07/2004,1,Result of Amalgamation/Merger,100400,,2101,,,,,306,,,,,,,,,,,,,,,,,,,,,,Mrs,C,Toal,Headteacher,,,,Popham Road,,,London,,N1 8RF,,,,,Not applicable,,,,0,Not applicable,Has Nursery Classes,3,11,2,No Special Classes,0,Not applicable,3,Mixed,,1,No boarders,,14/11/2018 00:00:00,E09000019,Islington,E05000380,St Peter's,E14000764,Islington South and Finsbury,A1,(England/Wales) Urban major conurbation,E09000019,532186,183947,E02000571,Islington 018,E01002797,Islington 018B,H,London,0,Does not apply,Does not apply,0,Not applicable,4,Local authority maintained schools,0,Not applicable,,,Not under a federation,,,,0,Not applicable,,0,Not applicable,,Not applicable,,,Not applicable,,Not applicable,Not applicable,Not applicable,,,Not applicable
Copenhagen Primary School,206,Islington,999,,2,Primary,1,Community school,Not applicable,Not applicable,2,Closed,01/01/1900,0,Not applicable,31/08/2023,1,Result of Amalgamation/Merger,100401,10078005,2128,,143,78,65,252,61,44.9,,,,,,,,,,,,,,,,,,,,Mr,Matthew,Akinnayajo,Acting Headteacher,5300092138,,,Treaty St,,,London,,N1 0WF,,,,,Not applicable,,,,2,Does not have a sixth form,Has Nursery Classes,3,11,2,No Special Classes,0,Not applicable,3,Mixed,,1,No boarders,19/01/2023,14/10/2024 00:00:00,E09000019,Islington,E05013700,Caledonian,E14000764,Islington South and Finsbury,A1,(England/Wales) Urban major conurbation,E09000019,530572,183535,E02000572,Islington 019,E01002710,Islington 019D,H,London,0,Does not apply,Does not apply,0,Not applicable,4,Local authority maintained schools,0,Not applicable,,,Not under a federation,,,,0,Not applicable,,0,Not applicable,,Not applicable,,,Not applicable,,Not applicable,Not applicable,Not applicable,,,Not applicable
Drayton Park Primary School,206,Islington,999,,2,Primary,1,Community school,Not applicable,Not applicable,1,Open,,0,Not applicable,,0,Not applicable,100402,10078004,2166,,277,159,118,311,104,39.8,,,,,,,,,,,,,,,,,,,,Miss,Annabelle,Kapoor,Headteacher,5300043145,,,Arvon Road,,Highbury,London,,N5 1PJ,,www.draytonpark.islington.sch.uk/,2076074142,,Not applicable,,,,2,Does not have a sixth form,Has Nursery Classes,3,11,2,No Special Classes,0,Not applicable,3,Mixed,,1,No boarders,15/01/2026,29/6/2026 00:00:00,E09000019,Islington,E05013704,Highbury,E14001305,Islington North,UN1,Urban: Nearer to a major town or city,E09000019,531433,185329,E02000566,Islington 013,E01002739,Islington 013A,H,London,0,Does not apply,Does not apply,0,Not applicable,4,Local authority maintained schools,0,Not applicable,,,Not under a federation,,,,0,Not applicable,,0,Not applicable,,Not applicable,,,Not applicable,,Not applicable,Not applicable,Not applicable,,,Not applicable
Duncombe Primary School,206,Islington,999,,2,Primary,1,Community school,Not applicable,Not applicable,1,Open,,0,Not applicable,,0,Not applicable,100403,10070048,2170,,378,182,196,480,241,71.3,,,,,,,,,,,,,,,,,,,,Ms,Martha,Braithwaite,Headteacher,5300089309,,,Sussex Way,Islington,,London,,N19 4JA,,www.duncombeprimary.co.uk/,2072725620,,Not applicable,,,,2,Does not have a sixth form,Has Nursery Classes,2,11,2,No Special Classes,0,Not applicable,3,Mixed,,1,No boarders,15/01/2026,09/09/2026 00:00,E09000019,Islington,E05013705,Hillrise,E14001305,Islington North,UN1,Urban: Nearer to a major town or city,E09000019,530146,187006,E02000554,Islington 001,E01002804,Islington 001D,H,London,0,Does not apply,Does not apply,0,Not applicable,4,Local authority maintained schools,0,Not applicable,,,Not under a federation,,,,0,Not applicable,,0,Not applicable,,Not applicable,,,Not applicable,,Not applicable,Not applicable,Not applicable,,,Not applicable
Ecclesbourne Primary School,206,Islington,999,,2,Primary,1,Community school,Not applicable,Not applicable,2,Closed,,0,Not applicable,19/07/2004,1,Result of Amalgamation/Merger,100404,,2182,,,,,330,,,,,,,,,,,,,,,,,,,,,,Mrs,W,Speck,Headteacher,,,,Ecclesbourne Road,Islington,,London,,N1 3AG,,,,,Not applicable,,,,0,Not applicable,Has Nursery Classes,3,11,2,No Special Classes,0,Not applicable,3,Mixed,,1,No boarders,,14/11/2018 00:00:00,E09000019,Islington,E05000369,Canonbury,E14000764,Islington South and Finsbury,A1,(England/Wales) Urban major conurbation,E09000019,532490,184260,E02000571,Islington 018,E01002722,Islington 018A,H,London,0,Does not apply,Does not apply,0,Not applicable,4,Local authority maintained schools,0,Not applicable,,,Not under a federation,,,,0,Not applicable,,0,Not applicable,,Not applicable,,,Not applicable,,Not applicable,Not applicable,Not applicable,,,Not applicable
Gillespie Primary School,206,Islington,999,,2,Primary,1,Community school,Not applicable,Not applicable,1,Open,,0,Not applicable,,0,Not applicable,100405,10078003,2251,,227,113,114,236,32,14.7,,,,,,,,,,,,,,,,,,,,Mr,Mark,Owen,Headteacher,5300035489,,,Gillespie Road,,,London,,N5 1LH,,www.gillespie.islington.sch.uk,2072266840,,Not applicable,,,,2,Does not have a sixth form,Has Nursery Classes,3,11,2,No Special Classes,0,Not applicable,3,Mixed,,1,No boarders,15/01/2026,09/04/2026 00:00,E09000019,Islington,E05013697,Arsenal,E14001305,Islington North,UN1,Urban: Nearer to a major town or city,E09000019,531802,186280,E02000559,Islington 006,E01002749,Islington 006D,H,London,0,Does not apply,Does not apply,0,Not applicable,4,Local authority maintained schools,0,Not applicable,,,Not under a federation,,,,0,Not applicable,,0,Not applicable,,Not applicable,,,Not applicable,,Not applicable,Not applicable,Not applicable,,,Not applicable
Grafton Primary School,206,Islington,999,,2,Primary,1,Community school,Not applicable,Not applicable,1,Open,,0,Not applicable,,0,Not applicable,100406,10070047,2261,,435,232,203,522,185,45.1,,,,,,,,,,,,,,,,,,,,Mr,Andrew,Turnock,Headteacher,5300029360,,,Eburne Road,Holloway,,London,,N7 6AR,,www.graftonschool.co.uk,2072723284,,Not applicable,,,,2,Does not have a sixth form,Has Nursery Classes,2,11,2,No Special Classes,0,Not applicable,3,Mixed,,1,No boarders,15/01/2026,29/6/2026 00:00:00,E09000019,Islington,E05013712,Tollington,E14001305,Islington North,UN1,Urban: Nearer to a major town or city,E09000019,530483,186145,E02000560,Islington 007,E01035652,Islington 007F,H,London,0,Does not apply,Does not apply,0,Not applicable,4,Local authority maintained schools,0,Not applicable,,,Not under a federation,,,,0,Not applicable,,0,Not applicable,,Not applicable,,,Not applicable,,Not applicable,Not applicable,Not applicable,,,Not applicable
Hanover Primary School,206,Islington,999,,2,Primary,1,Community school,Not applicable,Not applicable,1,Open,,0,Not applicable,,0,Not applicable,100407,10078002,2279,,244,132,112,341,90,38.1,,,,,,,,,,,,,,,Not applicable,,,,,Mr,Patrick,Mildren,Headteacher,5300067217,,,Noel Road,Islington,,London,,N1 8BD,,www.hanover.islington.sch.uk,2076898949,,Not applicable,,,,2,Does not have a sixth form,Has Nursery Classes,3,11,2,No Special Classes,0,Not applicable,3,Mixed,,1,No boarders,15/01/2026,09/08/2026 00:00,E09000019,Islington,E05013711,St Peter's & Canalside,E14001306,Islington South and Finsbury,UN1,Urban: Nearer to a major town or city,E09000019,531982,183273,E02000573,Islington 020,E01002802,Islington 020D,H,London,0,Does not apply,Does not apply,0,Not applicable,4,Local authority maintained schools,0,Not applicable,,,Not under a federation,,,,0,Not applicable,,0,Not applicable,,Not applicable,,,Not applicable,,Not applicable,Not applicable,Not applicable,,,Not applicable
Hargrave Park School,206,Islington,999,,2,Primary,1,Community school,Not applicable,Not applicable,1,Open,,0,Not applicable,,0,Not applicable,100408,10078001,2282,,333,160,173,351,163,55.6,,,,,,,,,,,,,,,,,,,,Mrs,Lisa,Horton,Headteacher,10012791545,,,51 Bredgar Road,,Archway,London,,N19 5BS,,www.hargravepark.com,2072723989,,Not applicable,,,,2,Does not have a sixth form,Has Nursery Classes,0,11,2,No Special Classes,0,Not applicable,3,Mixed,,1,No boarders,15/01/2026,09/01/2026 00:00,E09000019,Islington,E05013707,Junction,E14001305,Islington North,UN1,Urban: Nearer to a major town or city,E09000019,529016,186684,E02000557,Islington 004,E01002773,Islington 004D,H,London,0,Does not apply,Does not apply,0,Not applicable,4,Local authority maintained schools,0,Not applicable,,,Not under a federation,,,,0,Not applicable,,0,Not applicable,,Not applicable,,,Not applicable,,Not applicable,Not applicable,Not applicable,,,Not applicable
Hugh Myddelton Junior School,206,Islington,999,,2,Primary,1,Community school,Not applicable,Not applicable,2,Closed,,0,Not applicable,31/08/1998,0,Not applicable,100409,,2316,,,,,,,,,,,,,,,,,,,,,,,,,,,Mrs,Pamela,Gormally,Headteacher,5300065686,,,Myddelton Street,,,London,,EC1R 1YR,,,,,Not applicable,,,,0,Not applicable,No Nursery Classes,7,11,2,No Special Classes,0,Not applicable,3,Mixed,,1,No boarders,,14/11/2018 00:00:00,E09000019,Islington,E05000370,Clerkenwell,E14000764,Islington South and Finsbury,A1,(England/Wales) Urban major conurbation,E09000019,531400,182600,E02000575,Islington 022,E01002725,Islington 022E,H,London,0,Does not apply,Does not apply,0,Not applicable,4,Local authority maintained schools,0,Not applicable,,,Not under a federation,,,,0,Not applicable,,0,Not applicable,,Not applicable,,,Not applicable,,Not applicable,Not applicable,Not applicable,,,Not applicable
Hugh Myddelton Infant School,206,Islington,999,,2,Primary,1,Community school,Not applicable,Not applicable,2,Closed,,0,Not applicable,31/08/1998,0,Not applicable,100410,,2317,,,,,,,,,,,,,,,,,,,,,,,,,,,Ms,P A,Benny,Headteacher,5300065686,,,Myddelton Street,,,London,,,,,,,Not applicable,,,,0,Not applicable,Has Nursery Classes,5,7,2,No Special Classes,0,Not applicable,3,Mixed,,1,No boarders,,14/11/2018 00:00:00,9999,,999999,,999,,99,,E09000019,0,0,999999999,,999999999,,H,London,0,Does not apply,Does not apply,0,Not applicable,4,Local authority maintained schools,0,Not applicable,,,Not under a federation,,,,0,Not applicable,,0,Not applicable,,Not applicable,,,Not applicable,,Not applicable,Not applicable,Not applicable,,,Not applicable
Laycock Primary School,206,Islington,999,,2,Primary,1,Community school,Not applicable,Not applicable,1,Open,,0,Not applicable,,0,Not applicable,100411,10061303,2379,,217,118,99,444,124,61.1,,,,Yes,,,,,,,,,,,Resourced provision,34,64,,,Ms,Jenny Lewis (Executive Headteacher),Fred Hall (Head of School),Headteacher,5300055557,,,Laycock Street,Upper Street,,London,,N1 1SW,,www.laycock.islington.sch.uk/,2072262927,,Not applicable,,,,2,Does not have a sixth form,Has Nursery Classes,3,11,9,,0,Not applicable,3,Mixed,,1,No boarders,15/01/2026,29/6/2026 00:00:00,E09000019,Islington,E05013708,Laycock,E14001306,Islington South and Finsbury,UN1,Urban: Nearer to a major town or city,E09000019,531535,184551,E02000566,Islington 013,E01002795,Islington 013D,H,London,0,Does not apply,Does not apply,0,Not applicable,4,Local authority maintained schools,0,Not applicable,,,Supported by a federation,17888,The Thornhill  and Laycock  Federation,,0,Not applicable,,0,Not applicable,,Not applicable,,,Not applicable,,Not applicable,Not applicable,Not applicable,,,Not applicable
Montem Junior School,206,Islington,999,,2,Primary,1,Community school,Not applicable,Not applicable,2,Closed,,0,Not applicable,04/07/1997,0,Not applicable,100412,,2425,,,,,,,,,,,,,,,,,,,,,,,,,,,,,,Headteacher,5300050548,,,Hornsey Road,Seven Sisters Road,Islington,London,,N7 7QT,,,,,Not applicable,,,,0,Not applicable,No Nursery Classes,7,11,2,No Special Classes,0,Not applicable,3,Mixed,,1,No boarders,,24/9/2015 00:00:00,E09000019,Islington,E05000371,Finsbury Park,E14000763,Islington North,A1,(England/Wales) Urban major conurbation,E09000019,530782,186383,E02000560,Islington 007,E01002731,Islington 007B,H,London,0,Does not apply,Does not apply,0,Not applicable,4,Local authority maintained schools,0,Not applicable,,,Not under a federation,,,,0,Not applicable,,0,Not applicable,,Not applicable,,,Not applicable,,Not applicable,Not applicable,Not applicable,,,Not applicable
Montem Infant School,206,Islington,999,,2,Primary,1,Community school,Not applicable,Not applicable,2,Closed,,0,Not applicable,04/07/1997,0,Not applicable,100413,,2426,,,,,,,,,,,,,,,,,,,,,,,,,,,,,,Headteacher,5300050548,,,Hornsey Road,Seven Sisters Road,,London,,N7 7QT,,,,,Not applicable,,,,0,Not applicable,Has Nursery Classes,5,7,2,No Special Classes,0,Not applicable,3,Mixed,,1,No boarders,,14/11/2018 00:00:00,E09000019,Islington,E05000371,Finsbury Park,E14000763,Islington North,A1,(England/Wales) Urban major conurbation,E09000019,530782,186383,E02000560,Islington 007,E01002731,Islington 007B,H,London,0,Does not apply,Does not apply,0,Not applicable,4,Local authority maintained schools,0,Not applicable,,,Not under a federation,,,,0,Not applicable,,0,Not applicable,,Not applicable,,,Not applicable,,Not applicable,Not applicable,Not applicable,,,Not applicable
Moorfields Primary School,206,Islington,999,,2,Primary,1,Community school,Not applicable,Not applicable,2,Closed,,0,Not applicable,19/07/2004,1,Result of Amalgamation/Merger,100414,,2427,,,,,210,,,,,,,,,,,,,,,,,,,,,,Mrs,P K,Jarmyn,Headteacher,5300103067,,,40 Bunhill Row,,,London,,EC1Y 8RX,,,,,Not applicable,,,,0,Not applicable,Has Nursery Classes,3,11,2,No Special Classes,0,Not applicable,3,Mixed,,1,No boarders,,14/11/2018 00:00:00,E09000019,Islington,E05000367,Bunhill,E14000764,Islington South and Finsbury,A1,(England/Wales) Urban major conurbation,E09000019,532624,182325,E02000576,Islington 023,E01002704,Islington 023D,H,London,0,Does not apply,Does not apply,0,Not applicable,4,Local authority maintained schools,0,Not applicable,,,Not under a federation,,,,0,Not applicable,,0,Not applicable,,Not applicable,,,Not applicable,,Not applicable,Not applicable,Not applicable,,,Not applicable
Moreland Primary School,206,Islington,999,,2,Primary,1,Community school,Not applicable,Not applicable,1,Open,,0,Not applicable,,0,Not applicable,100415,10070046,2429,,469,252,217,442,225,57.1,,,,,,,,,,,,,,,,,,,,Mrs,Catherine,Lawrence,Executive Headteacher,5300064690,,,Moreland Street,,,London,,EC1V 8BB,,http://www.moreland-islington.co.uk,2072538144,,Not applicable,,,,2,Does not have a sixth form,Has Nursery Classes,0,11,2,No Special Classes,0,Not applicable,3,Mixed,,1,No boarders,15/01/2026,09/02/2026 00:00,E09000019,Islington,E05013711,St Peter's & Canalside,E14001306,Islington South and Finsbury,UN1,Urban: Nearer to a major town or city,E09000019,531942,182766,E02000575,Islington 022,E01002707,Islington 022B,H,London,0,Does not apply,Does not apply,0,Not applicable,4,Local authority maintained schools,0,Not applicable,,,Supported by a federation,1456,The Federated Governing Body of St Luke's CE and Moreland Community Primary Schools,,0,Not applicable,,0,Not applicable,,Not applicable,,,Not applicable,,Not applicable,Not applicable,Not applicable,,,Not applicable
Newington Green Junior School,206,Islington,999,,2,Primary,1,Community school,Not applicable,Not applicable,2,Closed,,0,Not applicable,09/01/1997,0,Not applicable,100416,,2439,,,,,,,,,,,,,,,,,,,,,,,,,,,,,,Headteacher,5300061179,,,Matthias Road,Newington Green,,London,,N16 8NP,,,,,Not applicable,,,,0,Not applicable,No Nursery Classes,7,11,2,No Special Classes,0,Not applicable,3,Mixed,,1,No boarders,,24/9/2015 00:00:00,E09000019,Islington,E05000377,Mildmay,E14000763,Islington North,A1,(England/Wales) Urban major conurbation,E09000019,532981,185349,E02000565,Islington 012,E01002782,Islington 012E,H,London,0,Does not apply,Does not apply,0,Not applicable,4,Local authority maintained schools,0,Not applicable,,,Not under a federation,,,,0,Not applicable,,0,Not applicable,,Not applicable,,,Not applicable,,Not applicable,Not applicable,Not applicable,,,Not applicable
Newington Green Infant School,206,Islington,999,,2,Primary,1,Community school,Not applicable,Not applicable,2,Closed,,0,Not applicable,09/01/1997,0,Not applicable,100417,,2440,,,,,,,,,,,,,,,,,,,,,,,,,,,,,,Headteacher,5300061179,,,Matthias Road,,,London,,N16 8NP,,,,,Not applicable,,,,0,Not applicable,Has Nursery Classes,5,7,2,No Special Classes,0,Not applicable,3,Mixed,,1,No boarders,,24/9/2015 00:00:00,E09000019,Islington,E05000377,Mildmay,E14000763,Islington North,A1,(England/Wales) Urban major conurbation,E09000019,532981,185349,E02000565,Islington 012,E01002782,Islington 012E,H,London,0,Does not apply,Does not apply,0,Not applicable,4,Local authority maintained schools,0,Not applicable,,,Not under a federation,,,,0,Not applicable,,0,Not applicable,,Not applicable,,,Not applicable,,Not applicable,Not applicable,Not applicable,,,Not applicable
Pakeman Primary School,206,Islington,999,,2,Primary,1,Community school,Not applicable,Not applicable,1,Open,,0,Not applicable,,0,Not applicable,100418,10043227,2455,,338,175,163,349,182,61.7,,,,,,,,,,,,,,,,,,,,Miss,Emma,Bonnin,Headteacher,5300070895,,,Hornsey Road,Holloway,,London,,N7 6DU,,www.pakemanprimary.co.uk,2076072575,,Not applicable,,,,2,Does not have a sixth form,Has Nursery Classes,2,11,2,No Special Classes,0,Not applicable,3,Mixed,,1,No boarders,15/01/2026,09/11/2026 00:00,E09000019,Islington,E05013703,Finsbury Park,E14001305,Islington North,UN1,Urban: Nearer to a major town or city,E09000019,530838,186121,E02000560,Islington 007,E01002730,Islington 007A,H,London,0,Does not apply,Does not apply,0,Not applicable,4,Local authority maintained schools,0,Not applicable,,,Not under a federation,,,,0,Not applicable,,0,Not applicable,,Not applicable,,,Not applicable,,Not applicable,Not applicable,Not applicable,,,Not applicable
Angel Primary School,206,Islington,999,,2,Primary,1,Community school,Not applicable,Not applicable,2,Closed,,0,Not applicable,31/08/2002,2,Closure,100419,,2465,,,,,,,,,,,,,,,,,,,,,,,,,,,Ms,V,Fraher,Headteacher,5300078369,,,Ritchie Street,,,London,,N1 0EH,,,,,Not applicable,,,,0,Not applicable,Has Nursery Classes,3,11,2,No Special Classes,0,Not applicable,3,Mixed,,1,No boarders,,14/11/2018 00:00:00,E09000019,Islington,E05000366,Barnsbury,E14000764,Islington South and Finsbury,A1,(England/Wales) Urban major conurbation,E09000019,531312,183446,E02000573,Islington 020,E01002696,Islington 020A,H,London,0,Does not apply,Does not apply,0,Not applicable,4,Local authority maintained schools,0,Not applicable,,,Not under a federation,,,,0,Not applicable,,0,Not applicable,,Not applicable,,,Not applicable,,Not applicable,Not applicable,Not applicable,,,Not applicable
Poole's Park Junior School,206,Islington,999,,2,Primary,1,Community school,Not applicable,Not applicable,2,Closed,,0,Not applicable,01/01/1999,0,Not applicable,100420,,2472,,,,,,,,,,,,,,,,,,,,,,,,,,,Ms,A,Gatford,Headteacher,5300056033,,,Lennox Road,Finsbury Park,,London,,N4 3NW,,,,,Not applicable,,,,0,Not applicable,No Nursery Classes,7,11,2,No Special Classes,0,Not applicable,3,Mixed,,1,No boarders,,14/11/2018 00:00:00,E09000019,Islington,E05000371,Finsbury Park,E14000763,Islington North,A1,(England/Wales) Urban major conurbation,E09000019,530937,186804,E02000558,Islington 005,E01002736,Islington 005C,H,London,0,Does not apply,Does not apply,0,Not applicable,4,Local authority maintained schools,0,Not applicable,,,Not under a federation,,,,0,Not applicable,,0,Not applicable,,Not applicable,,,Not applicable,,Not applicable,Not applicable,Not applicable,,,Not applicable
Poole's Park Infant School,206,Islington,999,,2,Primary,1,Community school,Not applicable,Not applicable,2,Closed,,0,Not applicable,01/01/1999,0,Not applicable,100421,,2474,,,,,,,,,,,,,,,,,,,,,,,,,,,Mrs,J,Nair,Headteacher,5300056033,,,Lennox Road,Finsbury Park,,London,,N4 3NW,,,,,Not applicable,,,,0,Not applicable,Has Nursery Classes,5,7,2,No Special Classes,0,Not applicable,3,Mixed,,1,No boarders,,14/11/2018 00:00:00,E09000019,Islington,E05000371,Finsbury Park,E14000763,Islington North,A1,(England/Wales) Urban major conurbation,E09000019,530937,186804,E02000558,Islington 005,E01002736,Islington 005C,H,London,0,Does not apply,Does not apply,0,Not applicable,4,Local authority maintained schools,0,Not applicable,,,Not under a federation,,,,0,Not applicable,,0,Not applicable,,Not applicable,,,Not applicable,,Not applicable,Not applicable,Not applicable,,,Not applicable
Robert Blair School and Children's Centre,206,Islington,999,,2,Primary,1,Community school,Not applicable,Not applicable,1,Open,,0,Not applicable,,0,Not applicable,100422,10069170,2515,,214,109,105,251,80,44.4,,,,,,,,,,,,,,,Not applicable,,,,,Mrs,Lisa,Horton,Headteacher,5300060259,,,Brewery Road,Islington,,London,,N7 9QJ,,http://www.robertblairschool.com,2076074115,,Not applicable,,,,2,Does not have a sixth form,Has Nursery Classes,0,11,2,No Special Classes,0,Not applicable,3,Mixed,,1,No boarders,15/01/2026,14/9/2026 00:00:00,E09000019,Islington,E05013700,Caledonian,E14001306,Islington South and Finsbury,UN1,Urban: Nearer to a major town or city,E09000019,530342,184544,E02000568,Islington 015,E01002708,Islington 015A,H,London,0,Does not apply,Does not apply,0,Not applicable,4,Local authority maintained schools,0,Not applicable,,,Not under a federation,,,,0,Not applicable,,0,Not applicable,,Not applicable,,,Not applicable,,Not applicable,Not applicable,Not applicable,,,Not applicable
Rotherfield Junior School,206,Islington,999,,2,Primary,1,Community school,Not applicable,Not applicable,2,Closed,,0,Not applicable,04/01/1999,0,Not applicable,100423,,2524,,,,,,,,,,,,,,,,,,,,,,,,,,,,D,Roberts,Headteacher,5300080316,,,Rotherfield Street,,,London,,N1 3EE,,,,,Not applicable,,,,0,Not applicable,No Nursery Classes,7,11,2,No Special Classes,0,Not applicable,3,Mixed,,1,No boarders,,14/11/2018 00:00:00,E09000019,Islington,E05000380,St Peter's,E14000764,Islington South and Finsbury,A1,(England/Wales) Urban major conurbation,E09000019,532543,183917,E02000571,Islington 018,E01002797,Islington 018B,H,London,0,Does not apply,Does not apply,0,Not applicable,4,Local authority maintained schools,0,Not applicable,,,Not under a federation,,,,0,Not applicable,,0,Not applicable,,Not applicable,,,Not applicable,,Not applicable,Not applicable,Not applicable,,,Not applicable
Rotherfield Infant School,206,Islington,999,,2,Primary,1,Community school,Not applicable,Not applicable,2,Closed,,0,Not applicable,04/01/1999,0,Not applicable,100424,,2525,,,,,,,,,,,,,,,,,,,,,,,,,,,Mr,D F,Wright,Headteacher,5300080316,,,Rotherfield Street,Islington,,London,,N1 3EE,,,,,Not applicable,,,,0,Not applicable,Has Nursery Classes,5,7,2,No Special Classes,0,Not applicable,3,Mixed,,1,No boarders,,14/11/2018 00:00:00,E09000019,Islington,E05000380,St Peter's,E14000764,Islington South and Finsbury,A1,(England/Wales) Urban major conurbation,E09000019,532543,183917,E02000571,Islington 018,E01002797,Islington 018B,H,London,0,Does not apply,Does not apply,0,Not applicable,4,Local authority maintained schools,0,Not applicable,,,Not under a federation,,,,0,Not applicable,,0,Not applicable,,Not applicable,,,Not applicable,,Not applicable,Not applicable,Not applicable,,,Not applicable
Thornhill Primary School,206,Islington,999,,2,Primary,1,Community school,Not applicable,Not applicable,1,Open,,0,Not applicable,,0,Not applicable,100425,10078000,2596,,446,214,232,468,166,38.9,,,,,,,,,,,,,,,,,,,,Miss,Jenny Lewis (Executive Headteacher),Paul Robinson (Head of School),Headteacher,5300090364,,,Thornhill Road,Islington,,London,,N1 1HX,,www.thornhill.islington.sch.uk,2076074162,,Not applicable,,,,2,Does not have a sixth form,Has Nursery Classes,3,11,2,No Special Classes,0,Not applicable,3,Mixed,,1,No boarders,15/01/2026,29/6/2026 00:00:00,E09000019,Islington,E05013698,Barnsbury,E14001306,Islington South and Finsbury,UN1,Urban: Nearer to a major town or city,E09000019,531173,184131,E02000570,Islington 017,E01002699,Islington 017B,H,London,0,Does not apply,Does not apply,0,Not applicable,4,Local authority maintained schools,0,Not applicable,,,Supported by a federation,17888,The Thornhill  and Laycock  Federation,,0,Not applicable,,0,Not applicable,,Not applicable,,,Not applicable,,Not applicable,Not applicable,Not applicable,,,Not applicable
Vittoria Primary School,206,Islington,999,,2,Primary,1,Community school,Not applicable,Not applicable,1,Open,,0,Not applicable,,0,Not applicable,100426,10074676,2624,,220,123,97,250,130,63.1,,,,,,,,,,,,,,,,,,,,Mr,Matthew,Akinnayajo,Headteacher,10096363096,,,Treaty Street,,,London,,N1 0WF,United Kingdom,www.vittoria.islington.sch.uk,2078375597,,Not applicable,,,,2,Does not have a sixth form,Has Nursery Classes,3,11,2,No Special Classes,0,Not applicable,3,Mixed,,1,No boarders,15/01/2026,09/09/2026 00:00,E09000019,Islington,E05013700,Caledonian,E14001306,Islington South and Finsbury,UN1,Urban: Nearer to a major town or city,E09000019,530952,183516,E02000572,Islington 019,E01002710,Islington 019D,H,London,0,Does not apply,Does not apply,0,Not applicable,4,Local authority maintained schools,0,Not applicable,,,Not under a federation,,,,0,Not applicable,,0,Not applicable,,Not applicable,,,Not applicable,,Not applicable,Not applicable,Not applicable,,,Not applicable
William Tyndale Primary School,206,Islington,999,,2,Primary,1,Community school,Not applicable,Not applicable,2,Closed,,0,Not applicable,30/09/2011,10,Academy Converter,100427,,2643,,,,,368,,,,,,,,,,,,,,,,,,,,,,Mrs,Tanya,Watson,Headteacher,5300080908,,,Upper Street,,,London,,N1 2GG,,,,,Not applicable,,,,0,Not applicable,Has Nursery Classes,3,11,2,No Special Classes,0,Not applicable,3,Mixed,,1,No boarders,,14/11/2018 00:00:00,E09000019,Islington,E05000379,St Mary's,E14000764,Islington South and Finsbury,A1,(England/Wales) Urban major conurbation,E09000019,531770,184284,E02000569,Islington 016,E01002791,Islington 016E,H,London,0,Does not apply,Does not apply,0,Not applicable,4,Local authority maintained schools,0,Not applicable,,,Not under a federation,,,,0,Not applicable,,0,Not applicable,,Not applicable,,,Not applicable,,Not applicable,Not applicable,Not applicable,,,Not applicable
Winton Primary School,206,Islington,999,,2,Primary,1,Community school,Not applicable,Not applicable,1,Open,,0,Not applicable,,0,Not applicable,100428,10069169,2646,,239,115,124,244,130,60.2,,,,,,,,,,,,,,,Not applicable,,,,,Mr,Gregory,Gray,Headteacher,5300054169,,,Killick Street,Kings Cross,,London,,N1 9AZ,,https://www.lqps.co.uk/245/our-school,2078376096,,Not applicable,,,,2,Does not have a sixth form,Has Nursery Classes,2,11,2,No Special Classes,0,Not applicable,3,Mixed,,1,No boarders,15/01/2026,21/9/2026 00:00:00,E09000019,Islington,E05013700,Caledonian,E14001306,Islington South and Finsbury,UN1,Urban: Nearer to a major town or city,E09000019,530634,183172,E02000574,Islington 021,E01002711,Islington 021B,H,London,0,Does not apply,Does not apply,0,Not applicable,4,Local authority maintained schools,0,Not applicable,,,Supported by a federation,17329,Learning Quarter Partnership,,0,Not applicable,,0,Not applicable,,Not applicable,,,Not applicable,,Not applicable,Not applicable,Not applicable,,,Not applicable
Yerbury Primary School,206,Islington,999,,2,Primary,1,Community school,Not applicable,Not applicable,1,Open,,0,Not applicable,,0,Not applicable,100429,10074675,2666,,453,225,228,459,72,16,,,,,,,,,,,,,,,,,,,,Ms,Cassie,Moss,Headteacher,5300034340,,,Foxham Road,Yerbury Road,,London,,N19 4RR,,www.yerbury.islington.sch.uk,2072726580,,Not applicable,,,,2,Does not have a sixth form,Has Nursery Classes,3,11,2,No Special Classes,0,Not applicable,3,Mixed,,1,No boarders,15/01/2026,09/01/2026 00:00,E09000019,Islington,E05013707,Junction,E14001305,Islington North,UN1,Urban: Nearer to a major town or city,E09000019,529695,186359,E02000561,Islington 008,E01002769,Islington 008A,H,London,0,Does not apply,Does not apply,0,Not applicable,4,Local authority maintained schools,0,Not applicable,,,Not under a federation,,,,0,Not applicable,,0,Not applicable,,Not applicable,,,Not applicable,,Not applicable,Not applicable,Not applicable,,,Not applicable
Tufnell Park Primary School,206,Islington,999,,2,Primary,1,Community school,Not applicable,Not applicable,1,Open,,0,Not applicable,,0,Not applicable,100430,10074674,2803,,453,251,202,484,191,44.1,,,,,,,,,,,,,,,,,,,,Mr,Martin,Scarborough,Headteacher,5300026902,,,31 Carleton Road,,,London,,N7 0HJ,,www.tufnellpark.islington.sch.uk/,2076074852,,Not applicable,,,,2,Does not have a sixth form,Has Nursery Classes,2,11,2,No Special Classes,0,Not applicable,3,Mixed,,1,No boarders,15/01/2026,29/6/2026 00:00:00,E09000019,Islington,E05013713,Tufnell Park,E14001305,Islington North,UN1,Urban: Nearer to a major town or city,E09000019,529772,185609,E02000563,Islington 010,E01002784,Islington 010C,H,London,0,Does not apply,Does not apply,0,Not applicable,4,Local authority maintained schools,0,Not applicable,,,Not under a federation,,,,0,Not applicable,,0,Not applicable,,Not applicable,,,Not applicable,,Not applicable,Not applicable,Not applicable,,,Not applicable
Highbury Quadrant Primary School,206,Islington,999,,2,Primary,1,Community school,Not applicable,Not applicable,2,Closed,01/01/1900,0,Not applicable,31/08/2025,2,Closure,100431,10070045,2805,,165,89,76,496,74,49.3,,,,,,,,,,,,,,,,,,,,Ms,Terri,Higgins,Headteacher,5300045010,,,Highbury New Park,Islington,,London,,N5 2DP,,,,,Not applicable,,,,2,Does not have a sixth form,Has Nursery Classes,2,11,2,No Special Classes,0,Not applicable,3,Mixed,,1,No boarders,16/01/2025,31/8/2025 00:00:00,E09000019,Islington,E05013709,Mildmay,E14001305,Islington North,UN1,Urban: Nearer to a major town or city,E09000019,532387,185620,E02000565,Islington 012,E01002781,Islington 012D,H,London,0,Does not apply,Does not apply,0,Not applicable,4,Local authority maintained schools,0,Not applicable,,,Not under a federation,,,,0,Not applicable,,0,Not applicable,,Not applicable,,,Not applicable,,Not applicable,Not applicable,Not applicable,,,Not applicable
Ashmount Primary School,206,Islington,999,,2,Primary,1,Community school,Not applicable,Not applicable,1,Open,,0,Not applicable,,0,Not applicable,100432,10074673,2809,,390,216,174,450,148,38.5,,,,,,,,,,,,,,,,,,,,Mr,Anthony,Carmel,Headteacher,10091003618,,,Crouch Hill Park,83 Crouch Hill,,London,,N8 9EG,,www.ashmountprimaryschool.co.uk/,2072727145,,Not applicable,,,,2,Does not have a sixth form,Has Nursery Classes,3,11,2,No Special Classes,0,Not applicable,3,Mixed,,1,No boarders,15/01/2026,31/8/2026 00:00:00,E09000019,Islington,E05013705,Hillrise,E14001305,Islington North,UN1,Urban: Nearer to a major town or city,E09000019,530090,187755,E02000554,Islington 001,E01002756,Islington 001B,H,London,0,Does not apply,Does not apply,0,Not applicable,4,Local authority maintained schools,0,Not applicable,,,Not under a federation,,,,0,Not applicable,,0,Not applicable,,Not applicable,,,Not applicable,,Not applicable,Not applicable,Not applicable,,,Not applicable
Ashmount Infant School,206,Islington,999,,2,Primary,1,Community school,Not applicable,Not applicable,2,Closed,,0,Not applicable,31/08/2001,0,Not applicable,100433,,2824,,,,,,,,,,,,,,,,,,,,,,,,,,,,S,Gulliford,Headteacher,10091005724,,,Ashmount Road,Hornsey Lane,,London,,N19 3BH,,,,,Not applicable,,,,0,Not applicable,Has Nursery Classes,3,7,2,No Special Classes,0,Not applicable,3,Mixed,,1,No boarders,,14/11/2018 00:00:00,E09000019,Islington,E05000374,Hillrise,E14000763,Islington North,A1,(England/Wales) Urban major conurbation,E09000019,529455,187610,E02000555,Islington 002,E01002757,Islington 002C,H,London,0,Does not apply,Does not apply,0,Not applicable,4,Local authority maintained schools,0,Not applicable,,,Not under a federation,,,,0,Not applicable,,0,Not applicable,,Not applicable,,,Not applicable,,Not applicable,Not applicable,Not applicable,,,Not applicable
Prior Weston Primary School and Children's Centre,206,Islington,999,,2,Primary,1,Community school,Not applicable,Not applicable,1,Open,,0,Not applicable,,0,Not applicable,100434,10074672,2850,,270,147,123,450,93,42.3,,,,,,,,,,,,,,,,,,,,Miss,Fiona,MacCorquodale,Headteacher,10023219490,,,101 Whitecross Street,,,London,,EC1Y 8JA,,www.priorweston.islington.sch.uk,2077864800,,Not applicable,,,,2,Does not have a sixth form,Has Nursery Classes,0,11,2,No Special Classes,0,Not applicable,3,Mixed,,1,No boarders,15/01/2026,21/9/2026 00:00:00,E09000019,Islington,E05013699,Bunhill,E14001306,Islington South and Finsbury,UN1,Urban: Nearer to a major town or city,E09000019,532376,182029,E02000576,Islington 023,E01002704,Islington 023D,H,London,0,Does not apply,Does not apply,0,Not applicable,4,Local authority maintained schools,0,Not applicable,,,Not under a federation,,,,0,Not applicable,,0,Not applicable,,Not applicable,,,Not applicable,,Not applicable,Not applicable,Not applicable,,,Not applicable
Hungerford Primary School and Children's Centre,206,Islington,999,,2,Primary,1,Community school,Not applicable,Not applicable,2,Closed,,0,Not applicable,30/04/2018,6,For Academy,100435,,2851,,386,200,186,420,102,29.8,,,,,,,,,,,,,,,,,,,,Miss,Jo,Stephens,Headteacher,5300060259,,,Hungerford Road,Islington,,London,,N7 9LF,,,,,Not applicable,,,,2,Does not have a sixth form,Has Nursery Classes,3,11,2,No Special Classes,0,Not applicable,3,Mixed,,1,No boarders,18/01/2018,19/9/2018 00:00:00,E09000019,Islington,E05000375,Holloway,E14000764,Islington South and Finsbury,A1,(England/Wales) Urban major conurbation,E09000019,529995,184974,E02000563,Islington 010,E01002764,Islington 010A,H,London,0,Does not apply,Does not apply,0,Not applicable,4,Local authority maintained schools,0,Not applicable,,,Not under a federation,,,,0,Not applicable,,0,Not applicable,,Not applicable,,,Not applicable,,Not applicable,Not applicable,Not applicable,,,Not applicable
Clerkenwell Parochial CofE Primary School,206,Islington,999,,2,Primary,2,Voluntary aided school,Not applicable,Not applicable,2,Closed,,0,Not applicable,31/10/2017,6,For Academy,100436,,3334,,219,100,120,240,60,27.4,,,,,,,,,,,,,,,,,,,,Mrs,Amanda,Szewczyk-Radley,Head of School,5300001833,,,Amwell Street,,,London,,EC1R 1UN,,,,,Not applicable,,,,2,Does not have a sixth form,No Nursery Classes,4,11,2,No Special Classes,0,Not applicable,3,Mixed,,1,No boarders,19/01/2017,15/10/2018 00:00:00,E09000019,Islington,E05000370,Clerkenwell,E14000764,Islington South and Finsbury,A1,(England/Wales) Urban major conurbation,E09000019,531189,182756,E02000574,Islington 021,E01002729,Islington 021E,H,London,2,Church of England,Does not apply,CE23,Diocese of London,4,Local authority maintained schools,0,Not applicable,,,Not under a federation,,,,0,Not applicable,,0,Not applicable,,Not applicable,,,Not applicable,,Not applicable,Not applicable,Not applicable,,,Not applicable
Sacred Heart Catholic Primary School,206,Islington,999,,2,Primary,2,Voluntary aided school,Not applicable,Not applicable,1,Open,,0,Not applicable,,0,Not applicable,100437,10075995,3384,,434,233,201,482,211,53.4,,,,,,,,,,,,,,,,,,,,Mr,John,Lane,Headteacher,5300035139,,,68 Georges Road,Holloway,,London,,N7 8JN,,http://www.sacredheart.islington.sch.uk/,2076073407,,Not applicable,,,,2,Does not have a sixth form,Has Nursery Classes,3,11,2,No Special Classes,0,Not applicable,3,Mixed,,1,No boarders,15/01/2026,29/6/2026 00:00:00,E09000019,Islington,E05013708,Laycock,E14001306,Islington South and Finsbury,UN1,Urban: Nearer to a major town or city,E09000019,530896,185179,E02000564,Islington 011,E01033488,Islington 011G,H,London,3,Roman Catholic,Does not apply,RC01,Archdiocese of Westminster,4,Local authority maintained schools,0,Not applicable,,,Not under a federation,,,,0,Not applicable,,0,Not applicable,,Not applicable,,,Not applicable,,Not applicable,Not applicable,Not applicable,,,Not applicable
St John Evangelist Catholic Primary School,206,Islington,999,,2,Primary,2,Voluntary aided school,Not applicable,Not applicable,1,Open,,0,Not applicable,,0,Not applicable,100438,10075994,3456,,204,97,107,259,144,73.1,,,,,,,,,,,,,,,,,,,,Mrs,Stephanie,Maker,Headteacher,5300028964,,,Duncan Street,Islington High Street,,London,,N1 8BL,,www.stjohnevangelist.islington.sch.uk,2072261314,,Not applicable,,,,2,Does not have a sixth form,Has Nursery Classes,3,11,2,No Special Classes,0,Not applicable,3,Mixed,,1,No boarders,15/01/2026,09/01/2026 00:00,E09000019,Islington,E05013711,St Peter's & Canalside,E14001306,Islington South and Finsbury,UN1,Urban: Nearer to a major town or city,E09000019,531600,183377,E02000573,Islington 020,E01002801,Islington 020C,H,London,3,Roman Catholic,Does not apply,RC01,Archdiocese of Westminster,4,Local authority maintained schools,0,Not applicable,,,Not under a federation,,,,0,Not applicable,,0,Not applicable,,Not applicable,,,Not applicable,,Not applicable,Not applicable,Not applicable,,,Not applicable
St John's Upper Holloway CofE Primary School,206,Islington,999,,2,Primary,2,Voluntary aided school,Not applicable,Not applicable,1,Open,,0,Not applicable,,0,Not applicable,100439,10079300,3465,,206,105,101,230,94,52.8,,,,,,,,,,,,,,,,,,,,Mr,Nick,Turpin,Headteacher,5300072080,,,Pemberton Gardens,Upper Holloway,,London,,N19 5RR,,www.stjohnsupperholloway.co.uk/,2072722780,,Not applicable,,,,2,Does not have a sixth form,Has Nursery Classes,2,11,2,No Special Classes,0,Not applicable,3,Mixed,,1,No boarders,15/01/2026,29/6/2026 00:00:00,E09000019,Islington,E05013707,Junction,E14001305,Islington North,UN1,Urban: Nearer to a major town or city,E09000019,529508,186512,E02000557,Islington 004,E01002774,Islington 004E,H,London,2,Church of England,Does not apply,CE23,Diocese of London,4,Local authority maintained schools,0,Not applicable,,,Not under a federation,,,,0,Not applicable,,0,Not applicable,,Not applicable,,,Not applicable,,Not applicable,Not applicable,Not applicable,,Not applicable,Not applicable
St John's Highbury Vale CofE Primary School,206,Islington,999,,2,Primary,2,Voluntary aided school,Not applicable,Not applicable,1,Open,,0,Not applicable,,0,Not applicable,100440,10074287,3471,,206,93,113,210,53,25.7,,,,,,,,,,,,,,,Not applicable,,,,,Ms,Hasina,Khan,Headteacher,5300023103,,,Conewood Street,,,London,,N5 1DL,,www.stjhv.islington.sch.uk,2072264906,,Not applicable,,,,2,Does not have a sixth form,No Nursery Classes,4,11,2,No Special Classes,0,Not applicable,3,Mixed,,1,No boarders,15/01/2026,24/9/2026 00:00:00,E09000019,Islington,E05013697,Arsenal,E14001305,Islington North,UN1,Urban: Nearer to a major town or city,E09000019,531758,186077,E02000559,Islington 006,E01002749,Islington 006D,H,London,2,Church of England,Does not apply,CE23,Diocese of London,4,Local authority maintained schools,0,Not applicable,,,Not under a federation,,,,0,Not applicable,,0,Not applicable,,Not applicable,,,Not applicable,,Not applicable,Not applicable,Not applicable,,,Not applicable
St Joseph's Catholic Primary School,206,Islington,999,,2,Primary,2,Voluntary aided school,Not applicable,Not applicable,1,Open,,0,Not applicable,,0,Not applicable,100441,10075993,3483,,523,277,246,510,160,33.1,,,,,,,,,,,,,,,Not applicable,,,,,Mrs,Tracey,Mullett,Headteacher,5300046469,,,Highgate Hill,Highgate,Dartmouth Park Hill,London,,N19 5NE,,www.st-josephs.islington.sch.uk,2072721270,,Not applicable,,,,2,Does not have a sixth form,Has Nursery Classes,2,11,2,No Special Classes,0,Not applicable,3,Mixed,,1,No boarders,15/01/2026,16/9/2026 00:00:00,E09000019,Islington,E05013707,Junction,E14001305,Islington North,UN1,Urban: Nearer to a major town or city,E09000019,528892,187162,E02000557,Islington 004,E01002770,Islington 004B,H,London,3,Roman Catholic,Does not apply,RC01,Archdiocese of Westminster,4,Local authority maintained schools,0,Not applicable,,,Not under a federation,,,,0,Not applicable,,0,Not applicable,,Not applicable,,,Not applicable,,Not applicable,Not applicable,Not applicable,,,Not applicable
St Jude and St Paul's CofE Primary School,206,Islington,999,,2,Primary,2,Voluntary aided school,Not applicable,Not applicable,2,Closed,01/01/1900,0,Not applicable,31/08/2025,2,Closure,100442,10074735,3488,,122,63,59,210,67,57.3,,,,,,,,,,,,,,,,,,,,Ms,Adeola,Oladejo,Headteacher,10008977842,,,10 Kingsbury Road,Islington,,London,,N1 4AZ,,,,,Not applicable,,,,2,Does not have a sixth form,Has Nursery Classes,3,11,2,No Special Classes,0,Not applicable,3,Mixed,,1,No boarders,16/01/2025,31/8/2025 00:00:00,E09000019,Islington,E05013709,Mildmay,E14001305,Islington North,UN1,Urban: Nearer to a major town or city,E09000019,533263,184936,E02000565,Islington 012,E01002778,Islington 012B,H,London,2,Church of England,Does not apply,CE23,Diocese of London,4,Local authority maintained schools,0,Not applicable,,,Not under a federation,,,,0,Not applicable,,0,Not applicable,,Not applicable,,,Not applicable,,Not applicable,Not applicable,Not applicable,,,Not applicable
St Luke's CofE Primary School,206,Islington,999,,2,Primary,2,Voluntary aided school,Not applicable,Not applicable,1,Open,,0,Not applicable,,0,Not applicable,100443,10079299,3495,,208,115,93,241,109,53.2,,,,,,,,,,,,,,,,,,,,Mrs,Laura,Hall,Headteacher,5300076870,,,Radnor Street,,,London,,EC1V 3SJ,,www.st-lukesislington.co.uk,2072533880,,Not applicable,,,,2,Does not have a sixth form,Has Nursery Classes,3,11,2,No Special Classes,0,Not applicable,3,Mixed,,1,No boarders,15/01/2026,13/7/2026 00:00:00,E09000019,Islington,E05013699,Bunhill,E14001306,Islington South and Finsbury,UN1,Urban: Nearer to a major town or city,E09000019,532463,182576,E02000576,Islington 023,E01002701,Islington 023A,H,London,2,Church of England,Does not apply,CE23,Diocese of London,4,Local authority maintained schools,0,Not applicable,,,Supported by a federation,1456,The Federated Governing Body of St Luke's CE and Moreland Community Primary Schools,,0,Not applicable,,0,Not applicable,,Not applicable,,,Not applicable,,Not applicable,Not applicable,Not applicable,,,Not applicable
St Mark's CofE Primary School,206,Islington,999,,2,Primary,2,Voluntary aided school,Not applicable,Not applicable,1,Open,,0,Not applicable,,0,Not applicable,100444,10076253,3501,,231,111,120,252,142,66.4,,,,,,,,,,,,,,,,,,,,Ms,Martha,Braithwaite,Headteacher,5300089184,,,Sussex Way,Islington,,London,,N19 4JF,,www.st-marks.islington.sch.uk/,2072725967,,Not applicable,,,,0,Not applicable,Has Nursery Classes,2,11,2,No Special Classes,0,Not applicable,3,Mixed,,1,No boarders,15/01/2026,16/9/2026 00:00:00,E09000019,Islington,E05013712,Tollington,E14001305,Islington North,UN1,Urban: Nearer to a major town or city,E09000019,530342,186726,E02000556,Islington 003,E01002808,Islington 003D,H,London,2,Church of England,Does not apply,CE23,Diocese of London,4,Local authority maintained schools,0,Not applicable,,,Not under a federation,,,,0,Not applicable,,0,Not applicable,,Not applicable,,,Not applicable,,Not applicable,Not applicable,Not applicable,,,Not applicable
St Mary Magdalene CofE Primary School,206,Islington,999,,2,Primary,2,Voluntary aided school,Not applicable,Not applicable,2,Closed,,0,Not applicable,31/08/2007,6,For Academy,100445,,3514,,,,,210,,,,,,,,,,,,,,,,,,,,,,Mr,J,Stewart,Headteacher,10023215180,,,Liverpool Road,,,London,,N7 8PG,,,,,Not applicable,,,,0,Not applicable,No Nursery Classes,4,11,2,No Special Classes,0,Not applicable,3,Mixed,,1,No boarders,,14/11/2018 00:00:00,E09000019,Islington,E05000379,St Mary's,E14000764,Islington South and Finsbury,A1,(England/Wales) Urban major conurbation,E09000019,531162,184855,E02000566,Islington 013,E01002796,Islington 013E,H,London,2,Church of England,Does not apply,CE23,Diocese of London,4,Local authority maintained schools,0,Not applicable,,,Not under a federation,,,,0,Not applicable,,0,Not applicable,,Not applicable,,,Not applicable,,Not applicable,Not applicable,Not applicable,,,Not applicable
St Mary's CofE Primary School,206,Islington,999,,2,Primary,2,Voluntary aided school,Not applicable,Not applicable,1,Open,,0,Not applicable,,0,Not applicable,100446,10074734,3527,,171,79,92,210,101,59.1,,,,,,,,,,,,,,,,,,,,Headteacher,Mr Anthony,David,Headteacher,5300034261,,,Fowler Road,Islington,,London,,N1 2EP,,www.stmarys.islington.sch.uk,2073591870,,Not applicable,,,,2,Does not have a sixth form,No Nursery Classes,4,11,2,No Special Classes,0,Not applicable,3,Mixed,,1,No boarders,15/01/2026,07/06/2026 00:00,E09000019,Islington,E05013710,St Mary's & St James',E14001306,Islington South and Finsbury,UN1,Urban: Nearer to a major town or city,E09000019,531845,184012,E02000569,Islington 016,E01002793,Islington 016F,H,London,2,Church of England,Does not apply,CE23,Diocese of London,4,Local authority maintained schools,0,Not applicable,,,Not under a federation,,,,0,Not applicable,,0,Not applicable,,Not applicable,,,Not applicable,,Not applicable,Not applicable,Not applicable,,,Not applicable
St Peter and St Paul Catholic Primary School,206,Islington,999,,2,Primary,2,Voluntary aided school,Not applicable,Not applicable,1,Open,,0,Not applicable,,0,Not applicable,100447,10075992,3575,,222,107,115,240,105,54.7,,,,,,,,,,,,,,,Not applicable,,,,,Miss,Tracey,Peters,Headteacher,5300022998,,,Compton Street,Goswell Road,Islington,London,,EC1V 0EU,,www.stpetersandstpauls.islington.sch.uk/,2072530839,,Not applicable,,,,2,Does not have a sixth form,Has Nursery Classes,2,11,2,No Special Classes,0,Not applicable,3,Mixed,,1,No boarders,15/01/2026,08/07/2026 00:00,E09000019,Islington,E05013699,Bunhill,E14001306,Islington South and Finsbury,UN1,Urban: Nearer to a major town or city,E09000019,531847,182367,E02000576,Islington 023,E01002703,Islington 023C,H,London,35,Catholic,Does not apply,RC01,Archdiocese of Westminster,4,Local authority maintained schools,0,Not applicable,,,Not under a federation,,,,0,Not applicable,,0,Not applicable,,Not applicable,,,Not applicable,,Not applicable,Not applicable,Not applicable,,,Not applicable
St Andrew's (Barnsbury) CofE Primary School,206,Islington,999,,2,Primary,2,Voluntary aided school,Not applicable,Not applicable,1,Open,,0,Not applicable,,0,Not applicable,100448,10074733,3606,,165,89,76,210,115,69.7,,,,,,,,,,,,,,,Not applicable,,,,,Mr,Richard,Smith,Headteacher,5300060949,,,Matilda Street,,Islington,London,,N1 0LB,,www.standrews.islington.sch.uk,2078374049,,Not applicable,,,,2,Does not have a sixth form,No Nursery Classes,4,11,2,No Special Classes,0,Not applicable,3,Mixed,,1,No boarders,15/01/2026,29/6/2026 00:00:00,E09000019,Islington,E05013698,Barnsbury,E14001306,Islington South and Finsbury,UN1,Urban: Nearer to a major town or city,E09000019,530855,183827,E02000570,Islington 017,E01002714,Islington 017D,H,London,2,Church of England,Does not apply,CE23,Diocese of London,4,Local authority maintained schools,0,Not applicable,,,Not under a federation,,,,0,Not applicable,,0,Not applicable,,Not applicable,,,Not applicable,,Not applicable,Not applicable,Not applicable,,,Not applicable
St Joan of Arc RC Primary School,206,Islington,999,,2,Primary,2,Voluntary aided school,Not applicable,Not applicable,1,Open,,0,Not applicable,,0,Not applicable,100449,10075991,3631,,427,212,215,420,122,29.1,,,,,,,,,,,,,,,,,,,,Miss,Clare,Campbell,Headteacher,5300068459,,,Northolme Road,Highbury Park,,London,,N5 2UX,,www.st-joanofarc.islington.sch.uk/,2072263920,,Not applicable,,,,2,Does not have a sixth form,Has Nursery Classes,3,11,2,No Special Classes,0,Not applicable,3,Mixed,,1,No boarders,15/01/2026,09/01/2026 00:00,E09000019,Islington,E05013704,Highbury,E14001305,Islington North,UN1,Urban: Nearer to a major town or city,E09000019,532024,185906,E02000559,Islington 006,E01002742,Islington 006A,H,London,3,Roman Catholic,Does not apply,RC01,Archdiocese of Westminster,4,Local authority maintained schools,0,Not applicable,,,Not under a federation,,,,0,Not applicable,,0,Not applicable,,Not applicable,,,Not applicable,,Not applicable,Not applicable,Not applicable,,,Not applicable
Christ The King Catholic Primary School,206,Islington,999,,2,Primary,2,Voluntary aided school,Not applicable,Not applicable,1,Open,,0,Not applicable,,0,Not applicable,100450,10070152,3633,,240,135,105,451,143,59.8,,,,,,,,,,,,,,,Not applicable,,,,,Mr,John,Lane,Head of School,5300091370,,,55 Tollington Park,,,London,,N4 3QW,,www.ctks.co.uk/,2072725987,,Not applicable,,,,2,Does not have a sixth form,Has Nursery Classes,3,11,2,No Special Classes,0,Not applicable,3,Mixed,,1,No boarders,15/01/2026,29/6/2026 00:00:00,E09000019,Islington,E05013712,Tollington,E14001305,Islington North,UN1,Urban: Nearer to a major town or city,E09000019,530746,186961,E02000556,Islington 003,E01002805,Islington 003B,H,London,3,Roman Catholic,Does not apply,RC01,Archdiocese of Westminster,4,Local authority maintained schools,0,Not applicable,,,Not under a federation,,,,0,Not applicable,,0,Not applicable,,Not applicable,,,Not applicable,,Not applicable,Not applicable,Not applicable,,,Not applicable
Blessed Sacrament RC Primary School,206,Islington,999,,2,Primary,2,Voluntary aided school,Not applicable,Not applicable,2,Closed,01/01/1900,0,Not applicable,31/07/2024,2,Closure,100451,10075990,3643,,76,41,35,210,42,56,,,,,,,,,,,,,,,,,,,,Ms,Alexandra,Fernandez-Madden,Headteacher,5300010702,,,Boadicea Street,Kings Cross,,London,,N1 0UF,,,,,Not applicable,,,,2,Does not have a sixth form,Has Nursery Classes,3,11,2,No Special Classes,0,Not applicable,3,Mixed,,1,No boarders,18/01/2024,31/7/2024 00:00:00,E09000019,Islington,E05013700,Caledonian,E14001306,Islington South and Finsbury,A1,(England/Wales) Urban major conurbation,E09000019,530554,183629,E02000572,Islington 019,E01002710,Islington 019D,H,London,3,Roman Catholic,Does not apply,RC01,Archdiocese of Westminster,4,Local authority maintained schools,0,Not applicable,,,Not under a federation,,,,0,Not applicable,,0,Not applicable,,Not applicable,,,Not applicable,,Not applicable,Not applicable,Not applicable,,,Not applicable
Highbury Grove School,206,Islington,999,,4,Secondary,1,Community school,Not applicable,Not applicable,2,Closed,,0,Not applicable,30/11/2017,6,For Academy,100452,10003068,4108,,1194,775,420,1149,299,29.8,,,,,,,,,,,,,,,,,,,,Ms,Aimee,Lyall,Acting Headteacher,10023219076,,,8 Highbury Grove,,,London,,N5 2EQ,,,,,Not applicable,,,,1,Has a sixth form,No Nursery Classes,11,18,2,No Special Classes,4,Non-selective,3,Mixed,,1,No boarders,19/01/2017,09/04/2019 00:00,E09000019,Islington,E05000372,Highbury East,E14000763,Islington North,A1,(England/Wales) Urban major conurbation,E09000019,531981,185153,E02000562,Islington 009,E01002738,Islington 009A,H,London,0,Does not apply,Does not apply,0,Not applicable,4,Local authority maintained schools,0,Not applicable,,,Not under a federation,,,,0,Not applicable,,0,Not applicable,,Not applicable,,,Not applicable,,Not applicable,Not applicable,Not applicable,,,Not applicable
Beacon High,206,Islington,999,,4,Secondary,1,Community school,Not applicable,Not applicable,2,Closed,,0,Not applicable,31/12/2025,10,Academy Converter,100453,10014213,4112,,417,238,179,600,282,67.8,,,,,,,,,,,,,,,,,,,,Mr,Alan,Streeter,Headteacher,5300047194,,,Hilldrop Road,Islington,,London,,N7 0JG,,,,,Not applicable,,,,2,Does not have a sixth form,No Nursery Classes,11,16,2,No Special Classes,4,Non-selective,3,Mixed,,1,No boarders,16/01/2025,31/12/2025 00:00:00,E09000019,Islington,E05013713,Tufnell Park,E14001305,Islington North,UN1,Urban: Nearer to a major town or city,E09000019,529750,185518,E02000563,Islington 010,E01002784,Islington 010C,H,London,0,Does not apply,Does not apply,0,Not applicable,4,Local authority maintained schools,0,Not applicable,,,Not under a federation,,,,0,Not applicable,,0,Not applicable,,Not applicable,,,Not applicable,,Not applicable,Not applicable,Not applicable,,,Not applicable
Islington Green School,206,Islington,999,,4,Secondary,1,Community school,Not applicable,Not applicable,2,Closed,,0,Not applicable,31/08/2008,6,For Academy,100454,10016065,4211,,,,,1058,,,,,,,,,,,,,,,,,,,,,,Mr,Trevor,Averre-Beeson,Headteacher,10023219013,,,Prebend Street,,,London,,N1 8PQ,,,,,Not applicable,,,,2,Does not have a sixth form,Not applicable,11,16,2,No Special Classes,4,Non-selective,3,Mixed,,1,No boarders,,14/11/2018 00:00:00,E09000019,Islington,E05000380,St Peter's,E14000764,Islington South and Finsbury,A1,(England/Wales) Urban major conurbation,E09000019,532038,183639,E02000571,Islington 018,E01002800,Islington 018E,H,London,0,Does not apply,Does not apply,0,Not applicable,4,Local authority maintained schools,0,Not applicable,,,Not under a federation,,,,0,Not applicable,,0,Not applicable,,Not applicable,,,Not applicable,,Not applicable,Not applicable,Not applicable,,,Not applicable
Highbury Fields School,206,Islington,999,,4,Secondary,1,Community school,Not applicable,Not applicable,1,Open,,0,Not applicable,,0,Not applicable,100455,10003067,4307,,733,3,730,1050,348,51.3,,,,,,,,,,,,,,,,,,,,Mr,Tim,Fox,Headteacher,5300043848,,,Highbury Hill,,,London,,N5 1AR,,http://www.highburyfields.islington.sch.uk/,2072881888,,Not applicable,,,,1,Has a sixth form,No Nursery Classes,11,18,2,No Special Classes,4,Non-selective,2,Girls,,1,No boarders,15/01/2026,29/6/2026 00:00:00,E09000019,Islington,E05013704,Highbury,E14001305,Islington North,UN1,Urban: Nearer to a major town or city,E09000019,531721,185476,E02000566,Islington 013,E01002745,Islington 013C,H,London,0,Does not apply,Does not apply,0,Not applicable,4,Local authority maintained schools,0,Not applicable,,,Not under a federation,,,,0,Not applicable,,0,Not applicable,,Not applicable,,,Not applicable,,Not applicable,Not applicable,Not applicable,,,Not applicable
George Orwell School,206,Islington,999,,4,Secondary,1,Community school,Not applicable,Not applicable,2,Closed,,0,Not applicable,31/08/1999,0,Not applicable,100456,,4309,,,,,,,,,,,,,,,,,,,,,,,,,,,Mr,J,Crew,Headteacher,5300093518,,,Turle Road,Tollington Park,,London,,N4 3LS,,,,,Not applicable,,,,0,Not applicable,Not applicable,11,16,2,No Special Classes,4,Non-selective,3,Mixed,,1,No boarders,,14/11/2018 00:00:00,E09000019,Islington,E05000381,Tollington,E14000763,Islington North,A1,(England/Wales) Urban major conurbation,E09000019,530684,187037,E02000556,Islington 003,E01002806,Islington 003C,H,London,0,Does not apply,Does not apply,0,Not applicable,4,Local authority maintained schools,0,Not applicable,,,Not under a federation,,,,0,Not applicable,,0,Not applicable,,Not applicable,,,Not applicable,,Not applicable,Not applicable,Not applicable,,,Not applicable
Elizabeth Garrett Anderson School,206,Islington,999,,4,Secondary,1,Community school,Not applicable,Not applicable,1,Open,,0,Not applicable,,0,Not applicable,100457,10015261,4324,,888,0,888,900,548,61.7,,,,,,,,,,,,,,,,,,,,Ms,Sarah,Beagley,Executive Head Teacher,5300078354,,,Donegal Street,Islington,Elizabeth Garrett Anderson School,London,,N1 9QG,,http://www.egaschool.co.uk,2078370739,,Not applicable,,,,2,Does not have a sixth form,No Nursery Classes,11,16,2,No Special Classes,4,Non-selective,2,Girls,,1,No boarders,15/01/2026,17/9/2026 00:00:00,E09000019,Islington,E05013698,Barnsbury,E14001306,Islington South and Finsbury,UN1,Urban: Nearer to a major town or city,E09000019,531007,183248,E02000572,Islington 019,E01002697,Islington 019B,H,London,0,Does not apply,Does not apply,0,Not applicable,4,Local authority maintained schools,0,Not applicable,,,Not under a federation,,,,0,Not applicable,,0,Not applicable,,Not applicable,,,Not applicable,,Not applicable,Not applicable,Not applicable,,,Not applicable
Central Foundation Boys' School,206,Islington,999,,4,Secondary,2,Voluntary aided school,Not applicable,Not applicable,1,Open,,0,Not applicable,,0,Not applicable,100458,10001257,4614,,1152,1067,85,1050,388,44,,,,,,,,,,,,,,,,,,,,Mr,Jamie,Brownhill,Headteacher,5300025018,,,Cowper Street,City Road,,London,,EC2A 4SH,,http://www.centralfoundationboys.co.uk,2072533741,,Not applicable,,,,1,Has a sixth form,No Nursery Classes,11,18,2,No Special Classes,4,Non-selective,1,Boys,,1,No boarders,15/01/2026,24/9/2026 00:00:00,E09000019,Islington,E05013699,Bunhill,E14001306,Islington South and Finsbury,UN1,Urban: Nearer to a major town or city,E09000019,532888,182441,E02000576,Islington 023,E01002704,Islington 023D,H,London,6,None,Does not apply,0,Not applicable,4,Local authority maintained schools,0,Not applicable,,,Not under a federation,,,,0,Not applicable,,0,Not applicable,,Not applicable,,,Not applicable,,Not applicable,Not applicable,Not applicable,,,Not applicable
St Aloysius RC College,206,Islington,999,,4,Secondary,2,Voluntary aided school,Not applicable,Not applicable,2,Closed,,0,Not applicable,31/08/2025,10,Academy Converter,100459,10015262,4651,,366,364,2,1150,175,59.5,,,,,,,,,,,,,,,,,,,,Ms,Paula,Whyte,Headteacher,10091006179,,,Hornsey Lane,Highgate,,London,,N6 5LY,,,,,Not applicable,,,,1,Has a sixth form,No Nursery Classes,11,19,2,No Special Classes,4,Non-selective,1,Boys,,1,No boarders,16/01/2025,31/8/2025 00:00:00,E09000019,Islington,E05013707,Junction,E14001305,Islington North,UN1,Urban: Nearer to a major town or city,E09000019,529090,187296,E02000557,Islington 004,E01002770,Islington 004B,H,London,3,Roman Catholic,Does not apply,RC01,Archdiocese of Westminster,4,Local authority maintained schools,0,Not applicable,,,Not under a federation,,,,0,Not applicable,,0,Not applicable,,Not applicable,,,Not applicable,,Not applicable,Not applicable,Not applicable,,,Not applicable
Mount Carmel Catholic College for Girls,206,Islington,999,,4,Secondary,2,Voluntary aided school,Not applicable,Not applicable,2,Closed,,0,Not applicable,31/08/2017,11,Academy Free School,100460,10013630,4704,,349,0,350,700,112,32.7,,,,,,,,,,,,,,,,,,,,Ms,N,Haynes,Headteacher,5300029131,,,Holland Walk,Duncombe Road,,London,,N19 3EU,,,,,Not applicable,,,,2,Does not have a sixth form,No Nursery Classes,11,16,2,No Special Classes,4,Non-selective,2,Girls,,1,No boarders,19/01/2017,18/10/2018 00:00:00,E09000019,Islington,E05000374,Hillrise,E14000763,Islington North,A1,(England/Wales) Urban major conurbation,E09000019,529728,187094,E02000555,Islington 002,E01002753,Islington 002A,H,London,3,Roman Catholic,Does not apply,RC01,Archdiocese of Westminster,4,Local authority maintained schools,0,Not applicable,,,Not under a federation,,,,0,Not applicable,,0,Not applicable,,Not applicable,,,Not applicable,,Not applicable,Not applicable,Not applicable,,,Not applicable
Italia Conti Academy of Theatre Arts,206,Islington,999,,0,Not applicable,11,Other independent school,Not applicable,Not approved,2,Closed,20/12/1957,0,Not applicable,30/07/2021,2,Closure,100461,10003425,6162,,45,12,33,296,0,0,0,10,,Yes,,,,,,Yes,,,Yes,,Resourced provision and SEN unit,3,3,3,3,Mrs,Glynis,Rodgers,Headteacher,5300036480,Samantha Newton,,23 Goswell Road,,,London,,EC1M 7AJ,,,,ISI,Not applicable,,,,0,Not applicable,No Nursery Classes,10,16,2,No Special Classes,4,Non-selective,3,Mixed,Does not have boarders,1,No boarders,21/01/2021,01/12/2022 00:00,E09000019,Islington,E05000367,Bunhill,E14000764,Islington South and Finsbury,A1,(England/Wales) Urban major conurbation,E09000019,532064,182084,E02000575,Islington 022,E01033490,Islington 022H,H,London,6,None,Inter- / non- denominational,0,Not applicable,3,Independent schools,0,Not applicable,,,Not applicable,,,,0,Not applicable,,0,Not applicable,,Not applicable,,,Not applicable,,Not applicable,Not applicable,Not applicable,,,Not applicable
Dallington School,206,Islington,999,,0,Not applicable,11,Other independent school,Not applicable,Not approved,1,Open,10/05/1978,0,Not applicable,,0,Not applicable,100462,10079111,6299,,45,32,13,180,,,0,12,,,,,,,,,,,,,,,,,,Mr,James,Griffiths,Headteacher,5300026651,Abigail Hercules,,8 Dallington Street,London,Greater London,United Kingdom,,EC1V 0BW,,www.dallingtonschool.co.uk,2072512284,ISI,Not applicable,,,,2,Does not have a sixth form,Has Nursery Classes,3,11,2,No Special Classes,4,Non-selective,3,Mixed,Does not have boarders,1,No boarders,18/01/2024,23/7/2026 00:00:00,E09000019,Islington,E05013699,Bunhill,E14001306,Islington South and Finsbury,UN1,Urban: Nearer to a major town or city,E09000019,531874,182346,E02000575,Islington 022,E01033489,Islington 022G,H,London,6,None,None,0,Not applicable,3,Independent schools,0,Not applicable,,,Not applicable,,,,0,Not applicable,,0,Not applicable,,Not applicable,,,Not applicable,,Not applicable,Not applicable,Not applicable,,,Not applicable
Charterhouse Square School,201,City of London,999,,0,Not applicable,11,Other independent school,Not applicable,Not approved,1,Open,19/11/1985,0,Not applicable,,0,Not applicable,100463,10079110,6354,,301,156,145,400,,,0,33,,,,,,,,,,,,,,,,,,Mrs,Tushi,Gorasia,Headteacher,2.00E+11,Cognita Schools Ltd,,33-40 Charterhouse Square,,,London,,EC1M 6EA,,www.charterhousesquareschool.co.uk,2076003805,ISI,Not applicable,,,,2,Does not have a sixth form,Has Nursery Classes,3,11,2,No Special Classes,4,Non-selective,3,Mixed,Does not have boarders,1,No boarders,18/01/2024,24/9/2026 00:00:00,E09000001,City of London,E05009304,Farringdon Within,E14001172,Cities of London and Westminster,UN1,Urban: Nearer to a major town or city,E09000001,531998,181875,E02000001,City of London 001,E01032740,City of London 001G,H,London,6,None,None,0,Not applicable,3,Independent schools,0,Not applicable,,,Not applicable,,,,0,Not applicable,,0,Not applicable,,Not applicable,,,Not applicable,,Not applicable,Not applicable,Not applicable,,,Not applicable
Primrose Independent School,206,Islington,999,,0,Not applicable,11,Other independent school,Not applicable,Not approved,2,Closed,23/12/1993,0,Not applicable,31/12/2007,0,Not applicable,100464,,6375,,,,,50,,,1,3,,,,,,,,,,,,,,,,,,Mrs,Linda,Grandson,Headteacher,,Mrs L Grandson,,Congregational Church,Highbury Quadrant,,London,,N5 2TE,,,,,Not applicable,,,,0,Not applicable,Not applicable,2,12,2,No Special Classes,4,Non-selective,3,Mixed,,1,No boarders,,07/09/2019 00:00,E09000019,Islington,E05000372,Highbury East,E14000763,Islington North,A1,(England/Wales) Urban major conurbation,E09000019,532062,186143,E02000559,Islington 006,E01002742,Islington 006A,H,London,6,None,None,0,Not applicable,3,Independent schools,0,Not applicable,,,Not applicable,,,,0,Not applicable,,0,Not applicable,,Not applicable,,,Not applicable,,Not applicable,Not applicable,Not applicable,,,Not applicable
Holly Park Montessori School,206,Islington,999,,0,Not applicable,11,Other independent school,Not applicable,Not approved,2,Closed,10/12/1994,0,Not applicable,31/08/2012,2,Closure,100465,,6376,,,,,72,,,0,1,,,,,,,,,,,,,,,,,,Ms,Jo,Fraser,Headteacher,,Mrs Lynne Lawrence,,Holly Park Methodist Church,Crouch Hill,,London,,N4 4BY,,,,Ofsted,Not applicable,,,,2,Does not have a sixth form,Has Nursery Classes,1,11,2,No Special Classes,4,Non-selective,3,Mixed,,1,No boarders,,07/09/2019 00:00,E09000019,Islington,E05000381,Tollington,E14000763,Islington North,A1,(England/Wales) Urban major conurbation,E09000019,530478,187599,E02000554,Islington 001,E01002811,Islington 001F,H,London,6,None,None,0,Not applicable,3,Independent schools,0,Not applicable,,,Not applicable,,,,0,Not applicable,,0,Not applicable,,Not applicable,,,Not applicable,,Not applicable,Not applicable,Not applicable,,,Not applicable
The Metropolitan Theatre School,206,Islington,999,,0,Not applicable,11,Other independent school,Not applicable,Not approved,2,Closed,,0,Not applicable,06/04/1997,0,Not applicable,100466,,6377,,,,,,,,,,,,,,,,,,,,,,,,,,,,,,Headteacher,10008304610,,,Trinity Centre,Bletchley Street,Islington,London,,N1 7QG,,,,,Not applicable,,,,0,Not applicable,Not applicable,6,17,2,No Special Classes,4,Non-selective,3,Mixed,,1,No boarders,,07/09/2019 00:00,E09000012,Hackney,E05009378,Hoxton West,E14000721,Hackney South and Shoreditch,A1,(England/Wales) Urban major conurbation,E09000019,532471,183058,E02000370,Hackney 026,E01001779,Hackney 026A,H,London,6,None,None,0,Not applicable,3,Independent schools,0,Not applicable,,,Not applicable,,,,0,Not applicable,,0,Not applicable,,Not applicable,,,Not applicable,,Not applicable,Not applicable,Not applicable,,,Not applicable
Richard Cloudesley School,206,Islington,999,,0,Not applicable,7,Community special school,Not applicable,Not applicable,1,Open,,0,Not applicable,,0,Not applicable,100467,10015931,7030,,109,71,38,104,36,37.5,,,,,Yes,Yes,,Yes,Yes,,Yes,Yes,,,Not applicable,,,,,Mr,Francis,Gonzalez,Headteacher,5300075787,,,Tudor Rose Building,1 Prebend Street,,London,,N1 8RE,,www.cloudesley.islington.sch.uk,2077048127,,Not applicable,,,,1,Has a sixth form,Has Nursery Classes,2,19,1,Has Special Classes,0,Not applicable,3,Mixed,,1,No boarders,15/01/2026,22/9/2026 00:00:00,E09000019,Islington,E05013710,St Mary's & St James',E14001306,Islington South and Finsbury,UN1,Urban: Nearer to a major town or city,E09000019,531979,183618,E02000571,Islington 018,E01002800,Islington 018E,H,London,0,Does not apply,Does not apply,0,Not applicable,5,Special schools,0,Not applicable,,,Not under a federation,,,,0,Not applicable,,0,Not applicable,,Not applicable,,,Not applicable,,Not applicable,Not applicable,Not applicable,,,Not applicable
Colebrooke School,206,Islington,999,,0,Not applicable,7,Community special school,Not applicable,Not applicable,2,Closed,,0,Not applicable,09/01/1998,0,Not applicable,100468,,7129,,,,,,,,,,,,,,,,,,,,,,,,,,,,,,Headteacher,,,,Colebrooke Row,Islington,,London,,N1 8AF,,,,,Not applicable,,,,0,Not applicable,Not applicable,10,16,1,Has Special Classes,0,Not applicable,3,Mixed,,1,No boarders,,14/11/2018 00:00:00,E09000019,Islington,E05000380,St Peter's,E14000764,Islington South and Finsbury,A1,(England/Wales) Urban major conurbation,E09000019,531766,183453,E02000573,Islington 020,E01002801,Islington 020C,H,London,0,Does not apply,Does not apply,0,Not applicable,5,Special schools,0,Not applicable,,,Not under a federation,,,,0,Not applicable,,0,Not applicable,,Not applicable,,,Not applicable,,Not applicable,Not applicable,Not applicable,,,Not applicable
Samuel Rhodes MLD School,206,Islington,999,,0,Not applicable,7,Community special school,Not applicable,Not applicable,1,Open,,0,Not applicable,,0,Not applicable,100469,10016381,7146,,130,89,41,140,67,72.8,,,,,,,,,,Yes,,,,,Not applicable,,,,,Mrs,Cerys,Normanton,Headteacher,10023218928,,,11 Highbury New Park,,Islington,London,,N5 2EG,,www.samuelrhodes.islington.sch.uk,2077047490,,Not applicable,,,,1,Has a sixth form,Not applicable,11,19,1,Has Special Classes,0,Not applicable,3,Mixed,,1,No boarders,15/01/2026,16/9/2026 00:00:00,E09000019,Islington,E05013709,Mildmay,E14001305,Islington North,UN1,Urban: Nearer to a major town or city,E09000019,531990,185060,E02000562,Islington 009,E01002738,Islington 009A,H,London,0,Does not apply,Does not apply,0,Not applicable,5,Special schools,0,Not applicable,,,Not under a federation,,,,0,Not applicable,,0,Not applicable,,Not applicable,,,Not applicable,,Not applicable,Not applicable,Not applicable,,,Not applicable
Harborough Aut School,206,Islington,999,,0,Not applicable,7,Community special school,Not applicable,Not applicable,2,Closed,,0,Not applicable,31/08/2002,0,Not applicable,100470,,7158,,,,,,,,,,,,,Yes,,,,,,,,,,,,,,Mr,J,Wolgar,Headteacher,5300030657,,,Elthorne Road,Upper Holloway,,London,,N19 4AB,,,,,Not applicable,,,,0,Not applicable,Not applicable,2,19,1,Has Special Classes,0,Not applicable,3,Mixed,,1,No boarders,,14/11/2018 00:00:00,E09000019,Islington,E05000376,Junction,E14000763,Islington North,A1,(England/Wales) Urban major conurbation,E09000019,529551,186862,E02000555,Islington 002,E01002772,Islington 002F,H,London,0,Does not apply,Does not apply,0,Not applicable,5,Special schools,0,Not applicable,,,Not under a federation,,,,0,Not applicable,,0,Not applicable,,Not applicable,,,Not applicable,,Not applicable,Not applicable,Not applicable,,,Not applicable
Rosemary Sld School,206,Islington,999,,0,Not applicable,7,Community special school,Not applicable,Not applicable,2,Closed,,0,Not applicable,31/08/2002,0,Not applicable,100471,,7170,,,,,,,,,,,,,,,,,,Yes,,,,,,,,,Mr,J,Wolger,Headteacher,,,,75 Prebend Street,,,London,,N1 8PW,,,,,Not applicable,,,,0,Not applicable,Not applicable,2,19,1,Has Special Classes,0,Not applicable,3,Mixed,,1,No boarders,,14/11/2018 00:00:00,E09000019,Islington,E05000380,St Peter's,E14000764,Islington South and Finsbury,A1,(England/Wales) Urban major conurbation,E09000019,532288,183851,E02000571,Islington 018,E01002799,Islington 018D,H,London,0,Does not apply,Does not apply,0,Not applicable,5,Special schools,0,Not applicable,,,Not under a federation,,,,0,Not applicable,,0,Not applicable,,Not applicable,,,Not applicable,,Not applicable,Not applicable,Not applicable,,,Not applicable
Golborne & Maxilla Nursery School,207,Kensington and Chelsea,999,,1,Nursery,15,Local authority nursery school,Not applicable,Not applicable,1,Open,,0,Not applicable,,0,Not applicable,100472,10055133,1010,,84,50,34,,20,44.4,,,,,Yes,Yes,,,,,,,,,Resourced provision,20,20,,,Mrs,Dionne,Eastwood,Headteacher,217106061,,,2a Bevington Road,North Kensington,,London,,W10 5TN,,http://www.golborne.rbkc.sch.uk,2089685622,,Not applicable,,,,0,Not applicable,Has Nursery Classes,2,5,1,Has Special Classes,0,Not applicable,3,Mixed,,1,No boarders,15/01/2026,09/09/2026 00:00,E09000020,Kensington and Chelsea,E05009396,Golborne,E14001310,Kensington and Bayswater,UN1,Urban: Nearer to a major town or city,E09000020,524508,181712,E02000577,Kensington and Chelsea 001,E01002855,Kensington and Chelsea 001D,H,London,0,Does not apply,Does not apply,0,Not applicable,4,Local authority maintained schools,0,Not applicable,,,Not under a federation,,,,0,Not applicable,,0,Not applicable,,Not applicable,,,Not applicable,,Not applicable,Not applicable,Not applicable,,,Not applicable
St Anne's & Avondale Park Nursery School,207,Kensington and Chelsea,999,,1,Nursery,15,Local authority nursery school,Not applicable,Not applicable,1,Open,,0,Not applicable,,0,Not applicable,100473,10054143,1021,,40,17,23,,23,57.5,,,,,,,,,,,,,,,,,,,,Mr,Ben,McMullen,Executive Head Teacher,217077267,,,Sirdar Road,,,London,,W11 4EE,,https://st-annes.rbkc.sch.uk/,2077277727,,Not applicable,,,,0,Not applicable,Has Nursery Classes,3,5,0,Not applicable,0,Not applicable,3,Mixed,,1,No boarders,15/01/2026,09/01/2026 00:00,E09000020,Kensington and Chelsea,E05009399,Notting Dale,E14001310,Kensington and Bayswater,UN1,Urban: Nearer to a major town or city,E09000020,524052,180593,E02000581,Kensington and Chelsea 005,E01002870,Kensington and Chelsea 005A,H,London,0,Does not apply,Does not apply,0,Not applicable,4,Local authority maintained schools,0,Not applicable,,,Supported by a federation,15737,Fox Federation,,0,Not applicable,,0,Not applicable,,Not applicable,,,Not applicable,,Not applicable,Not applicable,Not applicable,,,Not applicable
Chelsea Open Air Nursery School,207,Kensington and Chelsea,999,,1,Nursery,15,Local authority nursery school,Not applicable,Not applicable,1,Open,,0,Not applicable,,0,Not applicable,100474,,1053,,69,40,29,,2,6.3,,,,,,,,,,,,,,,,,,,,Ms,Talia,Robinson,Headteacher,217105144,,,51 Glebe Place,Chelsea,,London,,SW3 5JE,,http://www.coans.rbkc.sch.uk,2073528374,,Not applicable,,,,0,Not applicable,Has Nursery Classes,2,5,0,Not applicable,0,Not applicable,3,Mixed,,1,No boarders,15/01/2026,09/08/2026 00:00,E09000020,Kensington and Chelsea,E05009391,Chelsea Riverside,E14001160,Chelsea and Fulham,UN1,Urban: Nearer to a major town or city,E09000020,527203,177835,E02000595,Kensington and Chelsea 019,E01002844,Kensington and Chelsea 019A,H,London,0,Does not apply,Does not apply,0,Not applicable,4,Local authority maintained schools,0,Not applicable,,,Not under a federation,,,,0,Not applicable,,0,Not applicable,,Not applicable,,,Not applicable,,Not applicable,Not applicable,Not applicable,,,Not applicable
Maxilla Nursery School,207,Kensington and Chelsea,999,,1,Nursery,15,Local authority nursery school,Not applicable,Not applicable,2,Closed,01/01/1900,13,Not Recorded,15/06/2023,1,Result of Amalgamation/Merger,100475,,1054,,45,27,18,,10,45.5,,,,,,,,,,,,,,,,,,,,Ms,Veronica,Hilliard,Headteacher,217106061,,,2a Bevington Road,,,London,,W10 5TN,,,,,Not applicable,,,,0,Not applicable,,2,5,9,,0,Not applicable,3,Mixed,,9,,19/01/2023,11/09/2023 00:00,E09000020,Kensington and Chelsea,E05009396,Golborne,E14000768,Kensington,A1,(England/Wales) Urban major conurbation,E09000020,524578,181680,E02000577,Kensington and Chelsea 001,E01002855,Kensington and Chelsea 001D,H,London,0,Does not apply,Does not apply,0,Not applicable,4,Local authority maintained schools,0,Not applicable,,,Not under a federation,,,,0,Not applicable,,0,Not applicable,,Not applicable,,,Not applicable,,Not applicable,Not applicable,Not applicable,,,Not applicable
The Latimer Education Centre/Pupil Referral Unit,207,Kensington and Chelsea,999,,0,Not applicable,14,Pupil referral unit,Not applicable,Not applicable,2,Closed,,0,Not applicable,31/03/2014,10,Academy Converter,100476,10016786,1100,,,,,,,,,,,,,,,,,,,,,,,,,,,Ms,M,Michaud,Headteacher,217117841,,,194 Freston Road,Latimer Road Station,,London,,W10 6TT,,,,,Not applicable,,,,0,Not applicable,Not applicable,5,18,0,Not applicable,0,Not applicable,3,Mixed,,1,No boarders,,14/11/2018 00:00:00,E09000020,Kensington and Chelsea,E05009399,Notting Dale,E14000768,Kensington,A1,(England/Wales) Urban major conurbation,E09000020,523612,180946,E02000579,Kensington and Chelsea 003,E01002877,Kensington and Chelsea 003B,H,London,0,Does not apply,Does not apply,0,Not applicable,4,Local authority maintained schools,0,Not applicable,,,Not applicable,,,,0,Not applicable,,0,Not applicable,,Not applicable,,,Provides places for Teen Mothers,,Does not have child care facilities,PRU Does have Provision for SEN,PRU Does not have EBD provision,60,Does not offer full time provision,PRU does offer tuition by another provider
Ashburnham Community School,207,Kensington and Chelsea,999,,2,Primary,1,Community school,Not applicable,Not applicable,1,Open,,0,Not applicable,,0,Not applicable,100477,10074671,2021,,138,71,67,229,86,62.3,,,,,,,,,,,,,,,Not applicable,,,,,Mr,Jonathan,East,Headteacher,217005388,,,17 Blantyre Street,,,London,,SW10 0DT,,http://ashburnhamcommunityschool.org.uk/,2073525740,,Not applicable,,,,2,Does not have a sixth form,Has Nursery Classes,3,11,2,No Special Classes,0,Not applicable,3,Mixed,,1,No boarders,15/01/2026,09/01/2026 00:00,E09000020,Kensington and Chelsea,E05009391,Chelsea Riverside,E14001160,Chelsea and Fulham,UN1,Urban: Nearer to a major town or city,E09000020,526554,177396,E02000597,Kensington and Chelsea 021,E01002840,Kensington and Chelsea 021A,H,London,0,Does not apply,Does not apply,0,Not applicable,4,Local authority maintained schools,0,Not applicable,,,Supported by a federation,15737,Fox Federation,,0,Not applicable,,0,Not applicable,,Not applicable,,,Not applicable,,Not applicable,Not applicable,Not applicable,,,Not applicable
Barlby Primary School,207,Kensington and Chelsea,999,,2,Primary,1,Community school,Not applicable,Not applicable,1,Open,,0,Not applicable,,0,Not applicable,100478,10072926,2030,,338,184,154,370,180,54.9,,,,,,Yes,,,,,,,,,SEN unit,,,18,18,Mr,Anthony,Mannix,Headteacher,217105360,,,Treverton Street,North Kensington,,London,,W10 6DW,United Kingdom,http://www.barlby.rbkc.sch.uk,2089693988,,Not applicable,,,,2,Does not have a sixth form,Has Nursery Classes,3,11,1,Has Special Classes,0,Not applicable,3,Mixed,,1,No boarders,15/01/2026,17/8/2026 00:00:00,E09000020,Kensington and Chelsea,E05009394,Dalgarno,E14001310,Kensington and Bayswater,UN1,Urban: Nearer to a major town or city,E09000020,523831,181997,E02000578,Kensington and Chelsea 002,E01002905,Kensington and Chelsea 002B,H,London,0,Does not apply,Does not apply,0,Not applicable,4,Local authority maintained schools,0,Not applicable,,,Not under a federation,,,,0,Not applicable,,0,Not applicable,,Not applicable,,,Not applicable,,Not applicable,Not applicable,Not applicable,,,Not applicable
Bevington Primary School,207,Kensington and Chelsea,999,,2,Primary,1,Community school,Not applicable,Not applicable,1,Open,,0,Not applicable,,0,Not applicable,100479,10074670,2050,,221,110,111,341,86,39.8,,,,,,,,,,,,,,,,,,,,Mr,Jagdeep,Birdi,Headteacher,217005088,,,Bevington Road,,,London,,W10 5TW,,http://www.bevington.rbkc.sch.uk,2089690629,,Not applicable,,,,2,Does not have a sixth form,Has Nursery Classes,2,11,2,No Special Classes,0,Not applicable,3,Mixed,,1,No boarders,15/01/2026,09/01/2026 00:00,E09000020,Kensington and Chelsea,E05009396,Golborne,E14001310,Kensington and Bayswater,UN1,Urban: Nearer to a major town or city,E09000020,524414,181794,E02000577,Kensington and Chelsea 001,E01002855,Kensington and Chelsea 001D,H,London,0,Does not apply,Does not apply,0,Not applicable,4,Local authority maintained schools,0,Not applicable,,,Not under a federation,,,,0,Not applicable,,0,Not applicable,,Not applicable,,,Not applicable,,Not applicable,Not applicable,Not applicable,,,Not applicable
Bousfield Primary School,207,Kensington and Chelsea,999,,2,Primary,1,Community school,Not applicable,Not applicable,1,Open,,0,Not applicable,,0,Not applicable,100480,10074669,2060,,434,218,216,450,59,13.6,,,,,,,,,,,,,,,,,,,,Mrs,Jane,Griffiths,Headteacher,217078993,,,South Bolton Gardens,,,London,,SW5 0DJ,,www.bousfieldprimaryschool.co.uk/,2073736544,,Not applicable,,,,2,Does not have a sixth form,Has Nursery Classes,3,11,2,No Special Classes,0,Not applicable,3,Mixed,,1,No boarders,15/01/2026,29/6/2026 00:00:00,E09000020,Kensington and Chelsea,E05009402,Redcliffe,E14001160,Chelsea and Fulham,UN1,Urban: Nearer to a major town or city,E09000020,526029,178368,E02000593,Kensington and Chelsea 017,E01002898,Kensington and Chelsea 017E,H,London,0,Does not apply,Does not apply,0,Not applicable,4,Local authority maintained schools,0,Not applicable,,,Not under a federation,,,,0,Not applicable,,0,Not applicable,,Not applicable,,,Not applicable,,Not applicable,Not applicable,Not applicable,,,Not applicable
Colville Primary School,207,Kensington and Chelsea,999,,2,Primary,1,Community school,Not applicable,Not applicable,1,Open,,0,Not applicable,,0,Not applicable,100481,10070044,2121,,477,250,227,480,130,27.3,,,,,,,,,,,,,,,,,,,,Mr,Jagdeep,Birdi,Headteacher,217120073,,,Lonsdale Road,Portobello Road,,London,,W11 2DF,,http://www.colville.rbkc.sch.uk,2072296540,,Not applicable,,,,2,Does not have a sixth form,Has Nursery Classes,0,11,2,No Special Classes,0,Not applicable,3,Mixed,,1,No boarders,15/01/2026,09/01/2026 00:00,E09000020,Kensington and Chelsea,E05009392,Colville,E14001310,Kensington and Bayswater,UN1,Urban: Nearer to a major town or city,E09000020,524779,181067,E02000580,Kensington and Chelsea 004,E01002832,Kensington and Chelsea 004D,H,London,0,Does not apply,Does not apply,0,Not applicable,4,Local authority maintained schools,0,Not applicable,,,Supported by a federation,17698,Colville and Marlborough Federation,,0,Not applicable,,0,Not applicable,,Not applicable,,,Not applicable,,Not applicable,Not applicable,Not applicable,,,Not applicable
Fox Primary School,207,Kensington and Chelsea,999,,2,Primary,1,Community school,Not applicable,Not applicable,1,Open,,0,Not applicable,,0,Not applicable,100482,10079730,2229,,418,201,217,420,41,9.8,,,,,,,,,,,,,,,,,,,,Ms,Emma,Madden,Headteacher,217045886,,,"Fox Primary School , Kensington Place",,,London,,W8 7PP,,http://www.fox.rbkc.sch.uk,2077277637,,Not applicable,,,,2,Does not have a sixth form,No Nursery Classes,4,11,2,No Special Classes,0,Not applicable,3,Mixed,,1,No boarders,15/01/2026,09/01/2026 00:00,E09000020,Kensington and Chelsea,E05009390,Campden,E14001310,Kensington and Bayswater,UN1,Urban: Nearer to a major town or city,E09000020,525233,180251,E02000584,Kensington and Chelsea 008,E01002827,Kensington and Chelsea 008D,H,London,0,Does not apply,Does not apply,0,Not applicable,4,Local authority maintained schools,0,Not applicable,,,Supported by a federation,15737,Fox Federation,,0,Not applicable,,0,Not applicable,,Not applicable,,,Not applicable,,Not applicable,Not applicable,Not applicable,,,Not applicable
Marlborough Primary School,207,Kensington and Chelsea,999,,2,Primary,1,Community school,Not applicable,Not applicable,1,Open,,0,Not applicable,,0,Not applicable,100483,10072925,2399,,466,244,222,510,115,24.7,,,,,,Yes,,,,,,,,,Resourced provision and SEN unit,8,8,12,12,Mr,Jagdeep,Birdi,Headteacher,217128855,,,Draycott Avenue,,,London,,SW3 3AP,,http://www.marlborough.rbkc.sch.uk,2075898553,,Not applicable,,,,2,Does not have a sixth form,Has Nursery Classes,0,11,1,Has Special Classes,0,Not applicable,3,Mixed,,1,No boarders,15/01/2026,09/01/2026 00:00,E09000020,Kensington and Chelsea,E05009389,Brompton & Hans Town,E14001310,Kensington and Bayswater,UN1,Urban: Nearer to a major town or city,E09000020,527415,178681,E02000590,Kensington and Chelsea 014,E01002858,Kensington and Chelsea 014C,H,London,0,Does not apply,Does not apply,0,Not applicable,4,Local authority maintained schools,0,Not applicable,,,Supported by a federation,17698,Colville and Marlborough Federation,,0,Not applicable,,0,Not applicable,,Not applicable,,,Not applicable,,Not applicable,Not applicable,Not applicable,,,Not applicable
Middle Row Primary School,207,Kensington and Chelsea,999,,2,Primary,1,Community school,Not applicable,Not applicable,2,Closed,,0,Not applicable,31/08/2013,6,For Academy,100484,,2416,,,,,315,,,,,,,,,,,,,,,,,,,,,,Mr,Dominic,Smith,Headteacher,,,,Kensal Road,,,London,,W10 5DB,,,,,Not applicable,,,,2,Does not have a sixth form,Has Nursery Classes,3,11,2,No Special Classes,0,Not applicable,3,Mixed,,1,No boarders,,14/11/2018 00:00:00,E09000020,Kensington and Chelsea,E05009396,Golborne,E14000768,Kensington,A1,(England/Wales) Urban major conurbation,E09000020,524136,182280,E02000577,Kensington and Chelsea 001,E01002852,Kensington and Chelsea 001A,H,London,0,Does not apply,Does not apply,0,Not applicable,4,Local authority maintained schools,0,Not applicable,,,Not under a federation,,,,0,Not applicable,,0,Not applicable,,Not applicable,,,Not applicable,,Not applicable,Not applicable,Not applicable,,,Not applicable
Oxford Gardens Primary School,207,Kensington and Chelsea,999,,2,Primary,1,Community school,Not applicable,Not applicable,1,Open,,0,Not applicable,,0,Not applicable,100485,10074668,2452,,226,117,109,420,139,61.5,,,,,,Yes,,,,,,,,,SEN unit,,,16,16,Ms,Lauren,Potter,Headteacher,217063368,,,Oxford Gardens,,,London,,W10 6NF,,http://www.oxfordgardens.rbkc.sch.uk,2089691997,,Not applicable,,,,2,Does not have a sixth form,Has Nursery Classes,3,11,2,No Special Classes,0,Not applicable,3,Mixed,,1,No boarders,15/01/2026,09/10/2026 00:00,E09000020,Kensington and Chelsea,E05009404,St. Helen's,E14001310,Kensington and Bayswater,UN1,Urban: Nearer to a major town or city,E09000020,523676,181272,E02000579,Kensington and Chelsea 003,E01002878,Kensington and Chelsea 003C,H,London,0,Does not apply,Does not apply,0,Not applicable,4,Local authority maintained schools,0,Not applicable,,,Not under a federation,,,,0,Not applicable,,0,Not applicable,,Not applicable,,,Not applicable,,Not applicable,Not applicable,Not applicable,,,Not applicable
Park Walk Primary School,207,Kensington and Chelsea,999,,2,Primary,1,Community school,Not applicable,Not applicable,1,Open,,0,Not applicable,,0,Not applicable,100486,10074667,2456,,192,93,99,236,68,36.4,,,,,,,,,,,,,,,,,,,,Mrs,Kate,Webster,Headteacher,217064767,,,Park Walk,King's Road,Chelsea,London,,SW10 0AY,,http://www.parkwalk.rbkc.sch.uk,2073528700,,Not applicable,,,,2,Does not have a sixth form,Has Nursery Classes,3,11,2,No Special Classes,0,Not applicable,3,Mixed,,1,No boarders,15/01/2026,09/12/2026 00:00,E09000020,Kensington and Chelsea,E05009405,Stanley,E14001160,Chelsea and Fulham,UN1,Urban: Nearer to a major town or city,E09000020,526612,177707,E02000596,Kensington and Chelsea 020,E01002912,Kensington and Chelsea 020E,H,London,0,Does not apply,Does not apply,0,Not applicable,4,Local authority maintained schools,0,Not applicable,,,Supported by a federation,15737,Fox Federation,,0,Not applicable,,0,Not applicable,,Not applicable,,,Not applicable,,Not applicable,Not applicable,Not applicable,,,Not applicable
Avondale Park Primary School,207,Kensington and Chelsea,999,,2,Primary,1,Community school,Not applicable,Not applicable,1,Open,,0,Not applicable,,0,Not applicable,100487,10074666,2538,,288,156,132,420,140,48.6,,,,,,,,,,,,,,,,,,,,Mr,Ben,McMullen,Headteacher,217077267,,,Sirdar Road,,,London,,W11 4EE,,http://www.avondalepark.rbkc.sch.uk,2077277727,,Not applicable,,,,2,Does not have a sixth form,No Nursery Classes,3,11,2,No Special Classes,0,Not applicable,3,Mixed,,1,No boarders,15/01/2026,09/01/2026 00:00,E09000020,Kensington and Chelsea,E05009399,Notting Dale,E14001310,Kensington and Bayswater,UN1,Urban: Nearer to a major town or city,E09000020,524052,180593,E02000581,Kensington and Chelsea 005,E01002870,Kensington and Chelsea 005A,H,London,0,Does not apply,Does not apply,0,Not applicable,4,Local authority maintained schools,0,Not applicable,,,Supported by a federation,15737,Fox Federation,,0,Not applicable,,0,Not applicable,,Not applicable,,,Not applicable,,Not applicable,Not applicable,Not applicable,,,Not applicable
Thomas Jones Primary School,207,Kensington and Chelsea,999,,2,Primary,1,Community school,Not applicable,Not applicable,1,Open,,0,Not applicable,,0,Not applicable,100488,10074665,2594,,237,114,123,210,84,35.4,,,,,,,,,,,,,,,,,,,,Mr,David,Sellens,Headteacher,217081711,,,St Mark's Road,,,London,,W11 1RQ,,http://www.thomasjonesschool.org,2077271423,,Not applicable,,,,2,Does not have a sixth form,Has Nursery Classes,3,11,2,No Special Classes,0,Not applicable,3,Mixed,,1,No boarders,15/01/2026,09/01/2026 00:00,E09000020,Kensington and Chelsea,E05009398,Norland,E14001310,Kensington and Bayswater,UN1,Urban: Nearer to a major town or city,E09000020,524214,181162,E02000583,Kensington and Chelsea 007,E01002874,Kensington and Chelsea 007D,H,London,0,Does not apply,Does not apply,0,Not applicable,4,Local authority maintained schools,0,Not applicable,,,Not under a federation,,,,0,Not applicable,,0,Not applicable,,Not applicable,,,Not applicable,,Not applicable,Not applicable,Not applicable,,,Not applicable
Christ Church CofE Primary School,207,Kensington and Chelsea,999,,2,Primary,2,Voluntary aided school,Not applicable,Not applicable,1,Open,,0,Not applicable,,0,Not applicable,100489,10074732,3321,,204,100,104,210,21,10.3,,,,,,,,,,,,,,,,,,,,Mrs,Avis,Hawkins,Headteacher,217014914,,,1 Robinson Street,,,London,,SW3 4AA,,http://www.ccht.rbkc.sch.uk,2073525708,,Not applicable,,,,2,Does not have a sixth form,No Nursery Classes,4,11,2,No Special Classes,0,Not applicable,3,Mixed,,1,No boarders,15/01/2026,09/09/2026 00:00,E09000020,Kensington and Chelsea,E05009403,Royal Hospital,E14001160,Chelsea and Fulham,UN1,Urban: Nearer to a major town or city,E09000020,527556,177871,E02000594,Kensington and Chelsea 018,E01002899,Kensington and Chelsea 018A,H,London,2,Church of England,Does not apply,CE23,Diocese of London,4,Local authority maintained schools,0,Not applicable,,,Supported by a federation,17381,Federation of Christ Church and Holy Trinity Church of England Primary Schools,,0,Not applicable,,0,Not applicable,,Not applicable,,,Not applicable,,Not applicable,Not applicable,Not applicable,,,Not applicable
Holy Trinity CofE Primary School,207,Kensington and Chelsea,999,,2,Primary,2,Voluntary aided school,Not applicable,Not applicable,1,Open,,0,Not applicable,,0,Not applicable,100490,10079298,3356,,204,93,111,210,62,30.4,,,,,,,,,,,,,,,,,,,,Mrs,A,Hawkins,Acting Headteacher,217076472,,,Sedding Street,Sloane Square,,London,,SW1X 9DE,,http://www.ccht.rbkc.sch.uk,2078819860,,Not applicable,,,,2,Does not have a sixth form,No Nursery Classes,4,11,2,No Special Classes,0,Not applicable,3,Mixed,,1,No boarders,15/01/2026,09/02/2026 00:00,E09000020,Kensington and Chelsea,E05009403,Royal Hospital,E14001160,Chelsea and Fulham,UN1,Urban: Nearer to a major town or city,E09000020,528059,178778,E02000588,Kensington and Chelsea 012,E01002859,Kensington and Chelsea 012C,H,London,2,Church of England,Does not apply,CE23,Diocese of London,4,Local authority maintained schools,0,Not applicable,,,Supported by a federation,17381,Federation of Christ Church and Holy Trinity Church of England Primary Schools,,0,Not applicable,,0,Not applicable,,Not applicable,,,Not applicable,,Not applicable,Not applicable,Not applicable,,,Not applicable
Oratory Roman Catholic Primary School,207,Kensington and Chelsea,999,,2,Primary,2,Voluntary aided school,Not applicable,Not applicable,1,Open,,0,Not applicable,,0,Not applicable,100491,10075989,3379,,210,115,95,210,16,7.6,,,,,,,,,,,,,,,Not applicable,,,,,Mrs,A,Steinart,Headteacher,217008260,,,Bury Walk,Cale Street,Chelsea,London,,SW3 6QH,,http://www.oratory.rbkc.sch.uk,2075895900,,Not applicable,,,,2,Does not have a sixth form,No Nursery Classes,5,11,2,No Special Classes,0,Not applicable,3,Mixed,,1,No boarders,15/01/2026,29/6/2026 00:00:00,E09000020,Kensington and Chelsea,E05009405,Stanley,E14001160,Chelsea and Fulham,UN1,Urban: Nearer to a major town or city,E09000020,527141,178427,E02000590,Kensington and Chelsea 014,E01002823,Kensington and Chelsea 014B,H,London,3,Roman Catholic,Does not apply,RC01,Archdiocese of Westminster,4,Local authority maintained schools,0,Not applicable,,,Not under a federation,,,,0,Not applicable,,0,Not applicable,,Not applicable,,,Not applicable,,Not applicable,Not applicable,Not applicable,,,Not applicable
St Thomas' CofE Primary School,207,Kensington and Chelsea,999,,2,Primary,2,Voluntary aided school,Not applicable,Not applicable,1,Open,,0,Not applicable,,0,Not applicable,100492,10079297,3402,,200,101,99,236,108,56.3,,,,,,,,,,,,,,,,,,,,Ms,Rebecca,Hughes,Headteacher,217120632,,,Appleford Road,North Kensington,,London,,W10 5EF,,https://www.stfed.rbkc.sch.uk,2089692810,,Not applicable,,,,2,Does not have a sixth form,Has Nursery Classes,3,11,2,No Special Classes,0,Not applicable,3,Mixed,,1,No boarders,15/01/2026,09/01/2026 00:00,E09000020,Kensington and Chelsea,E05009396,Golborne,E14001310,Kensington and Bayswater,UN1,Urban: Nearer to a major town or city,E09000020,524351,182075,E02000577,Kensington and Chelsea 001,E01002857,Kensington and Chelsea 001E,H,London,2,Church of England,Does not apply,CE23,Diocese of London,4,Local authority maintained schools,0,Not applicable,,,Supported by a federation,17844,LifeFull Schools Federation,,0,Not applicable,,0,Not applicable,,Not applicable,,,Not applicable,,Not applicable,Not applicable,Not applicable,,,Not applicable
St Barnabas and St Philip's CofE Primary School,207,Kensington and Chelsea,999,,2,Primary,2,Voluntary aided school,Not applicable,Not applicable,1,Open,,0,Not applicable,,0,Not applicable,100493,10076252,3417,,220,104,116,210,49,23.4,,,,,,,,,,,,,,,,,,,,Miss,Rebecca,Timms,Headteacher,217025972,,,58 Earls Court Road,Kensington,,London,,W8 6EJ,,http://www.sbsp.rbkc.sch.uk,2079379599,,Not applicable,,,,2,Does not have a sixth form,Has Nursery Classes,3,11,2,No Special Classes,0,Not applicable,3,Mixed,,1,No boarders,15/01/2026,09/01/2026 00:00,E09000020,Kensington and Chelsea,E05009388,Abingdon,E14001310,Kensington and Bayswater,UN1,Urban: Nearer to a major town or city,E09000020,525153,179172,E02000587,Kensington and Chelsea 011,E01002817,Kensington and Chelsea 011D,H,London,2,Church of England,Does not apply,CE23,Diocese of London,4,Local authority maintained schools,0,Not applicable,,,Not under a federation,,,,0,Not applicable,,0,Not applicable,,Not applicable,,,Not applicable,,Not applicable,Not applicable,Not applicable,,,Not applicable
Saint Francis of Assisi Catholic Primary School,207,Kensington and Chelsea,999,,2,Primary,2,Voluntary aided school,Not applicable,Not applicable,1,Open,,0,Not applicable,,0,Not applicable,100494,10075988,3437,,194,102,92,315,93,47.9,,,,,,,,,,,,,,,,,,,,Mrs,Kathleen,Williams,Executive Headteacher,217087230,,,Treadgold Street,Notting Hill,,London,,W11 4BJ,,http://www.stfrancisofassisi.org.uk,2077278523,,Not applicable,,,,2,Does not have a sixth form,Has Nursery Classes,3,11,2,No Special Classes,0,Not applicable,3,Mixed,,1,No boarders,15/01/2026,09/01/2026 00:00,E09000020,Kensington and Chelsea,E05009399,Notting Dale,E14001310,Kensington and Bayswater,UN1,Urban: Nearer to a major town or city,E09000020,523827,180762,E02000581,Kensington and Chelsea 005,E01002870,Kensington and Chelsea 005A,H,London,3,Roman Catholic,Does not apply,RC01,Archdiocese of Westminster,4,Local authority maintained schools,0,Not applicable,,,Not under a federation,,,,0,Not applicable,,0,Not applicable,,Not applicable,,,Not applicable,,Not applicable,Not applicable,Not applicable,,,Not applicable
St Clement and St James CofE Primary School,207,Kensington and Chelsea,999,,2,Primary,2,Voluntary aided school,Not applicable,Not applicable,1,Open,,0,Not applicable,,0,Not applicable,100495,10079296,3455,,123,67,56,150,60,48.8,,,,,,,,,,,,,,,,,,,,Ms,Rebecca,Hughes,Headteacher,217067493,,,Penzance Place,,,London,,W11 4PG,,https://www.stfed.rbkc.sch.uk,2076039225,,Not applicable,,,,2,Does not have a sixth form,No Nursery Classes,4,11,2,No Special Classes,0,Not applicable,3,Mixed,,1,No boarders,15/01/2026,09/01/2026 00:00,E09000020,Kensington and Chelsea,E05009398,Norland,E14001310,Kensington and Bayswater,UN1,Urban: Nearer to a major town or city,E09000020,524226,180422,E02000581,Kensington and Chelsea 005,E01002872,Kensington and Chelsea 005B,H,London,2,Church of England,Does not apply,CE23,Diocese of London,4,Local authority maintained schools,0,Not applicable,,,Supported by a federation,17844,LifeFull Schools Federation,,0,Not applicable,,0,Not applicable,,Not applicable,,,Not applicable,,Not applicable,Not applicable,Not applicable,,,Not applicable
St Joseph's Catholic Primary School,207,Kensington and Chelsea,999,,2,Primary,2,Voluntary aided school,Not applicable,Not applicable,2,Closed,01/01/1900,0,Not applicable,31/08/2021,10,Academy Converter,100496,10075987,3477,,216,104,112,238,31,14.6,,,,,,,,,,,,,,,,,,,,Mrs,Karen,Wyatt,Headteacher,217107976,,,Cadogan Street,,,London,,SW3 2QT,,,,,Not applicable,,,,2,Does not have a sixth form,Has Nursery Classes,3,11,2,No Special Classes,0,Not applicable,3,Mixed,,1,No boarders,21/01/2021,28/10/2024 00:00:00,E09000020,Kensington and Chelsea,E05009403,Royal Hospital,E14000629,Chelsea and Fulham,A1,(England/Wales) Urban major conurbation,E09000020,527685,178707,E02000588,Kensington and Chelsea 012,E01002860,Kensington and Chelsea 012D,H,London,3,Roman Catholic,Does not apply,RC01,Archdiocese of Westminster,4,Local authority maintained schools,0,Not applicable,,,Not under a federation,,,,0,Not applicable,,0,Not applicable,,Not applicable,,,Not applicable,,Not applicable,Not applicable,Not applicable,,,Not applicable
St Mary Abbots CofE Primary School,207,Kensington and Chelsea,999,,2,Primary,2,Voluntary aided school,Not applicable,Not applicable,1,Open,,0,Not applicable,,0,Not applicable,100497,10076251,3504,,160,76,84,210,24,15,,,,,,,,,,,,,,,,,,,,Mrs,Felicity,Djerehe,Headteacher,217043077,,,2 Kensington Church Court,Kensington,,London,,W8 4SP,,http://www.sma.rbkc.sch.uk,2079370740,,Not applicable,,,,2,Does not have a sixth form,No Nursery Classes,4,11,2,No Special Classes,0,Not applicable,3,Mixed,,1,No boarders,15/01/2026,17/9/2026 00:00:00,E09000020,Kensington and Chelsea,E05009390,Campden,E14001310,Kensington and Bayswater,UN1,Urban: Nearer to a major town or city,E09000020,525573,179680,E02000584,Kensington and Chelsea 008,E01002826,Kensington and Chelsea 008C,H,London,2,Church of England,Does not apply,CE23,Diocese of London,4,Local authority maintained schools,0,Not applicable,,,Not under a federation,,,,0,Not applicable,,0,Not applicable,,Not applicable,,,Not applicable,,Not applicable,Not applicable,Not applicable,,,Not applicable
St Cuthbert with St Matthias CofE Primary School,207,Kensington and Chelsea,999,,2,Primary,2,Voluntary aided school,Not applicable,Not applicable,2,Closed,01/01/1900,0,Not applicable,31/10/2025,2,Closure,100498,10079295,3541,,103,62,41,244,41,40.6,,,,,,,,,,,,,,,,,,,,Miss,Charlotte,Fautley,Headteacher,217090436,,,Warwick Road,Earls Court,,London,,SW5 9UE,,,,,Not applicable,,,,2,Does not have a sixth form,Has Nursery Classes,2,11,2,No Special Classes,0,Not applicable,3,Mixed,,1,No boarders,16/01/2025,31/10/2025 00:00:00,E09000020,Kensington and Chelsea,E05009395,Earl's Court,E14001310,Kensington and Bayswater,UN1,Urban: Nearer to a major town or city,E09000020,525509,178268,E02000593,Kensington and Chelsea 017,E01002846,Kensington and Chelsea 017A,H,London,2,Church of England,Does not apply,CE23,Diocese of London,4,Local authority maintained schools,0,Not applicable,,,Not under a federation,,,,0,Not applicable,,0,Not applicable,,Not applicable,,,Not applicable,,Not applicable,Not applicable,Not applicable,,,Not applicable
Saint Mary's Catholic Primary School,207,Kensington and Chelsea,999,,2,Primary,2,Voluntary aided school,Not applicable,Not applicable,1,Open,,0,Not applicable,,0,Not applicable,100499,10075986,3542,,160,69,91,380,79,51.3,,,,,,,,,,,,,,,,,,,,Ms,Geraldine,Hampton,Headteacher,217026932,,,East Row,North Kensington,,London,,W10 5AW,,http://www.st-marys.rbkc.sch.uk,2089690321,,Not applicable,,,,2,Does not have a sixth form,Has Nursery Classes,3,11,2,No Special Classes,0,Not applicable,3,Mixed,,1,No boarders,15/01/2026,09/01/2026 00:00,E09000020,Kensington and Chelsea,E05009396,Golborne,E14001310,Kensington and Bayswater,UN1,Urban: Nearer to a major town or city,E09000020,524221,182203,E02000577,Kensington and Chelsea 001,E01002852,Kensington and Chelsea 001A,H,London,3,Roman Catholic,Does not apply,RC01,Archdiocese of Westminster,4,Local authority maintained schools,0,Not applicable,,,Supported by a federation,17492,St Charles and St Mary's Catholic Primary Schools Federation,,0,Not applicable,,0,Not applicable,,Not applicable,,,Not applicable,,Not applicable,Not applicable,Not applicable,,,Not applicable
Servite RC Primary School,207,Kensington and Chelsea,999,,2,Primary,2,Voluntary aided school,Not applicable,Not applicable,1,Open,,0,Not applicable,,0,Not applicable,100500,10075985,3613,,208,100,108,240,44,21.2,,,,,,,,,,,,,,,,,,,,Ms,Kathleen,Williams,Executive Headteacher,217033428,,,252 Fulham Road,,,London,,SW10 9NA,,www.serviteprimaryschool.co.uk/,2073522588,,Not applicable,,,,2,Does not have a sixth form,Has Nursery Classes,3,11,2,No Special Classes,0,Not applicable,3,Mixed,,1,No boarders,15/01/2026,09/01/2026 00:00,E09000020,Kensington and Chelsea,E05009402,Redcliffe,E14001160,Chelsea and Fulham,UN1,Urban: Nearer to a major town or city,E09000020,526204,177810,E02000596,Kensington and Chelsea 020,E01002896,Kensington and Chelsea 020C,H,London,3,Roman Catholic,Does not apply,RC01,Archdiocese of Westminster,4,Local authority maintained schools,0,Not applicable,,,Not under a federation,,,,0,Not applicable,,0,Not applicable,,Not applicable,,,Not applicable,,Not applicable,Not applicable,Not applicable,,,Not applicable
Holland Park School,207,Kensington and Chelsea,999,,4,Secondary,1,Community school,Not applicable,Not applicable,2,Closed,,0,Not applicable,31/08/2013,10,Academy Converter,100501,10003120,4320,,,,,1557,,,,,,,,,,,,,,,,,,,,,,Mr,Colin,Hall,Headteacher,217126493,,,Airlie Gardens,Campden Hill Road,,London,,W8 7AF,,,,,Not applicable,,,,1,Has a sixth form,No Nursery Classes,11,18,2,No Special Classes,4,Non-selective,3,Mixed,,1,No boarders,,14/11/2018 00:00:00,E09000020,Kensington and Chelsea,E05009390,Campden,E14000768,Kensington,A1,(England/Wales) Urban major conurbation,E09000020,524948,179954,E02000584,Kensington and Chelsea 008,E01002825,Kensington and Chelsea 008B,H,London,0,Does not apply,Does not apply,0,Not applicable,4,Local authority maintained schools,0,Not applicable,,,Not under a federation,,,,0,Not applicable,,0,Not applicable,,Not applicable,,,Not applicable,,Not applicable,Not applicable,Not applicable,,,Not applicable
Saint Thomas More Language College,207,Kensington and Chelsea,999,,4,Secondary,2,Voluntary aided school,Not applicable,Not applicable,2,Closed,,0,Not applicable,31/08/2024,10,Academy Converter,100502,10017544,4681,,609,347,262,597,222,36.6,,,,,,,,,,,,,,,,,,,,Dr,T,Papworth,Headteacher,217009720,,,Cadogan Street,,,London,,SW3 2QS,,,,,Not applicable,,,,2,Does not have a sixth form,No Nursery Classes,11,16,2,No Special Classes,4,Non-selective,3,Mixed,,1,No boarders,18/01/2024,31/8/2024 00:00:00,E09000020,Kensington and Chelsea,E05009403,Royal Hospital,E14001160,Chelsea and Fulham,A1,(England/Wales) Urban major conurbation,E09000020,527685,178707,E02000590,Kensington and Chelsea 014,E01002861,Kensington and Chelsea 014D,H,London,3,Roman Catholic,Does not apply,RC01,Archdiocese of Westminster,4,Local authority maintained schools,0,Not applicable,,,Not under a federation,,,,0,Not applicable,,0,Not applicable,,Not applicable,,,Not applicable,,Not applicable,Not applicable,Not applicable,,,Not applicable
All Saints Catholic College,207,Kensington and Chelsea,999,,4,Secondary,2,Voluntary aided school,Not applicable,Not applicable,1,Open,,0,Not applicable,,0,Not applicable,100503,10017353,4801,,898,466,432,900,399,44.5,,,Yes,Yes,Yes,Yes,Yes,Yes,Yes,Yes,,Yes,Yes,Yes,Resourced provision,12,12,,,Mr,Andrew,O'Neill,Headteacher,217080195,,,75 St Charles Square,,,London,,W10 6EL,,http://www.allsaintscc.org.uk,2089697111,,Not applicable,,,,2,Does not have a sixth form,No Nursery Classes,11,16,0,Not applicable,4,Non-selective,3,Mixed,,1,No boarders,15/01/2026,29/6/2026 00:00:00,E09000020,Kensington and Chelsea,E05009404,St. Helen's,E14001310,Kensington and Bayswater,UN1,Urban: Nearer to a major town or city,E09000020,523952,181650,E02000578,Kensington and Chelsea 002,E01002905,Kensington and Chelsea 002B,H,London,35,Catholic,Does not apply,RC01,Archdiocese of Westminster,4,Local authority maintained schools,0,Not applicable,,,Not under a federation,,,,0,Not applicable,,0,Not applicable,,Not applicable,,,Not applicable,,Not applicable,Not applicable,Not applicable,,,Not applicable
Our Lady of Victories RC Primary School,207,Kensington and Chelsea,999,,2,Primary,2,Voluntary aided school,Not applicable,Not applicable,2,Closed,,0,Not applicable,31/03/2025,10,Academy Converter,100504,10075984,5200,,169,75,94,210,23,13.6,,,,,,,,,,,,,,,,,,,,Mrs,Karen,Wyatt,Headteacher,217016194,,,Clareville Street,Kensington and Chelsea,Our Lady of Victories Primary School,London,,SW7 5AQ,,,,,Not applicable,,,,2,Does not have a sixth form,No Nursery Classes,4,11,2,No Special Classes,0,Not applicable,3,Mixed,,1,No boarders,16/01/2025,07/07/2025 00:00,E09000020,Kensington and Chelsea,E05009393,Courtfield,E14001310,Kensington and Bayswater,A1,(England/Wales) Urban major conurbation,E09000020,526486,178667,E02000592,Kensington and Chelsea 016,E01002835,Kensington and Chelsea 016C,H,London,3,Roman Catholic,Does not apply,RC01,Archdiocese of Westminster,4,Local authority maintained schools,0,Not applicable,,,Not under a federation,,,,0,Not applicable,,0,Not applicable,,Not applicable,,,Not applicable,,Not applicable,Not applicable,Not applicable,,,Not applicable
St Charles Catholic Primary School,207,Kensington and Chelsea,999,,2,Primary,2,Voluntary aided school,Not applicable,Not applicable,1,Open,,0,Not applicable,,0,Not applicable,100505,10037956,5201,,220,116,104,330,96,44.9,,,,,,,,,,,,,,,,,,,,Ms,G,Hampton,Head,217080199,,,83 St Charles Square,,,London,,W10 6EB,,http://www.st-charles.rbkc.sch.uk,2089695566,,Not applicable,,,,2,Does not have a sixth form,Has Nursery Classes,3,11,2,No Special Classes,0,Not applicable,3,Mixed,,1,No boarders,15/01/2026,29/6/2026 00:00:00,E09000020,Kensington and Chelsea,E05009404,St. Helen's,E14001310,Kensington and Bayswater,UN1,Urban: Nearer to a major town or city,E09000020,523928,181778,E02000578,Kensington and Chelsea 002,E01002905,Kensington and Chelsea 002B,H,London,3,Roman Catholic,Does not apply,RC01,Archdiocese of Westminster,4,Local authority maintained schools,0,Not applicable,,,Supported by a federation,17492,St Charles and St Mary's Catholic Primary Schools Federation,,0,Not applicable,,0,Not applicable,,Not applicable,,,Not applicable,,Not applicable,Not applicable,Not applicable,,,Not applicable
The Cardinal Vaughan Memorial RC School,207,Kensington and Chelsea,999,,4,Secondary,2,Voluntary aided school,Not applicable,Not applicable,2,Closed,,0,Not applicable,31/03/2015,10,Academy Converter,100506,10000002,5402,,,,,922,,,,,,,,,,,,,,,,,,,,,,Mr,Paul,Stubbings,Headmaster,217107617,,,89 Addison Road,,,London,,W14 8BZ,,,,,Not applicable,,,,1,Has a sixth form,No Nursery Classes,11,18,2,No Special Classes,4,Non-selective,1,Boys,,1,No boarders,,18/10/2018 00:00:00,E09000020,Kensington and Chelsea,E05009397,Holland,E14000768,Kensington,A1,(England/Wales) Urban major conurbation,E09000020,524213,179844,E02000585,Kensington and Chelsea 009,E01002869,Kensington and Chelsea 009E,H,London,3,Roman Catholic,Does not apply,RC01,Archdiocese of Westminster,4,Local authority maintained schools,0,Not applicable,,,Not under a federation,,,,0,Not applicable,,0,Not applicable,,Not applicable,,,Not applicable,,Not applicable,Not applicable,Not applicable,,,Not applicable
Redcliffe Gardens School,207,Kensington and Chelsea,999,,0,Not applicable,11,Other independent school,Not applicable,Not approved,2,Closed,01/01/1951,0,Not applicable,07/05/2023,2,Closure,100507,10075190,6003,,74,32,42,186,0,0,0,9,,,,,,,,,,,,,Not applicable,,,,,Mrs,Sarah,Glencross,Headteacher,217073357,The Godolphin and Latymer School Foundation,,47 Redcliffe Gardens,,,London,,SW10 9JH,,,,ISI,Not applicable,,,,2,Does not have a sixth form,Has Nursery Classes,3,11,2,No Special Classes,4,Non-selective,3,Mixed,Does not have boarders,1,No boarders,20/01/2022,26/9/2023 00:00:00,E09000020,Kensington and Chelsea,E05009402,Redcliffe,E14000629,Chelsea and Fulham,A1,(England/Wales) Urban major conurbation,E09000020,526010,177915,E02000596,Kensington and Chelsea 020,E01002896,Kensington and Chelsea 020C,H,London,6,None,Inter- / non- denominational,0,Not applicable,3,Independent schools,0,Not applicable,,,Not applicable,,,,0,Not applicable,,0,Not applicable,,Not applicable,,,Not applicable,,Not applicable,Not applicable,Not applicable,,Not applicable,Not applicable
Glendower Preparatory School,207,Kensington and Chelsea,999,,0,Not applicable,11,Other independent school,Not applicable,Not approved,1,Open,01/01/1952,0,Not applicable,,0,Not applicable,100508,10075162,6004,,292,0,292,310,,,0,53,,,,,,,,,,,,,,,,,,Ms,Claire,Boyd,Headmistress,217104805,Glendower School Trust Ltd,,86/87 Queen's Gate,South Kensington,,London,,SW7 5JX,,www.glendowerprep.org,2073701927,ISI,Not applicable,,,,2,Does not have a sixth form,Has Nursery Classes,2,11,2,No Special Classes,2,Selective,2,Girls,Does not have boarders,1,No boarders,18/01/2024,24/9/2026 00:00:00,E09000020,Kensington and Chelsea,E05009393,Courtfield,E14001310,Kensington and Bayswater,UN1,Urban: Nearer to a major town or city,E09000020,526502,178797,E02000592,Kensington and Chelsea 016,E01002835,Kensington and Chelsea 016C,H,London,6,None,None,0,Not applicable,3,Independent schools,0,Not applicable,,,Not applicable,,,,0,Not applicable,,0,Not applicable,,Not applicable,,,Not applicable,,Not applicable,Not applicable,Not applicable,,,Not applicable
Kensington Prep School GDST,205,Hammersmith and Fulham,999,,0,Not applicable,11,Other independent school,Not applicable,Not approved,1,Open,01/01/1948,0,Not applicable,,0,Not applicable,100509,10075161,6392,,300,0,300,300,,,0,24,,,,,,,,,,,,,,,,,,Mrs,Rachel,Floyd,Headteacher,34041254,Girls' Day School Trust,,596 Fulham Road,London,,,,SW6 5PA,United Kingdom,https://www.kensingtonprep.gdst.net/,2077319300,ISI,Not applicable,,,,2,Does not have a sixth form,No Nursery Classes,4,11,2,No Special Classes,0,Not applicable,2,Girls,Does not have boarders,1,No boarders,18/01/2024,18/8/2026 00:00:00,E09000013,Hammersmith and Fulham,E05013739,Fulham Town,E14001160,Chelsea and Fulham,UN1,Urban: Nearer to a major town or city,E09000013,524946,176910,E02000392,Hammersmith and Fulham 021,E01001950,Hammersmith and Fulham 021D,H,London,6,None,None,0,Not applicable,3,Independent schools,0,Not applicable,,,Not applicable,,,,0,Not applicable,,0,Not applicable,,Not applicable,,,Not applicable,,Not applicable,Not applicable,Not applicable,,,Not applicable
Norland Place School,207,Kensington and Chelsea,999,,0,Not applicable,11,Other independent school,Not applicable,Not approved,1,Open,01/01/1921,0,Not applicable,,0,Not applicable,100510,10072290,6025,,237,103,134,256,,,19,0,,,,,,,,,,,,,,,,,,Mr,Patrick,Mattar,Headteacher,10092770992,Norland Place School Limited,,162-166 Holland Park Avenue,,,London,,W11 4UH,,https://www.norlandplace.com/,2076039103,ISI,Not applicable,,,,2,Does not have a sixth form,No Nursery Classes,4,11,2,No Special Classes,4,Non-selective,3,Mixed,Does not have boarders,1,No boarders,18/01/2024,23/9/2026 00:00:00,E09000020,Kensington and Chelsea,E05009398,Norland,E14001310,Kensington and Bayswater,UN1,Urban: Nearer to a major town or city,E09000020,524211,180097,E02000583,Kensington and Chelsea 007,E01002873,Kensington and Chelsea 007C,H,London,6,None,None,0,Not applicable,3,Independent schools,0,Not applicable,,,Not applicable,,,,0,Not applicable,,0,Not applicable,,Not applicable,,,Not applicable,,Not applicable,Not applicable,Not applicable,,,Not applicable
Queen's Gate School,207,Kensington and Chelsea,999,,0,Not applicable,11,Other independent school,Not applicable,Not approved,1,Open,01/01/1920,0,Not applicable,,0,Not applicable,100511,10008448,6026,,371,0,371,540,,,0,131,,,,,,,,,,,,,,,,,,Miss,Amy,Wallace,Headteacher,1.00E+11,Queens Gate School Trust Ltd,,133 Queen's Gate,Kensington,,London,,SW7 5LE,,https://www.queensgate.org.uk/,2075893587,ISI,Not applicable,,,,1,Has a sixth form,No Nursery Classes,4,19,2,No Special Classes,0,Not applicable,2,Girls,Does not have boarders,1,No boarders,18/01/2024,23/7/2026 00:00:00,E09000020,Kensington and Chelsea,E05009393,Courtfield,E14001310,Kensington and Bayswater,UN1,Urban: Nearer to a major town or city,E09000020,526555,178883,E02000592,Kensington and Chelsea 016,E01035713,Kensington and Chelsea 016F,H,London,6,None,None,0,Not applicable,3,Independent schools,0,Not applicable,,,Not applicable,,,,0,Not applicable,,0,Not applicable,,Not applicable,,,Not applicable,,Not applicable,Not applicable,Not applicable,,,Not applicable
Lycee Francais Charles De Gaulle,207,Kensington and Chelsea,999,,0,Not applicable,11,Other independent school,Not applicable,Not approved,2,Closed,01/01/1920,0,Not applicable,24/10/2006,1,Result of Amalgamation/Merger,100512,,6028,,,,,3392,,,0,0,,,,,,,,,,,,,,,,,,Mr,A,Becherand,Headteacher,,The French Government,,35 Cromwell Road,,,London,,SW7 2DG,,,,Ofsted,Not applicable,,,,0,Not applicable,Not applicable,3,16,2,No Special Classes,2,Selective,3,Mixed,,1,No boarders,,29/11/2019 00:00:00,E09000020,Kensington and Chelsea,E05009389,Brompton & Hans Town,E14000768,Kensington,A1,(England/Wales) Urban major conurbation,E09000020,526663,178950,E02000592,Kensington and Chelsea 016,E01002820,Kensington and Chelsea 016A,H,London,6,None,None,0,Not applicable,3,Independent schools,0,Not applicable,,,Not applicable,,,,0,Not applicable,,0,Not applicable,,Not applicable,,,Not applicable,,Not applicable,Not applicable,Not applicable,,,Not applicable
Bassett House School,207,Kensington and Chelsea,999,,0,Not applicable,11,Other independent school,Not applicable,Not approved,1,Open,18/06/1958,0,Not applicable,,0,Not applicable,100513,10077631,6095,,112,54,58,310,,,6,14,,,,,,,,,,,,,,,,,,Mr,Christopher,Woodward,Headteacher,217004015,Dukes Education,,60 Bassett Road,London,,,,W10 6JP,,www.bassetths.org.uk,2089690313,ISI,Not applicable,,,,2,Does not have a sixth form,Has Nursery Classes,2,11,2,No Special Classes,4,Non-selective,3,Mixed,Does not have boarders,1,No boarders,18/01/2024,23/7/2026 00:00:00,E09000020,Kensington and Chelsea,E05009404,St. Helen's,E14001310,Kensington and Bayswater,UN1,Urban: Nearer to a major town or city,E09000020,523767,181435,E02000579,Kensington and Chelsea 003,E01002909,Kensington and Chelsea 003E,H,London,6,None,Inter- / non- denominational,0,Not applicable,3,Independent schools,0,Not applicable,,,Not applicable,,,,0,Not applicable,,0,Not applicable,,Not applicable,,,Not applicable,,Not applicable,Not applicable,Not applicable,,,Not applicable
Sussex House School,207,Kensington and Chelsea,999,,0,Not applicable,11,Other independent school,Not applicable,Not approved,1,Open,01/01/1956,0,Not applicable,,0,Not applicable,100514,10018529,6096,,184,184,0,183,,,1,52,,,,,,,,,,,,,,,,,,Mr,Nicholas,Kaye,Headteacher,217117885,Sussex House School,,68 Cadogan Square,Chelsea,,London,,SW1X 0EA,,www.sussexhouseschool.co.uk,2075841741,ISI,Not applicable,,,,2,Does not have a sixth form,No Nursery Classes,8,13,2,No Special Classes,0,Not applicable,1,Boys,Does not have boarders,1,No boarders,18/01/2024,23/7/2026 00:00:00,E09000020,Kensington and Chelsea,E05009389,Brompton & Hans Town,E14001310,Kensington and Bayswater,UN1,Urban: Nearer to a major town or city,E09000020,527728,178892,E02000588,Kensington and Chelsea 012,E01002859,Kensington and Chelsea 012C,H,London,2,Church of England,Church of England,0,Not applicable,3,Independent schools,0,Not applicable,,,Not applicable,,,,0,Not applicable,,0,Not applicable,,Not applicable,,,Not applicable,,Not applicable,Not applicable,Not applicable,,,Not applicable
Lady Eden's School,207,Kensington and Chelsea,999,,0,Not applicable,11,Other independent school,Not applicable,Not approved,2,Closed,,0,Not applicable,15/05/2003,1,Result of Amalgamation/Merger,100515,,6098,,,,,,,,,,,,,,,,,,,,,,,,,,,Mrs,Michelle,Gibson,Headteacher,217113893,,,39-41 Victoria Road,Kensington,,London,,W8 5RJ,,,,,Not applicable,,,,0,Not applicable,Not applicable,3,11,2,No Special Classes,4,Non-selective,2,Girls,,1,No boarders,,07/09/2019 00:00,E09000020,Kensington and Chelsea,E05009401,Queen's Gate,E14000768,Kensington,A1,(England/Wales) Urban major conurbation,E09000020,526041,179367,E02000586,Kensington and Chelsea 010,E01002890,Kensington and Chelsea 010C,H,London,6,None,None,0,Not applicable,3,Independent schools,0,Not applicable,,,Not applicable,,,,0,Not applicable,,0,Not applicable,,Not applicable,,,Not applicable,,Not applicable,Not applicable,Not applicable,,,Not applicable
St Philip's School,207,Kensington and Chelsea,999,,0,Not applicable,11,Other independent school,Not applicable,Not approved,1,Open,22/10/1957,0,Not applicable,,0,Not applicable,100516,10018885,6104,,79,79,0,110,,,0,12,,,,,,,,,,,,,,,,,,Mr,A,Thomas,Head Master,217092548,St Philip's School Trust Ltd,,6 Wetherby Place,,,London,,SW7 4NE,,www.stpschool.co.uk,2073733944,Ofsted,Not applicable,,,,2,Does not have a sixth form,No Nursery Classes,4,13,2,No Special Classes,2,Selective,1,Boys,Does not have boarders,1,No boarders,18/01/2024,23/7/2026 00:00:00,E09000020,Kensington and Chelsea,E05009393,Courtfield,E14001310,Kensington and Bayswater,UN1,Urban: Nearer to a major town or city,E09000020,526259,178659,E02000592,Kensington and Chelsea 016,E01002836,Kensington and Chelsea 016D,H,London,3,Roman Catholic,Roman Catholic,0,Not applicable,3,Independent schools,0,Not applicable,,,Not applicable,,,,0,Not applicable,,0,Not applicable,,Not applicable,,,Not applicable,,Not applicable,Not applicable,Not applicable,,,Not applicable
Allendale Preparatory School,207,Kensington and Chelsea,999,,0,Not applicable,11,Other independent school,Not applicable,Not approved,2,Closed,,0,Not applicable,20/01/1998,0,Not applicable,100517,,6186,,,,,,,,,,,,,,,,,,,,,,,,,,,,,,Headteacher,217007705,,,206 Brompton Road,,,London,,SW3 2BQ,,,,,Not applicable,,,,0,Not applicable,Not applicable,5,11,2,No Special Classes,4,Non-selective,3,Mixed,,1,No boarders,,07/09/2019 00:00,E09000020,Kensington and Chelsea,E05009389,Brompton & Hans Town,E14000768,Kensington,A1,(England/Wales) Urban major conurbation,E09000020,527209,179191,E02000588,Kensington and Chelsea 012,E01002819,Kensington and Chelsea 012B,H,London,6,None,Roman Catholic,0,Not applicable,3,Independent schools,0,Not applicable,,,Not applicable,,,,0,Not applicable,,0,Not applicable,,Not applicable,,,Not applicable,,Not applicable,Not applicable,Not applicable,,,Not applicable
Hill House School,207,Kensington and Chelsea,999,,0,Not applicable,11,Other independent school,Not applicable,Not approved,1,Open,27/03/1958,0,Not applicable,,0,Not applicable,100518,10018546,6188,,396,256,140,990,,,3,37,,,,,,,,,,,,,,,,,,Mr,E J S,Townend,Headteacher,217036036,Richard Townend,,Hans Place,Knightsbridge,,London,,SW1X 0EP,,www.hillhouseschool.co.uk,2075841331,Ofsted,Not applicable,,,,2,Does not have a sixth form,No Nursery Classes,4,13,2,No Special Classes,4,Non-selective,3,Mixed,Does not have boarders,1,No boarders,18/01/2024,25/8/2026 00:00:00,E09000020,Kensington and Chelsea,E05009389,Brompton & Hans Town,E14001310,Kensington and Bayswater,UN1,Urban: Nearer to a major town or city,E09000020,527797,179194,E02000588,Kensington and Chelsea 012,E01002818,Kensington and Chelsea 012A,H,London,6,None,None,0,Not applicable,3,Independent schools,0,Not applicable,,,Not applicable,,,,0,Not applicable,,0,Not applicable,,Not applicable,,,Not applicable,,Not applicable,Not applicable,Not applicable,,,Not applicable
Wetherby School,207,Kensington and Chelsea,999,,0,Not applicable,11,Other independent school,Not applicable,Not approved,1,Open,01/01/1955,0,Not applicable,,0,Not applicable,100519,10070516,6189,,314,314,0,364,,,1,58,,,,,,,,,,,,,,,,,,Mr,Mark,Snell,Headteacher,217065813,Alpha Plus Group Limited,,11 Pembridge Square,,,London,,W2 4ED,,www.wetherbyschool.co.uk,2077279581,ISI,Not applicable,,,,2,Does not have a sixth form,No Nursery Classes,3,8,2,No Special Classes,4,Non-selective,1,Boys,Does not have boarders,1,No boarders,18/01/2024,23/7/2026 00:00:00,E09000020,Kensington and Chelsea,E05009400,Pembridge,E14001310,Kensington and Bayswater,UN1,Urban: Nearer to a major town or city,E09000020,525308,180690,E02000582,Kensington and Chelsea 006,E01002885,Kensington and Chelsea 006D,H,London,6,None,None,0,Not applicable,3,Independent schools,0,Not applicable,,,Not applicable,,,,0,Not applicable,,0,Not applicable,,Not applicable,,,Not applicable,,Not applicable,Not applicable,Not applicable,,,Not applicable
Falkner House,207,Kensington and Chelsea,999,,0,Not applicable,11,Other independent school,Not applicable,Not approved,1,Open,01/01/1957,0,Not applicable,,0,Not applicable,100520,10079907,6193,,360,163,197,378,,,0,3,,,,,,,,,,,,,,,,,,Mrs,"Flavia, Eleanor","Rogers, Dixon",Headteacher,217007041,Falkner House LLP,,19 Brechin Place,,,London,,SW7 4QB,,www.falknerhouse.co.uk,2073734501,ISI,Not applicable,,,,2,Does not have a sixth form,Has Nursery Classes,2,11,2,No Special Classes,0,Not applicable,3,Mixed,Does not have boarders,1,No boarders,18/01/2024,23/9/2026 00:00:00,E09000020,Kensington and Chelsea,E05009393,Courtfield,E14001310,Kensington and Bayswater,UN1,Urban: Nearer to a major town or city,E09000020,526362,178482,E02000592,Kensington and Chelsea 016,E01002837,Kensington and Chelsea 016E,H,London,6,None,None,0,Not applicable,3,Independent schools,0,Not applicable,,,Not applicable,,,,0,Not applicable,,0,Not applicable,,Not applicable,,,Not applicable,,Not applicable,Not applicable,Not applicable,,,Not applicable
More House School,207,Kensington and Chelsea,999,,0,Not applicable,11,Other independent school,Not applicable,Not approved,1,Open,01/01/1957,0,Not applicable,,0,Not applicable,100521,10008388,6202,,79,0,79,211,,,12,47,,,,,,,,,,,,,,,,,,Ms,Claire,Phelps,Headteacher,217068696,More House Trust Ltd,,22-24 Pont Street,Chelsea,,Knightsbridge,,SW1X 0AA,,www.morehouse.org.uk,2072352855,ISI,Not applicable,,,,1,Has a sixth form,No Nursery Classes,9,18,2,No Special Classes,2,Selective,2,Girls,Does not have boarders,1,No boarders,18/01/2024,23/7/2026 00:00:00,E09000020,Kensington and Chelsea,E05009389,Brompton & Hans Town,E14001310,Kensington and Bayswater,UN1,Urban: Nearer to a major town or city,E09000020,527841,179203,E02000588,Kensington and Chelsea 012,E01002818,Kensington and Chelsea 012A,H,London,3,Roman Catholic,Roman Catholic,0,Not applicable,3,Independent schools,0,Not applicable,,,Not applicable,,,,0,Not applicable,,0,Not applicable,,Not applicable,,,Not applicable,,Not applicable,Not applicable,Not applicable,,,Not applicable
Garden House School,207,Kensington and Chelsea,999,,0,Not applicable,11,Other independent school,Not applicable,Not approved,1,Open,10/10/1957,0,Not applicable,,0,Not applicable,100522,10077630,6213,,369,142,227,500,,,1,17,,,,,,,,,,,,,,,,,,Headteacher,Emma,Studd,Headmistress,217113790,Mr C Warland and Mrs S Strafford,,Turks Row,,,London,,SW3 4TW,United Kingdom,www.gardenhouseschool.co.uk,2077301652,ISI,Not applicable,,,,2,Does not have a sixth form,Has Nursery Classes,3,11,2,No Special Classes,4,Non-selective,3,Mixed,Does not have boarders,1,No boarders,18/01/2024,23/9/2026 00:00:00,E09000020,Kensington and Chelsea,E05009403,Royal Hospital,E14001160,Chelsea and Fulham,UN1,Urban: Nearer to a major town or city,E09000020,527991,178367,E02000594,Kensington and Chelsea 018,E01002902,Kensington and Chelsea 018D,H,London,6,None,None,0,Not applicable,3,Independent schools,0,Not applicable,,,Not applicable,,,,0,Not applicable,,0,Not applicable,,Not applicable,,,Not applicable,,Not applicable,Not applicable,Not applicable,,,Not applicable
Falcons Pre-Preparatory Chiswick,313,Hounslow,999,,0,Not applicable,11,Other independent school,Not applicable,Not approved,2,Closed,04/01/1958,0,Not applicable,13/12/2023,2,Closure,100523,10070515,6071,,81,69,12,206,0,0,2,4,,,,,,,,,,,,,,,,,,Ms,Liz,McLaughlin,Headmaster,1.00E+11,Alpha Plus Group,,2 Burnaby Gardens,Chiswick,,London,,W4 3DT,,,,ISI,Not applicable,,,,2,Does not have a sixth form,Has Nursery Classes,2,7,2,No Special Classes,4,Non-selective,3,Mixed,Does not have boarders,1,No boarders,20/01/2022,14/12/2023 00:00:00,E09000018,Hounslow,E05013611,Chiswick Riverside,E14000593,Brentford and Isleworth,A1,(England/Wales) Urban major conurbation,E09000018,519997,177937,E02000533,Hounslow 008,E01002576,Hounslow 008A,H,London,6,None,None,0,Not applicable,3,Independent schools,0,Not applicable,,,Not applicable,,,,0,Not applicable,,0,Not applicable,,Not applicable,,,Not applicable,,Not applicable,Not applicable,Not applicable,,,Not applicable
Eaton House Belgravia Preparatory School,207,Kensington and Chelsea,999,,0,Not applicable,11,Other independent school,Not applicable,Not approved,2,Closed,28/02/1962,0,Not applicable,31/08/2018,1,Result of Amalgamation/Merger,100524,10079906,6241,,17,16,1,100,,,0,2,,,,,,,,,,,,,,,,,,Mr,Huw,May,Headteacher,217030016,,,2 Elvaston Place,,,London,,SW7 5QH,,,,ISI,Not applicable,,,,2,Does not have a sixth form,Has Nursery Classes,2,11,2,No Special Classes,4,Non-selective,3,Mixed,Does not have boarders,1,No boarders,18/01/2018,07/09/2019 00:00,E09000020,Kensington and Chelsea,E05009401,Queen's Gate,E14000768,Kensington,A1,(England/Wales) Urban major conurbation,E09000020,526225,179237,E02000586,Kensington and Chelsea 010,E01002892,Kensington and Chelsea 010E,H,London,6,None,None,0,Not applicable,3,Independent schools,0,Not applicable,,,Not applicable,,,,0,Not applicable,,0,Not applicable,,Not applicable,,,Not applicable,,Not applicable,Not applicable,Not applicable,,,Not applicable
Kensington Park School,207,Kensington and Chelsea,999,,0,Not applicable,11,Other independent school,Not applicable,Not approved,2,Closed,01/07/1970,0,Not applicable,09/01/2018,1,Result of Amalgamation/Merger,100526,10010591,6262,,124,68,56,604,,,0,12,,,,,,,,,,,,,,,,,,Mr,Paul,Vanni,Executice Principal,217071212,,,59 Queen's Gate,,,London,,SW7 5JP,,,,ISI,Not applicable,,,,1,Has a sixth form,No Nursery Classes,11,20,2,No Special Classes,0,Not applicable,3,Mixed,Has boarders,3,Boarding school,18/01/2018,07/09/2019 00:00,E09000020,Kensington and Chelsea,E05009401,Queen's Gate,E14000768,Kensington,A1,(England/Wales) Urban major conurbation,E09000020,526459,179022,E02000586,Kensington and Chelsea 010,E01002892,Kensington and Chelsea 010E,H,London,6,None,None,0,Not applicable,3,Independent schools,0,Not applicable,,,Not applicable,,,,0,Not applicable,,0,Not applicable,,Not applicable,,,Not applicable,,Not applicable,Not applicable,Not applicable,,,Not applicable
St James Senior Girls' School,205,Hammersmith and Fulham,999,,0,Not applicable,11,Other independent school,Not applicable,Not approved,1,Open,30/05/1975,0,Not applicable,,0,Not applicable,100527,10008681,6399,,180,0,180,300,,,2,90,,,,,,,,,,,,,,,,,,Mrs,Helen,de Mattos,Headmistress,34061918,Independent Educational Ass Ltd,,Earsby Street,London,,,,W14 8SH,,www.stjamesgirls.co.uk,2073481777,ISI,Not applicable,,,,1,Has a sixth form,No Nursery Classes,11,18,2,No Special Classes,2,Selective,2,Girls,Does not have boarders,1,No boarders,18/01/2024,23/9/2026 00:00:00,E09000013,Hammersmith and Fulham,E05013734,Avonmore,E14001264,Hammersmith and Chiswick,UN1,Urban: Nearer to a major town or city,E09000013,524403,178848,E02000383,Hammersmith and Fulham 012,E01001866,Hammersmith and Fulham 012A,H,London,6,None,None,0,Not applicable,3,Independent schools,0,Not applicable,,,Not applicable,,,,0,Not applicable,,0,Not applicable,,Not applicable,,,Not applicable,,Not applicable,Not applicable,Not applicable,,,Not applicable
St James Senior Boys' School,936,Surrey,318,Richmond upon Thames,0,Not applicable,11,Other independent school,Not applicable,Not approved,1,Open,30/05/1975,0,Not applicable,,0,Not applicable,100528,10017682,6016,6080,244,244,0,390,,,8,72,,,,,,,,,,,,,,,,,,Mr,Richard,Clarke,Headteacher,33034812,Jeremy Sinclair,,Church Road,,,Ashford,Surrey,TW15 3DZ,,www.stjamesschools.co.uk/seniorboys,1784266930,ISI,Not applicable,,,,1,Has a sixth form,No Nursery Classes,11,18,2,No Special Classes,0,Not applicable,1,Boys,Does not have boarders,1,No boarders,18/01/2024,23/9/2026 00:00:00,E07000213,Spelthorne,E05007364,Ashford North and Stanwell South,E14001505,Spelthorne,UN1,Urban: Nearer to a major town or city,E10000030,506562,172173,E02006405,Spelthorne 003,E01030707,Spelthorne 003A,J,South East,6,None,Inter- / non- denominational,0,Not applicable,3,Independent schools,0,Not applicable,,,Not applicable,,,,0,Not applicable,,0,Not applicable,,Not applicable,,,Not applicable,,Not applicable,Not applicable,Not applicable,,,Not applicable
DLD College,208,Lambeth,213,Westminster,0,Not applicable,11,Other independent school,Not applicable,Not approved,1,Open,26/09/1977,0,Not applicable,,0,Not applicable,100529,10009020,6004,6391,306,152,154,750,,,3,38,,,,,,,,,,,,,,,,,,Mr,James,Kidd,Headteacher,10091909062,Abbey DLD Colleges Ltd,,199 Westminster Bridge Road,London,,,,SE1 7FX,United Kingdom,www.dldcollege.co.uk,2079358411,ISI,Not applicable,,,,1,Has a sixth form,No Nursery Classes,13,21,2,No Special Classes,0,Not applicable,3,Mixed,Has boarders,3,Boarding school,18/01/2024,22/9/2026 00:00:00,E09000022,Lambeth,E05014118,Waterloo & South Bank,E14001559,Vauxhall and Camberwell Green,UN1,Urban: Nearer to a major town or city,E09000022,530862,179609,E02006801,Lambeth 036,E01003013,Lambeth 036A,H,London,6,None,None,0,Not applicable,3,Independent schools,0,Not applicable,,,Not applicable,,,,0,Not applicable,,0,Not applicable,,Not applicable,,,Not applicable,,Not applicable,Not applicable,Not applicable,,,Not applicable
Thomas's Battersea,212,Wandsworth,999,,0,Not applicable,11,Other independent school,Not applicable,Not approved,1,Open,13/11/1978,0,Not applicable,,0,Not applicable,100530,10080809,6401,,547,307,240,685,,,0,210,,,,,,,,,,,,,,,,,,Mr,Rupert,Hawkins,Headmaster,1.00E+11,Thomas's London Day Schools,,28-40 Battersea High Street,,,London,,SW11 3JB,,www.thomas-s.co.uk,2079780900,ISI,Not applicable,,,,2,Does not have a sixth form,Has Nursery Classes,3,13,2,No Special Classes,2,Selective,3,Mixed,Does not have boarders,1,No boarders,18/01/2024,09/01/2026 00:00,E09000032,Wandsworth,E05014018,St Mary's,E14001081,Battersea,UN1,Urban: Nearer to a major town or city,E09000032,526893,176621,E02000926,Wandsworth 004,E01004581,Wandsworth 004D,H,London,6,None,Church of England,0,Not applicable,3,Independent schools,0,Not applicable,,,Not applicable,,,,0,Not applicable,,0,Not applicable,,Not applicable,,,Not applicable,,Not applicable,Not applicable,Not applicable,,,Not applicable
Pembridge Hall School,207,Kensington and Chelsea,999,,0,Not applicable,11,Other independent school,Not applicable,Not approved,1,Open,23/10/1979,0,Not applicable,,0,Not applicable,100531,10075160,6303,,426,0,426,500,,,0,110,,,,,,,,,,,,,,,,,,Mrs,Sophie,Banks,Headteacher,217065847,Alpha Plus Group Limited,,18 Pembridge Square,,,London,,W2 4EH,United Kingdom,www.pembridgehall.co.uk,2072290121,ISI,Not applicable,,,,2,Does not have a sixth form,No Nursery Classes,4,11,2,No Special Classes,4,Non-selective,2,Girls,Does not have boarders,1,No boarders,18/01/2024,23/7/2026 00:00:00,E09000020,Kensington and Chelsea,E05009400,Pembridge,E14001310,Kensington and Bayswater,UN1,Urban: Nearer to a major town or city,E09000020,525456,180726,E02000582,Kensington and Chelsea 006,E01002885,Kensington and Chelsea 006D,H,London,6,None,None,0,Not applicable,3,Independent schools,0,Not applicable,,,Not applicable,,,,0,Not applicable,,0,Not applicable,,Not applicable,,,Not applicable,,Not applicable,Not applicable,Not applicable,,,Not applicable
Instituto Espanol Canada Blanch,207,Kensington and Chelsea,999,,0,Not applicable,11,Other independent school,Not applicable,Not approved,1,Open,29/01/1980,0,Not applicable,,0,Not applicable,100532,10015997,6305,,394,174,220,497,,,1,0,,,,,,,,,,,,,,,,,,Mrs,Justina,Castillo Garcia,Headteacher,10091944975,Spanish Embassy Educational Attache,,317 Portobello Road,,,London,,W10 5SZ,,http://vicentecanadablanch.educacion.es,2089692664,ISI,Not applicable,,,,1,Has a sixth form,Has Nursery Classes,3,19,2,No Special Classes,2,Selective,3,Mixed,Does not have boarders,1,No boarders,18/01/2024,23/9/2026 00:00:00,E09000020,Kensington and Chelsea,E05009396,Golborne,E14001310,Kensington and Bayswater,UN1,Urban: Nearer to a major town or city,E09000020,524369,181680,E02000577,Kensington and Chelsea 001,E01002855,Kensington and Chelsea 001D,H,London,6,None,None,0,Not applicable,3,Independent schools,0,Not applicable,,,Not applicable,,,,0,Not applicable,,0,Not applicable,,Not applicable,,,Not applicable,,Not applicable,Not applicable,Not applicable,,,Not applicable
Knightsbridge School,207,Kensington and Chelsea,999,,0,Not applicable,11,Other independent school,Not applicable,Not approved,1,Open,21/11/1980,0,Not applicable,,0,Not applicable,100533,10016190,6316,,295,157,138,600,,,0,60,,,,,,,,,,,,,,,,,,Mr,Adam,Anstey,Headteacher,217052808,Dukes Education,,67 Pont Street,,,London,,SW1X 0BD,,https://www.knightsbridgeschool.com/,2075909000,ISI,Not applicable,,,,2,Does not have a sixth form,Has Nursery Classes,2,16,2,No Special Classes,4,Non-selective,3,Mixed,Does not have boarders,1,No boarders,18/01/2024,25/8/2026 00:00:00,E09000020,Kensington and Chelsea,E05009389,Brompton & Hans Town,E14001310,Kensington and Bayswater,UN1,Urban: Nearer to a major town or city,E09000020,527623,179103,E02000588,Kensington and Chelsea 012,E01002863,Kensington and Chelsea 012E,H,London,0,Does not apply,None,0,Not applicable,3,Independent schools,0,Not applicable,,,Not applicable,,,,0,Not applicable,,0,Not applicable,,Not applicable,,,Not applicable,,Not applicable,Not applicable,Not applicable,,,Not applicable
Thomas's Kensington,207,Kensington and Chelsea,999,,0,Not applicable,11,Other independent school,Not applicable,Not approved,1,Open,18/12/1980,0,Not applicable,,0,Not applicable,100534,10079905,6317,,329,157,172,400,,,1,31,,,,,,,,,,,,,,,,,,Mr,Alex,Matthews,Headteacher,217079369,Thomas's London Day Schools,,1 St. Albans Grove,,,London,,W8 5PN,United Kingdom,,2073616500,ISI,Not applicable,,,,2,Does not have a sixth form,No Nursery Classes,4,11,2,No Special Classes,0,Not applicable,3,Mixed,Does not have boarders,1,No boarders,18/01/2024,23/9/2026 00:00:00,E09000020,Kensington and Chelsea,E05009401,Queen's Gate,E14001310,Kensington and Bayswater,UN1,Urban: Nearer to a major town or city,E09000020,525872,179320,E02000586,Kensington and Chelsea 010,E01002890,Kensington and Chelsea 010C,H,London,6,None,None,0,Not applicable,3,Independent schools,0,Not applicable,,,Not applicable,,,,0,Not applicable,,0,Not applicable,,Not applicable,,,Not applicable,,Not applicable,Not applicable,Not applicable,,,Not applicable
Jamahiriya School,207,Kensington and Chelsea,999,,0,Not applicable,11,Other independent school,Not applicable,Not approved,2,Closed,05/06/1982,0,Not applicable,07/06/2005,2,Closure,100535,,6328,,,,,170,,,0,0,,,,,,,,,,,,,,,,,,Mr,M,Al-Kawash,Headteacher,217033861,Libyan Government,,36a Glebe Place,Chelsea,,London,,SW3 5JP,,,,,Not applicable,,,,2,Does not have a sixth form,No Nursery Classes,6,14,2,No Special Classes,4,Non-selective,3,Mixed,,1,No boarders,,07/09/2019 00:00,E09000020,Kensington and Chelsea,E05009391,Chelsea Riverside,E14000629,Chelsea and Fulham,A1,(England/Wales) Urban major conurbation,E09000020,527100,177827,E02000595,Kensington and Chelsea 019,E01002844,Kensington and Chelsea 019A,H,London,6,None,Muslim,0,Not applicable,3,Independent schools,0,Not applicable,,,Not applicable,,,,0,Not applicable,,0,Not applicable,,Not applicable,,,Not applicable,,Not applicable,Not applicable,Not applicable,,,Not applicable
Kensington Park School,213,Westminster,999,,0,Not applicable,11,Other independent school,Not applicable,Not approved,1,Open,22/11/1983,0,Not applicable,,0,Not applicable,100536,10009083,6389,,173,115,58,604,,,2,53,,,,,,,,,,,,,,,,,,Mr,Antony,Faccinello,Executive Principal,1.00E+11,Star Education Investment Limited,,40-44 Bark Place,Bayswater,,London,,W2 4AT,,http://www.kps.co.uk/,2076164400,ISI,Not applicable,,,,1,Has a sixth form,No Nursery Classes,11,20,2,No Special Classes,2,Selective,3,Mixed,Does not have boarders,3,Boarding school,18/01/2024,23/7/2026 00:00:00,E09000033,Westminster,E05013793,Bayswater,E14001310,Kensington and Bayswater,UN1,Urban: Nearer to a major town or city,E09000033,525723,180696,E02000976,Westminster 017,E01004693,Westminster 017B,H,London,6,None,None,0,Not applicable,3,Independent schools,0,Not applicable,,,Not applicable,,,,0,Not applicable,,0,Not applicable,,Not applicable,,,Not applicable,,Not applicable,Not applicable,Not applicable,,,Not applicable
Ashbourne College,207,Kensington and Chelsea,999,,0,Not applicable,11,Other independent school,Not applicable,Not approved,1,Open,03/05/1985,0,Not applicable,,0,Not applicable,100537,10008898,6348,,223,113,110,300,,,1,51,,,,,,,,,,,,,,,,,,Mr,Michael,Kirby,Headteacher,217106625,Michael J Hatchard-Kirby,,17 Old Court Place,Kensington,,London,,W8 4PL,,https://www.ashbournecollege.co.uk/,2079373858,Ofsted,Not applicable,,,,1,Has a sixth form,No Nursery Classes,13,21,2,No Special Classes,4,Non-selective,3,Mixed,Does not have boarders,1,No boarders,18/01/2024,23/7/2026 00:00:00,E09000020,Kensington and Chelsea,E05009390,Campden,E14001310,Kensington and Bayswater,UN1,Urban: Nearer to a major town or city,E09000020,525763,179751,E02000584,Kensington and Chelsea 008,E01002826,Kensington and Chelsea 008C,H,London,6,None,None,0,Not applicable,3,Independent schools,0,Not applicable,,,Not applicable,,,,0,Not applicable,,0,Not applicable,,Not applicable,,,Not applicable,,Not applicable,Not applicable,Not applicable,,,Not applicable
Cameron Vale School,207,Kensington and Chelsea,999,,0,Not applicable,11,Other independent school,Not applicable,Not approved,1,Open,27/02/1985,0,Not applicable,,0,Not applicable,100538,10072289,6350,,54,34,20,120,,,6,16,,,,,,,,,,,,,,,,,,Ms,Barbara,Lubaczewska,Headmaster,217105144,Forfar Chelsea Limited,,4 The Vale,Chelsea,,London,,SW3 6AH,,https://www.cameronvaleschool.com/,2073524040,ISI,Not applicable,,,,2,Does not have a sixth form,Has Nursery Classes,2,11,2,No Special Classes,4,Non-selective,3,Mixed,Does not have boarders,1,No boarders,18/01/2024,23/9/2026 00:00:00,E09000020,Kensington and Chelsea,E05009405,Stanley,E14001160,Chelsea and Fulham,UN1,Urban: Nearer to a major town or city,E09000020,526802,177872,E02000595,Kensington and Chelsea 019,E01002911,Kensington and Chelsea 019D,H,London,6,None,None,0,Not applicable,3,Independent schools,0,Not applicable,,,Not applicable,,,,0,Not applicable,,0,Not applicable,,Not applicable,,,Not applicable,,Not applicable,Not applicable,Not applicable,,,Not applicable
Collingham,207,Kensington and Chelsea,999,,0,Not applicable,11,Other independent school,Not applicable,Not approved,1,Open,24/03/1987,0,Not applicable,,0,Not applicable,100539,10015231,6362,,162,89,73,223,,,10,115,,,,,,,,,,,,,,,,,,Mr,James,Allder,Headteacher,217016773,Collingham Ltd,,23 Collingham Gardens,,,London,,SW5 0HL,,www.collingham.co.uk,2072447414,ISI,Not applicable,,,,1,Has a sixth form,No Nursery Classes,13,19,2,No Special Classes,4,Non-selective,3,Mixed,Does not have boarders,1,No boarders,18/01/2024,23/7/2026 00:00:00,E09000020,Kensington and Chelsea,E05009393,Courtfield,E14001310,Kensington and Bayswater,UN1,Urban: Nearer to a major town or city,E09000020,525866,178591,E02000589,Kensington and Chelsea 013,E01002834,Kensington and Chelsea 013B,H,London,6,None,None,0,Not applicable,3,Independent schools,0,Not applicable,,,Not applicable,,,,0,Not applicable,,0,Not applicable,,Not applicable,,,Not applicable,,Not applicable,Not applicable,Not applicable,,,Not applicable
Mander Portman Woodward School,207,Kensington and Chelsea,999,,0,Not applicable,11,Other independent school,Not applicable,Not approved,1,Open,04/02/1987,0,Not applicable,,0,Not applicable,100540,10043846,6363,,524,243,281,700,,,7,245,,,,,,,,,,,,,,,,,,Dr,Sally,Powell,Principal,217106306,Mander Portman Woodward Ltd,,90-92 Queen's Gate,,,LONDON,,SW7 5AB,,www.mpw.ac.uk,2078351355,ISI,Not applicable,,,,1,Has a sixth form,No Nursery Classes,14,20,2,No Special Classes,4,Non-selective,3,Mixed,Does not have boarders,3,Boarding school,18/01/2024,23/9/2026 00:00:00,E09000020,Kensington and Chelsea,E05009393,Courtfield,E14001310,Kensington and Bayswater,UN1,Urban: Nearer to a major town or city,E09000020,526502,178737,E02000592,Kensington and Chelsea 016,E01002835,Kensington and Chelsea 016C,H,London,6,None,None,0,Not applicable,3,Independent schools,0,Not applicable,,,Not applicable,,,,0,Not applicable,,0,Not applicable,,Not applicable,,,Not applicable,,Not applicable,Not applicable,Not applicable,,,Not applicable
Portland Place School,213,Westminster,999,,0,Not applicable,11,Other independent school,Not applicable,Not approved,2,Closed,10/06/1988,0,Not applicable,29/08/2024,2,Closure,100541,10017956,6386,,219,134,85,350,,,7,126,,,,,,,,,,,,,,,,,,Mr,David,Bradbury,Headmaster,1.00E+11,Alpha Plus,,56-58 Portland Place,,,London,,W1B 1NJ,,,,ISI,Not applicable,,,,1,Has a sixth form,No Nursery Classes,8,18,2,No Special Classes,4,Non-selective,3,Mixed,Does not have boarders,1,No boarders,18/01/2024,09/09/2024 00:00,E09000033,Westminster,E05013808,West End,E14001172,Cities of London and Westminster,A1,(England/Wales) Urban major conurbation,E09000033,528802,181843,E02000970,Westminster 011,E01004713,Westminster 011A,H,London,6,None,None,0,Not applicable,3,Independent schools,0,Not applicable,,,Not applicable,,,,0,Not applicable,,0,Not applicable,,Not applicable,,,Not applicable,,Not applicable,Not applicable,Not applicable,,,Not applicable
Southbank International School Kensington,207,Kensington and Chelsea,999,,0,Not applicable,11,Other independent school,Not applicable,Not approved,1,Open,23/09/1980,0,Not applicable,,0,Not applicable,100542,10017778,6383,,144,79,65,224,,,0,40,,,,,,,,,,,,,,,,,,Mr,David,MacMorran,Headteacher,217045335,Cognita Schools Ltd,,36-38 Kensington Park Road,,,London,,W11 3BU,,www.southbank.org,2072298230,ISI,Not applicable,,,,2,Does not have a sixth form,Has Nursery Classes,2,11,2,No Special Classes,0,Not applicable,3,Mixed,Does not have boarders,1,No boarders,18/01/2024,24/9/2026 00:00:00,E09000020,Kensington and Chelsea,E05009400,Pembridge,E14001310,Kensington and Bayswater,UN1,Urban: Nearer to a major town or city,E09000020,525102,180625,E02000582,Kensington and Chelsea 006,E01002883,Kensington and Chelsea 006B,H,London,6,None,None,0,Not applicable,3,Independent schools,0,Not applicable,,,Not applicable,,,,0,Not applicable,,0,Not applicable,,Not applicable,,,Not applicable,,Not applicable,Not applicable,Not applicable,,,Not applicable
Brighton College Prep Kensington,213,Westminster,999,,0,Not applicable,11,Other independent school,Not applicable,Not approved,1,Open,15/02/1991,0,Not applicable,,0,Not applicable,100543,10077629,6390,,329,161,168,360,,,0,24,,,,,,,,,,,,,,,,,,Mrs,Lois,Gaffney,Headteacher,10033541642,Cognita Schools Ltd,,10-13 Princes Gardens,,,,,SW7 1ND,United Kingdom,www.brightoncollegeprepkensington.co.uk,2075914620,ISI,Not applicable,,,,2,Does not have a sixth form,Has Nursery Classes,2,13,2,No Special Classes,2,Selective,3,Mixed,Does not have boarders,1,No boarders,18/01/2024,24/9/2026 00:00:00,E09000033,Westminster,E05013797,Knightsbridge & Belgravia,E14001172,Cities of London and Westminster,UN1,Urban: Nearer to a major town or city,E09000033,526943,179499,E02000978,Westminster 019,E01004692,Westminster 019F,H,London,6,None,None,0,Not applicable,3,Independent schools,0,Not applicable,,,Not applicable,,,,0,Not applicable,,0,Not applicable,,Not applicable,,,Not applicable,,Not applicable,Not applicable,Not applicable,,,Not applicable
David Game College,201,City of London,213,Westminster,0,Not applicable,11,Other independent school,Not applicable,Not approved,1,Open,05/02/1991,0,Not applicable,,0,Not applicable,100544,10015688,6000,6005,247,139,108,380,,,0,34,,,,,,,,,,,,,,,,,,Mr,John,Dalton,Vice Principals,95514552,Mr D T P Game,,31 Jewry Street,London,,,,EC3N 2ET,,www.davidgamecollege.com,2072216665,ISI,Not applicable,,,,1,Has a sixth form,No Nursery Classes,13,22,2,No Special Classes,4,Non-selective,3,Mixed,Does not have boarders,3,Boarding school,18/01/2024,23/7/2026 00:00:00,E09000001,City of London,E05009310,Tower,E14001172,Cities of London and Westminster,UN1,Urban: Nearer to a major town or city,E09000001,533574,181078,E02000001,City of London 001,E01000005,City of London 001E,H,London,6,None,None,0,Not applicable,3,Independent schools,0,Not applicable,,,Not applicable,,,,0,Not applicable,,0,Not applicable,,Not applicable,,,Not applicable,,Not applicable,Not applicable,Not applicable,,,Not applicable
La Petite Ecole Francaise,207,Kensington and Chelsea,999,,0,Not applicable,11,Other independent school,Not applicable,Not approved,1,Open,01/06/1992,0,Not applicable,,0,Not applicable,100545,10077628,6387,,103,51,52,190,,,0,1,,,,,,,,,,,,,,,,,,Ms,Rebecca,Stewart,Headteacher,217122777,Devika Malik,,,73 St Charles Square,,London,,W10 6EJ,,http://www.lapetiteecolefrancaise.co.uk/,2089601278,ISI,Not applicable,,,,2,Does not have a sixth form,Has Nursery Classes,2,11,2,No Special Classes,4,Non-selective,3,Mixed,Does not have boarders,1,No boarders,18/01/2024,24/9/2026 00:00:00,E09000020,Kensington and Chelsea,E05009404,St. Helen's,E14001310,Kensington and Bayswater,UN1,Urban: Nearer to a major town or city,E09000020,523810,181595,E02000578,Kensington and Chelsea 002,E01002905,Kensington and Chelsea 002B,H,London,6,None,None,0,Not applicable,3,Independent schools,0,Not applicable,,,Not applicable,,,,0,Not applicable,,0,Not applicable,,Not applicable,,,Not applicable,,Not applicable,Not applicable,Not applicable,,,Not applicable
The Octagon School,207,Kensington and Chelsea,999,,0,Not applicable,11,Other independent school,Not applicable,Not approved,2,Closed,,0,Not applicable,18/03/1997,0,Not applicable,100546,,6390,,,,,,,,,,,,,,,,,,,,,,,,,,,,,,Headteacher,,,,459a Fulham Road,,,London,,SW10 9UZ,,,,,Not applicable,,,,0,Not applicable,Not applicable,2,12,2,No Special Classes,2,Selective,3,Mixed,,1,No boarders,,07/09/2019 00:00,E09000020,Kensington and Chelsea,E05009405,Stanley,E14000629,Chelsea and Fulham,A1,(England/Wales) Urban major conurbation,E09000020,525989,177417,E02000596,Kensington and Chelsea 020,E01002912,Kensington and Chelsea 020E,H,London,6,None,Church of England,0,Not applicable,3,Independent schools,0,Not applicable,,,Not applicable,,,,0,Not applicable,,0,Not applicable,,Not applicable,,,Not applicable,,Not applicable,Not applicable,Not applicable,,,Not applicable
Lycee Francais Charles de Gaulle,207,Kensington and Chelsea,999,,0,Not applicable,11,Other independent school,Not applicable,Not approved,1,Open,04/11/1915,0,Not applicable,,0,Not applicable,100547,10016670,6391,,3420,1707,1713,3805,,,7,370,,,,,,,,,,,,,,,,,,Mr,Adrien,Vodslon,Headteacher,217021504,French State,,35 Cromwell Road,,,London,,SW7 2DG,,www.lyceefrancais.org.uk,2075846322,Ofsted,Not applicable,,,,1,Has a sixth form,Has Nursery Classes,2,19,2,No Special Classes,4,Non-selective,3,Mixed,Does not have boarders,1,No boarders,18/01/2024,09/09/2026 00:00,E09000020,Kensington and Chelsea,E05009389,Brompton & Hans Town,E14001310,Kensington and Bayswater,UN1,Urban: Nearer to a major town or city,E09000020,526663,178950,E02000592,Kensington and Chelsea 016,E01035713,Kensington and Chelsea 016F,H,London,6,None,None,0,Not applicable,3,Independent schools,0,Not applicable,,,Not applicable,,,,0,Not applicable,,0,Not applicable,,Not applicable,,,Not applicable,,Not applicable,Not applicable,Not applicable,,,Not applicable
Parkwood Hall School,207,Kensington and Chelsea,999,,0,Not applicable,12,Foundation special school,Not applicable,Not applicable,2,Closed,,0,Not applicable,30/04/2015,10,Academy Converter,100548,10016520,7164,,,,,,,,,,,,Yes,Yes,Yes,,,Yes,Yes,,Yes,,Not applicable,,,,,Mr,Nick,White,Principal,,,,Beechenlea Lane,,,Swanley,Kent,BR8 8DR,,,,,Not applicable,,,,1,Has a sixth form,Not applicable,8,19,1,Has Special Classes,0,Not applicable,3,Mixed,,3,Boarding school,,29/11/2019 00:00:00,E07000111,Sevenoaks,E05009964,Swanley Christchurch and Swanley Village,E14000918,Sevenoaks,A1,(England/Wales) Urban major conurbation,E09000020,552900,168581,E02005087,Sevenoaks 001,E01024472,Sevenoaks 001D,H,London,0,Does not apply,Does not apply,0,Not applicable,5,Special schools,2,Not supported by a trust,,,Not under a federation,,,,0,Not applicable,,0,Not applicable,,Not applicable,,,Not applicable,,Not applicable,Not applicable,Not applicable,,,Not applicable
Chelsea Community Hospital School,207,Kensington and Chelsea,999,,0,Not applicable,7,Community special school,Not applicable,Not applicable,1,Open,,0,Not applicable,,0,Not applicable,100549,10015504,7165,,88,39,49,,,,,,,,,,,,,,,,,,,,,,,Mrs,Marie,Sherlock,Headteacher,217080198,,,83a St. Charles Square,,,London,,W10 6EB,United Kingdom,www.cchs.org.uk,2089622851,,Not applicable,,,,0,Not applicable,Not applicable,2,19,1,Has Special Classes,0,Not applicable,3,Mixed,,1,No boarders,15/01/2026,27/8/2026 00:00:00,E09000020,Kensington and Chelsea,E05009404,St. Helen's,E14001310,Kensington and Bayswater,UN1,Urban: Nearer to a major town or city,E09000020,524005,181846,E02000578,Kensington and Chelsea 002,E01002905,Kensington and Chelsea 002B,H,London,0,Does not apply,Does not apply,0,Not applicable,5,Special schools,0,Not applicable,,,Not under a federation,,,,0,Not applicable,,0,Not applicable,,Not applicable,,,Not applicable,,Not applicable,Not applicable,Not applicable,,,Not applicable
Triangle Nursery School,208,Lambeth,999,,1,Nursery,15,Local authority nursery school,Not applicable,Not applicable,1,Open,,0,Not applicable,,0,Not applicable,100550,,1027,,18,13,5,,3,50,,,Yes,Yes,Yes,Yes,Yes,Yes,Yes,Yes,Yes,Yes,Yes,Yes,Resourced provision,15,15,,,Mr,Luke,Page,Executive Head Teacher,1.00E+11,,,35 Effra Parade,,,London,,SW2 1PL,United Kingdom,www.trianglenursery.org,2077338425,,Not applicable,,,,0,Not applicable,Has Nursery Classes,2,4,0,Not applicable,0,Not applicable,3,Mixed,,1,No boarders,15/01/2026,07/06/2026 00:00,E09000022,Lambeth,E05014098,Brixton Windrush,E14001205,Dulwich and West Norwood,UN1,Urban: Nearer to a major town or city,E09000022,531416,174774,E02000635,Lambeth 018,E01003071,Lambeth 018D,H,London,0,Does not apply,Does not apply,0,Not applicable,4,Local authority maintained schools,0,Not applicable,,,Supported by a federation,17181,Lambeth Nursery Schools' Federation,,0,Not applicable,,0,Not applicable,,Not applicable,,,Not applicable,,Not applicable,Not applicable,Not applicable,,,Not applicable
Effra Nursery School and Children's Centre,208,Lambeth,999,,1,Nursery,15,Local authority nursery school,Not applicable,Not applicable,1,Open,,0,Not applicable,,0,Not applicable,100551,,1043,,68,35,33,,1,3.4,,,,,,,,,,,,,,,Not applicable,,,,,Mrs,Emily,Patterson,Head of Centre,1.00E+11,,,35 Effra Parade,,Brixton,London,,SW2 1PL,,https://effra.lambeth.sch.uk/,2077338425,,Not applicable,,,,0,Not applicable,Has Nursery Classes,2,5,0,Not applicable,0,Not applicable,3,Mixed,,1,No boarders,15/01/2026,29/6/2026 00:00:00,E09000022,Lambeth,E05014098,Brixton Windrush,E14001205,Dulwich and West Norwood,UN1,Urban: Nearer to a major town or city,E09000022,531443,174834,E02000635,Lambeth 018,E01003071,Lambeth 018D,H,London,0,Does not apply,Does not apply,0,Not applicable,4,Local authority maintained schools,0,Not applicable,,,Supported by a federation,17181,Lambeth Nursery Schools' Federation,,0,Not applicable,,0,Not applicable,,Not applicable,,,Not applicable,,Not applicable,Not applicable,Not applicable,,,Not applicable
Ethelred Nursery School and Children's Centre,208,Lambeth,999,,1,Nursery,15,Local authority nursery school,Not applicable,Not applicable,1,Open,,0,Not applicable,,0,Not applicable,100552,,1049,,75,33,42,,6,19.4,,,Yes,Yes,Yes,Yes,Yes,Yes,Yes,Yes,Yes,Yes,Yes,Yes,Resourced provision,6,8,,,Mr,Luke,Page,Headteacher,10093379094,,,1 Gundulf Street,,,London,,SE11 6BG,United Kingdom,www.ethelrednursery.org.uk,2075829711,,Not applicable,,,,0,Not applicable,Has Nursery Classes,2,4,0,Not applicable,0,Not applicable,3,Mixed,,1,No boarders,15/01/2026,29/6/2026 00:00:00,E09000022,Lambeth,E05014105,Kennington,E14001559,Vauxhall and Camberwell Green,UN1,Urban: Nearer to a major town or city,E09000022,531196,178576,E02000619,Lambeth 002,E01003111,Lambeth 002D,H,London,0,Does not apply,Does not apply,0,Not applicable,4,Local authority maintained schools,0,Not applicable,,,Supported by a federation,17181,Lambeth Nursery Schools' Federation,,0,Not applicable,,0,Not applicable,,Not applicable,,,Not applicable,,Not applicable,Not applicable,Not applicable,,,Not applicable
Maytree Nursery School,208,Lambeth,999,,1,Nursery,15,Local authority nursery school,Not applicable,Not applicable,1,Open,,0,Not applicable,,0,Not applicable,100553,,1055,,93,43,50,,9,18.8,,,Yes,Yes,Yes,Yes,Yes,Yes,Yes,Yes,Yes,Yes,Yes,Yes,Resourced provision,12,12,,,Mr,Luke,Page,Headteacher,10094053269,,,4 Allingham Road,,,London,,SW4 8EG,United Kingdom,www.maytree-nursery.lambeth.sch.uk,2086713298,,Not applicable,,,,0,Not applicable,Has Nursery Classes,2,4,0,Not applicable,0,Not applicable,3,Mixed,,1,No boarders,15/01/2026,09/08/2026 00:00,E09000022,Lambeth,E05014101,Clapham Park,E14001175,Clapham and Brixton Hill,UN1,Urban: Nearer to a major town or city,E09000022,529960,174165,E02000639,Lambeth 022,E01003159,Lambeth 022C,H,London,0,Does not apply,Does not apply,0,Not applicable,4,Local authority maintained schools,0,Not applicable,,,Supported by a federation,17181,Lambeth Nursery Schools' Federation,,0,Not applicable,,0,Not applicable,,Not applicable,,,Not applicable,,Not applicable,Not applicable,Not applicable,,,Not applicable
Holmewood Nursery School,208,Lambeth,999,,1,Nursery,15,Local authority nursery school,Not applicable,Not applicable,1,Open,,0,Not applicable,,0,Not applicable,100554,,1058,,93,51,42,,12,18.5,,,,,,,,,,,,,,,,,,,,Mr,Luke,Page,Headteacher,1.00E+11,,,66 Upper Tulse Hill,,,London,,SW2 2RW,,,2086742186,,Not applicable,,,,0,Not applicable,Has Nursery Classes,2,4,0,Not applicable,0,Not applicable,3,Mixed,,1,No boarders,15/01/2026,29/6/2026 00:00:00,E09000022,Lambeth,E05014097,Brixton Rush Common,E14001175,Clapham and Brixton Hill,UN1,Urban: Nearer to a major town or city,E09000022,530740,173735,E02000638,Lambeth 021,E01003025,Lambeth 021E,H,London,0,Does not apply,Does not apply,0,Not applicable,4,Local authority maintained schools,0,Not applicable,,,Supported by a federation,17181,Lambeth Nursery Schools' Federation,,0,Not applicable,,0,Not applicable,,Not applicable,,,Not applicable,,Not applicable,Not applicable,Not applicable,,,Not applicable
Norwood Secondary Centre,208,Lambeth,999,,0,Not applicable,14,Pupil referral unit,Not applicable,Not applicable,2,Closed,,0,Not applicable,31/08/2005,2,Closure,100555,,1100,,,,,,,,,,,,,,,,,,,,,,,,,,,Mrs,Olivia,Bush,Headteacher,,,,Elmcourt Road,West Norwood,,London,,SE27 9BZ,,,,,Not applicable,,,,2,Does not have a sixth form,No Nursery Classes,14,16,0,Not applicable,0,Not applicable,3,Mixed,,1,No boarders,,14/11/2018 00:00:00,E09000022,Lambeth,E05000434,Thurlow Park,E14000673,Dulwich and West Norwood,A1,(England/Wales) Urban major conurbation,E09000022,531929,172739,E02000645,Lambeth 028,E01003166,Lambeth 028D,H,London,0,Does not apply,Does not apply,0,Not applicable,4,Local authority maintained schools,0,Not applicable,,,Not applicable,,,,0,Not applicable,,0,Not applicable,,Not applicable,,,Does not provide places for Teen Mothers,,Not applicable,PRU Does have Provision for SEN,PRU Does not have EBD provision,84,PRU offers full time provision,PRU does offer tuition by another provider
Ashmole Primary School,208,Lambeth,999,,2,Primary,1,Community school,Not applicable,Not applicable,1,Open,,0,Not applicable,,0,Not applicable,100556,10074664,2022,,223,114,109,225,56,25.7,,,,,,,,,,,,,,,,,,,,Ms,Cordelia,Cooper,Headteacher,1.00E+11,,,Ashmole Street,,,London,,SW8 1NT,,www.ashmoleprimaryschool.org.uk,2077352419,,Not applicable,,,,2,Does not have a sixth form,Has Nursery Classes,3,11,2,No Special Classes,0,Not applicable,3,Mixed,,1,No boarders,15/01/2026,29/6/2026 00:00:00,E09000022,Lambeth,E05014108,Oval,E14001559,Vauxhall and Camberwell Green,UN1,Urban: Nearer to a major town or city,E09000022,530994,177580,E02000621,Lambeth 004,E01033864,Lambeth 004H,H,London,0,Does not apply,Does not apply,0,Not applicable,4,Local authority maintained schools,0,Not applicable,,,Supported by a federation,1951,Wyvern Federation,,0,Not applicable,,0,Not applicable,,Not applicable,,,Not applicable,,Not applicable,Not applicable,Not applicable,,,Not applicable
Bonneville Junior School,208,Lambeth,999,,2,Primary,1,Community school,Not applicable,Not applicable,2,Closed,,0,Not applicable,04/01/1997,0,Not applicable,100557,,2057,,,,,,,,,,,,,,,,,,,,,,,,,,,,,,Headteacher,,,,Abbeville Road,Bonneville Gardens,,London,,SW4 9LB,,,,,Not applicable,,,,0,Not applicable,No Nursery Classes,7,11,2,No Special Classes,0,Not applicable,3,Mixed,,1,No boarders,,14/11/2018 00:00:00,E09000022,Lambeth,E05000418,Clapham Common,E14000978,Streatham,A1,(England/Wales) Urban major conurbation,E09000022,529358,174325,E02000636,Lambeth 019,E01003026,Lambeth 019A,H,London,0,Does not apply,Does not apply,0,Not applicable,4,Local authority maintained schools,0,Not applicable,,,Not under a federation,,,,0,Not applicable,,0,Not applicable,,Not applicable,,,Not applicable,,Not applicable,Not applicable,Not applicable,,,Not applicable
Bonneville Infant School,208,Lambeth,999,,2,Primary,1,Community school,Not applicable,Not applicable,2,Closed,,0,Not applicable,04/01/1997,0,Not applicable,100558,,2058,,,,,,,,,,,,,,,,,,,,,,,,,,,,,,Headteacher,,,,Bonneville Gardens,Abbeville Road,,London,,SW4 9LB,,,,,Not applicable,,,,0,Not applicable,Has Nursery Classes,5,7,2,No Special Classes,0,Not applicable,3,Mixed,,1,No boarders,,14/11/2018 00:00:00,E09000022,Lambeth,E05000418,Clapham Common,E14000978,Streatham,A1,(England/Wales) Urban major conurbation,E09000022,529358,174325,E02000636,Lambeth 019,E01003026,Lambeth 019A,H,London,0,Does not apply,Does not apply,0,Not applicable,4,Local authority maintained schools,0,Not applicable,,,Not under a federation,,,,0,Not applicable,,0,Not applicable,,Not applicable,,,Not applicable,,Not applicable,Not applicable,Not applicable,,,Not applicable
Caldecot Primary School,208,Lambeth,999,,2,Primary,1,Community school,Not applicable,Not applicable,2,Closed,,0,Not applicable,31/12/1997,0,Not applicable,100559,,2083,,,,,,,,,,,,,,,,,,,,,,,,,,,,,,Headteacher,,,,Caldecot Road,Camberwell,,London,,SE5 9RN,,,,,Not applicable,,,,0,Not applicable,Has Nursery Classes,3,11,2,No Special Classes,0,Not applicable,3,Mixed,,1,No boarders,,14/11/2018 00:00:00,E09000022,Lambeth,E05000423,Herne Hill,E14000673,Dulwich and West Norwood,A1,(England/Wales) Urban major conurbation,E09000022,532480,176144,E02000631,Lambeth 014,E01003076,Lambeth 014C,H,London,0,Does not apply,Does not apply,0,Not applicable,4,Local authority maintained schools,0,Not applicable,,,Not under a federation,,,,0,Not applicable,,0,Not applicable,,Not applicable,,,Not applicable,,Not applicable,Not applicable,Not applicable,,,Not applicable
Clapham Manor Primary School,208,Lambeth,999,,2,Primary,1,Community school,Not applicable,Not applicable,1,Open,,0,Not applicable,,0,Not applicable,100560,10074663,2115,,377,206,171,420,150,40.9,,,,,,,,,,,,,,,,,,,,Mr,James,Broad,Headteacher,2.00E+11,,,Belmont Road,Clapham,,London,,SW4 0BZ,,www.claphammanor.lambeth.sch.uk,2076223919,,Not applicable,,,,2,Does not have a sixth form,Has Nursery Classes,3,11,2,No Special Classes,0,Not applicable,3,Mixed,,1,No boarders,15/01/2026,09/01/2026 00:00,E09000022,Lambeth,E05014102,Clapham Town,E14001175,Clapham and Brixton Hill,UN1,Urban: Nearer to a major town or city,E09000022,529473,175582,E02000630,Lambeth 013,E01003039,Lambeth 013C,H,London,0,Does not apply,Does not apply,0,Not applicable,4,Local authority maintained schools,0,Not applicable,,,Supported by a federation,17792,Acre Schools Federation,,0,Not applicable,,0,Not applicable,,Not applicable,,,Not applicable,,Not applicable,Not applicable,Not applicable,,,Not applicable
Mostyn Gardens Primary School,208,Lambeth,999,,2,Primary,1,Community school,Not applicable,Not applicable,2,Closed,,0,Not applicable,31/08/1999,0,Not applicable,100561,,2136,,,,,,,,,,,,,,,,,,,,,,,,,,,Mr,B,Gill,Headteacher,,,,Cowley Road,,,London,,SW9 6HF,,,,,Not applicable,,,,0,Not applicable,Has Nursery Classes,3,11,2,No Special Classes,0,Not applicable,3,Mixed,,1,No boarders,,14/11/2018 00:00:00,E09000022,Lambeth,E05000436,Vassall,E14001008,Vauxhall,A1,(England/Wales) Urban major conurbation,E09000022,531262,176740,E02000624,Lambeth 007,E01003184,Lambeth 007B,H,London,0,Does not apply,Does not apply,0,Not applicable,4,Local authority maintained schools,0,Not applicable,,,Not under a federation,,,,0,Not applicable,,0,Not applicable,,Not applicable,,,Not applicable,,Not applicable,Not applicable,Not applicable,,,Not applicable
Effra Primary School,208,Lambeth,999,,2,Primary,1,Community school,Not applicable,Not applicable,2,Closed,,0,Not applicable,31/08/2002,1,Result of Amalgamation/Merger,100562,,2191,,,,,,,,,,,,,,,,,,,,,,,,,,,Mrs,B M,Sadler,Headteacher,,,,37 Effra Parade,Brixton,,London,,SW2 1PL,,,,,Not applicable,,,,0,Not applicable,No Nursery Classes,5,11,2,No Special Classes,0,Not applicable,3,Mixed,,1,No boarders,,14/11/2018 00:00:00,E09000022,Lambeth,E05000423,Herne Hill,E14000673,Dulwich and West Norwood,A1,(England/Wales) Urban major conurbation,E09000022,531443,174834,E02000635,Lambeth 018,E01003071,Lambeth 018D,H,London,0,Does not apply,Does not apply,0,Not applicable,4,Local authority maintained schools,0,Not applicable,,,Not under a federation,,,,0,Not applicable,,0,Not applicable,,Not applicable,,,Not applicable,,Not applicable,Not applicable,Not applicable,,,Not applicable
Norwood Park School,208,Lambeth,999,,2,Primary,1,Community school,Not applicable,Not applicable,2,Closed,,0,Not applicable,31/08/2002,2,Closure,100563,,2253,,,,,,,,,,,,,,,,,,,,,,,,,,,Mr,P,Boyd,Headteacher,,,,Gipsy Road,,,London,,SE27 9TG,,,,,Not applicable,,,,0,Not applicable,Has Nursery Classes,3,11,2,No Special Classes,0,Not applicable,3,Mixed,,1,No boarders,,14/11/2018 00:00:00,E09000022,Lambeth,E05000422,Gipsy Hill,E14000673,Dulwich and West Norwood,A1,(England/Wales) Urban major conurbation,E09000022,532365,171647,E02000645,Lambeth 028,E01003066,Lambeth 028B,H,London,0,Does not apply,Does not apply,0,Not applicable,4,Local authority maintained schools,0,Not applicable,,,Not under a federation,,,,0,Not applicable,,0,Not applicable,,Not applicable,,,Not applicable,,Not applicable,Not applicable,Not applicable,,,Not applicable
Granton Primary School,208,Lambeth,999,,2,Primary,1,Community school,Not applicable,Not applicable,1,Open,,0,Not applicable,,0,Not applicable,100564,10074662,2265,,637,311,326,630,356,55.9,,,,,,,,,,,,,,,,,,,,Mr,Edison,David,Headteacher,1.00E+11,,,Granton Road,Streatham,,London,,SW16 5AN,,www.grantonprimary.org.uk/,2087646414,,Not applicable,,,,2,Does not have a sixth form,Has Nursery Classes,3,11,2,No Special Classes,0,Not applicable,3,Mixed,,1,No boarders,15/01/2026,29/6/2026 00:00:00,E09000022,Lambeth,E05014112,Streatham Common & Vale,E14001527,Streatham and Croydon North,UN1,Urban: Nearer to a major town or city,E09000022,529288,170025,E02000652,Lambeth 035,E01003139,Lambeth 035A,H,London,0,Does not apply,Does not apply,0,Not applicable,4,Local authority maintained schools,0,Not applicable,,,Not under a federation,,,,0,Not applicable,,0,Not applicable,,Not applicable,,,Not applicable,,Not applicable,Not applicable,Not applicable,,,Not applicable
Haselrigge School,208,Lambeth,999,,2,Primary,1,Community school,Not applicable,Not applicable,2,Closed,,0,Not applicable,01/01/2001,0,Not applicable,100565,,2286,,,,,,,,,,,,,,,,,,,,,,,,,,,Mrs,Y,Steel,Headteacher,,,,Haselrigge Road,,,London,,SW4 7EP,,,,,Not applicable,,,,0,Not applicable,Has Nursery Classes,3,11,1,Has Special Classes,0,Not applicable,3,Mixed,,1,No boarders,,14/11/2018 00:00:00,E09000022,Lambeth,E05000421,Ferndale,E14001008,Vauxhall,A1,(England/Wales) Urban major conurbation,E09000022,529969,175231,E02000634,Lambeth 017,E01003057,Lambeth 017D,H,London,0,Does not apply,Does not apply,0,Not applicable,4,Local authority maintained schools,0,Not applicable,,,Not under a federation,,,,0,Not applicable,,0,Not applicable,,Not applicable,,,Not applicable,,Not applicable,Not applicable,Not applicable,,,Not applicable
Heathbrook Primary School,208,Lambeth,999,,2,Primary,1,Community school,Not applicable,Not applicable,1,Open,,0,Not applicable,,0,Not applicable,100566,10074661,2292,,339,172,167,420,120,37.6,,,,,,,,,,,,,,,,,,,,Mr,Ben,Roberts,Headteacher,1.00E+11,,,St Rule Street,,,London,,SW8 3EH,,www.heathbrook.org/,2076224101,,Not applicable,,,,2,Does not have a sixth form,Has Nursery Classes,3,11,2,No Special Classes,0,Not applicable,3,Mixed,,1,No boarders,15/01/2026,29/6/2026 00:00:00,E09000022,Lambeth,E05014102,Clapham Town,E14001175,Clapham and Brixton Hill,UN1,Urban: Nearer to a major town or city,E09000022,529067,176207,E02000630,Lambeth 013,E01003037,Lambeth 013A,H,London,0,Does not apply,Does not apply,0,Not applicable,4,Local authority maintained schools,0,Not applicable,,,Not under a federation,,,,0,Not applicable,,0,Not applicable,,Not applicable,,,Not applicable,,Not applicable,Not applicable,Not applicable,,,Not applicable
Henry Cavendish Primary School,208,Lambeth,999,,2,Primary,1,Community school,Not applicable,Not applicable,1,Open,,0,Not applicable,,0,Not applicable,100567,10074660,2295,,873,456,417,927,111,12.7,,,,,,,,,,,,,,,,,,,,Mr,Matthew,Apsley,Headteacher,2.00E+11,,,Hydethorpe Road,,,London,,SW12 0JA,,http://www.henrycavendish.co.uk,2086733376,,Not applicable,,,,2,Does not have a sixth form,Has Nursery Classes,3,11,2,No Special Classes,0,Not applicable,3,Mixed,,1,No boarders,15/01/2026,29/6/2026 00:00:00,E09000022,Lambeth,E05014114,Streatham Hill West & Thornton,E14001175,Clapham and Brixton Hill,UN1,Urban: Nearer to a major town or city,E09000022,529164,173386,E02000640,Lambeth 023,E01003157,Lambeth 023C,H,London,0,Does not apply,Does not apply,0,Not applicable,4,Local authority maintained schools,0,Not applicable,,,Not under a federation,,,,0,Not applicable,,0,Not applicable,,Not applicable,,,Not applicable,,Not applicable,Not applicable,Not applicable,,,Not applicable
Henry Fawcett Junior School,208,Lambeth,999,,2,Primary,1,Community school,Not applicable,Not applicable,2,Closed,,0,Not applicable,09/01/1999,0,Not applicable,100568,,2297,,,,,,,,,,,,,,,,,,,,,,,,,,,Mr,James,Walker,Headteacher,,,,Clayton Street,,,London,,SE11 5BZ,,,,,Not applicable,,,,0,Not applicable,No Nursery Classes,7,11,2,No Special Classes,0,Not applicable,3,Mixed,,1,No boarders,,14/11/2018 00:00:00,E09000022,Lambeth,E05000426,Oval,E14001008,Vauxhall,A1,(England/Wales) Urban major conurbation,E09000022,531198,177886,E02000620,Lambeth 003,E01003101,Lambeth 003A,H,London,0,Does not apply,Does not apply,0,Not applicable,4,Local authority maintained schools,0,Not applicable,,,Not under a federation,,,,0,Not applicable,,0,Not applicable,,Not applicable,,,Not applicable,,Not applicable,Not applicable,Not applicable,,,Not applicable
Henry Fawcett Infant School,208,Lambeth,999,,2,Primary,1,Community school,Not applicable,Not applicable,2,Closed,,0,Not applicable,09/01/1999,0,Not applicable,100569,,2298,,,,,,,,,,,,,,,,,,,,,,,,,,,Mrs,E,Cordingley,Headteacher,,,,Clayton Street,,,London,,SE11 5BZ,,,,,Not applicable,,,,0,Not applicable,Has Nursery Classes,3,7,2,No Special Classes,0,Not applicable,3,Mixed,,1,No boarders,,14/11/2018 00:00:00,E09000022,Lambeth,E05000426,Oval,E14001008,Vauxhall,A1,(England/Wales) Urban major conurbation,E09000022,531198,177886,E02000620,Lambeth 003,E01003101,Lambeth 003A,H,London,0,Does not apply,Does not apply,0,Not applicable,4,Local authority maintained schools,0,Not applicable,,,Not under a federation,,,,0,Not applicable,,0,Not applicable,,Not applicable,,,Not applicable,,Not applicable,Not applicable,Not applicable,,,Not applicable
Hitherfield Junior School,208,Lambeth,999,,2,Primary,1,Community school,Not applicable,Not applicable,2,Closed,,0,Not applicable,31/03/1999,0,Not applicable,100570,,2305,,,,,,,,,,,,,,,,,,,,,,,,,,,Dr,R,Hoyle,Headteacher,,,,Leigham Vale,Streatham,,London,,SW16 2JQ,,,,,Not applicable,,,,0,Not applicable,No Nursery Classes,7,11,2,No Special Classes,0,Not applicable,3,Mixed,,1,No boarders,,14/11/2018 00:00:00,E09000022,Lambeth,E05000432,Streatham Wells,E14000978,Streatham,A1,(England/Wales) Urban major conurbation,E09000022,531122,172473,E02000644,Lambeth 027,E01003152,Lambeth 027E,H,London,0,Does not apply,Does not apply,0,Not applicable,4,Local authority maintained schools,0,Not applicable,,,Not under a federation,,,,0,Not applicable,,0,Not applicable,,Not applicable,,,Not applicable,,Not applicable,Not applicable,Not applicable,,,Not applicable
Hitherfield Infant School,208,Lambeth,999,,2,Primary,1,Community school,Not applicable,Not applicable,2,Closed,,0,Not applicable,31/03/1999,0,Not applicable,100571,,2306,,,,,,,,,,,,,,,,,,,,,,,,,,,Ms,A,Folley,Headteacher,,,,Hitherfield Road,,,London,,SW16 2JQ,,,,,Not applicable,,,,0,Not applicable,Has Nursery Classes,3,7,2,No Special Classes,0,Not applicable,3,Mixed,,1,No boarders,,14/11/2018 00:00:00,E09000022,Lambeth,E05000432,Streatham Wells,E14000978,Streatham,A1,(England/Wales) Urban major conurbation,E09000022,531122,172473,E02000644,Lambeth 027,E01003152,Lambeth 027E,H,London,0,Does not apply,Does not apply,0,Not applicable,4,Local authority maintained schools,0,Not applicable,,,Not under a federation,,,,0,Not applicable,,0,Not applicable,,Not applicable,,,Not applicable,,Not applicable,Not applicable,Not applicable,,,Not applicable
Jessop Primary School,208,Lambeth,999,,2,Primary,1,Community school,Not applicable,Not applicable,1,Open,,0,Not applicable,,0,Not applicable,100572,10070043,2331,,281,154,127,455,89,32.2,,,,,,,,,,,,,,,,,,,,Ms,Andrea,Parker,Headteacher,2.00E+11,,,Lowden Road,Herne Hill,,London,,SE24 0BJ,,www.jessop.lambeth.sch.uk/,2072742333,,Not applicable,,,,2,Does not have a sixth form,Has Nursery Classes,2,11,2,No Special Classes,0,Not applicable,3,Mixed,,1,No boarders,15/01/2026,29/6/2026 00:00:00,E09000022,Lambeth,E05014104,Herne Hill & Loughborough Junction,E14001205,Dulwich and West Norwood,UN1,Urban: Nearer to a major town or city,E09000022,531996,175145,E02000631,Lambeth 014,E01003073,Lambeth 014B,H,London,0,Does not apply,Does not apply,0,Not applicable,4,Local authority maintained schools,0,Not applicable,,,Supported by a federation,1947,BJS Federation of Schools,,0,Not applicable,,0,Not applicable,,Not applicable,,,Not applicable,,Not applicable,Not applicable,Not applicable,,,Not applicable
Johanna Primary School,208,Lambeth,999,,2,Primary,1,Community school,Not applicable,Not applicable,2,Closed,,0,Not applicable,31/08/2011,10,Academy Converter,100573,,2332,,,,,210,,,,,,,,,,,,,,,,,,,,,,Ms,Diana,Morgan,Headteacher,,,,Johanna Street,Lower Marsh,,London,,SE1 7RH,,,,,Not applicable,,,,0,Not applicable,Has Nursery Classes,3,11,2,No Special Classes,0,Not applicable,3,Mixed,,1,No boarders,,14/11/2018 00:00:00,E09000022,Lambeth,E05000416,Bishop's,E14001008,Vauxhall,A1,(England/Wales) Urban major conurbation,E09000022,531185,179665,E02006801,Lambeth 036,E01032582,Lambeth 036E,H,London,0,Does not apply,Does not apply,0,Not applicable,4,Local authority maintained schools,0,Not applicable,,,Not under a federation,,,,0,Not applicable,,0,Not applicable,,Not applicable,,,Not applicable,,Not applicable,Not applicable,Not applicable,,,Not applicable
Kingswood Primary School,208,Lambeth,999,,2,Primary,1,Community school,Not applicable,Not applicable,1,Open,,0,Not applicable,,99,,100574,10074659,2359,,362,186,176,506,165,46.9,,,,,,,,,,,,,,,,,,,,Ms,Kelly,Foster,Headteacher,1.00E+11,,,Gipsy Road,,,London,,SE27 9RD,,https://www.kingswoodprimary.co.uk/,2086703576,,Not applicable,,,,2,Does not have a sixth form,Has Nursery Classes,3,11,2,No Special Classes,0,Not applicable,3,Mixed,,1,No boarders,15/01/2026,09/01/2026 00:00,E09000022,Lambeth,E05014103,Gipsy Hill,E14001205,Dulwich and West Norwood,UN1,Urban: Nearer to a major town or city,E09000022,532856,171503,E02000648,Lambeth 031,E01003068,Lambeth 031B,H,London,0,Does not apply,Does not apply,0,Not applicable,4,Local authority maintained schools,0,Not applicable,,,Not under a federation,,,,0,Not applicable,,0,Not applicable,,Not applicable,,,Not applicable,,Not applicable,Not applicable,Not applicable,,,Not applicable
Lark Hall Junior School and Centre for Pupils With Autism,208,Lambeth,999,,2,Primary,1,Community school,Not applicable,Not applicable,2,Closed,,0,Not applicable,09/11/2003,1,Result of Amalgamation/Merger,100575,,2369,,,,,240,,,,,,,,,,,,,,,,,,,,,,Mr,P,James,Headteacher,,,,Smedley Street,,,London,,SW4 6PH,,,,,Not applicable,,,,0,Not applicable,No Nursery Classes,7,11,1,Has Special Classes,0,Not applicable,3,Mixed,,1,No boarders,,14/11/2018 00:00:00,E09000022,Lambeth,E05000425,Larkhall,E14001008,Vauxhall,A1,(England/Wales) Urban major conurbation,E09000022,529973,176240,E02000625,Lambeth 008,E01003092,Lambeth 008C,H,London,0,Does not apply,Does not apply,0,Not applicable,4,Local authority maintained schools,0,Not applicable,,,Not under a federation,,,,0,Not applicable,,0,Not applicable,,Not applicable,,,Not applicable,,Not applicable,Not applicable,Not applicable,,,Not applicable
Larkhall Primary Campus,208,Lambeth,999,,2,Primary,1,Community school,Not applicable,Not applicable,1,Open,01/01/1900,0,Not applicable,,99,,100576,10072924,2371,,304,171,133,356,179,62.2,,,,,,Yes,,,,,,,,,Resourced provision,72,72,,,Mr,Gary,Nichol,Headteacher,2.00E+11,,,Smedley Street,Clapham,,London,,SW4 6PH,,www.larkhall.lambeth.sch.uk,2076223820,,Not applicable,,,,2,Does not have a sixth form,Has Nursery Classes,2,11,0,Not applicable,0,Not applicable,3,Mixed,,1,No boarders,15/01/2026,09/08/2026 00:00,E09000022,Lambeth,E05014111,Stockwell West & Larkhall,E14001175,Clapham and Brixton Hill,UN1,Urban: Nearer to a major town or city,E09000022,529999,176292,E02000625,Lambeth 008,E01003092,Lambeth 008C,H,London,0,Does not apply,Does not apply,0,Not applicable,4,Local authority maintained schools,0,Not applicable,,,Not under a federation,,,,0,Not applicable,,0,Not applicable,,Not applicable,,,Not applicable,,Not applicable,Not applicable,Not applicable,,,Not applicable
Paxton Primary School,208,Lambeth,999,,2,Primary,1,Community school,Not applicable,Not applicable,1,Open,,0,Not applicable,,99,,100577,10074658,2459,,386,185,201,680,56,14.7,,,,,,,,,,,,,,,,,,,,Mr,Jeff,Muhammad,Headteacher,1.00E+11,,,Woodland Road,,,London,,SE19 1PA,,https://www.paxtonprimary.co.uk/,2086702935,,Not applicable,,,,2,Does not have a sixth form,Has Nursery Classes,3,11,2,No Special Classes,0,Not applicable,3,Mixed,,1,No boarders,15/01/2026,29/6/2026 00:00:00,E09000028,Southwark,E05011101,Dulwich Wood,E14001205,Dulwich and West Norwood,UN1,Urban: Nearer to a major town or city,E09000022,533512,170963,E02000839,Southwark 033,E01003948,Southwark 033D,H,London,0,Does not apply,Does not apply,0,Not applicable,4,Local authority maintained schools,0,Not applicable,,,Not under a federation,,,,0,Not applicable,,0,Not applicable,,Not applicable,,,Not applicable,,Not applicable,Not applicable,Not applicable,,,Not applicable
Richard Atkins Primary School,208,Lambeth,999,,2,Primary,1,Community school,Not applicable,Not applicable,1,Open,,0,Not applicable,,0,Not applicable,100578,10072923,2504,,204,115,89,342,85,41.9,,,,,,,Yes,,,,,,,,Resourced provision,4,15,,,Mrs,Claudia,Fleary-Tayabali,Headteacher,2.00E+11,,,New Park Road,,,London,,SW2 4JP,,www.richardatkins.org,2086745601,,Not applicable,,,,2,Does not have a sixth form,Has Nursery Classes,3,11,2,No Special Classes,0,Not applicable,3,Mixed,,1,No boarders,15/01/2026,23/9/2026 00:00:00,E09000022,Lambeth,E05014101,Clapham Park,E14001175,Clapham and Brixton Hill,UN1,Urban: Nearer to a major town or city,E09000022,530256,173786,E02000638,Lambeth 021,E01003023,Lambeth 021C,H,London,0,Does not apply,Does not apply,0,Not applicable,4,Local authority maintained schools,0,Not applicable,,,Not under a federation,,,,0,Not applicable,,0,Not applicable,,Not applicable,,,Not applicable,,,,,,,
Rosendale Junior School,208,Lambeth,999,,2,Primary,1,Community school,Not applicable,Not applicable,2,Closed,,0,Not applicable,01/01/1998,0,Not applicable,100579,,2522,,,,,,,,,,,,,,,,,,,,,,,,,,,,,,Headteacher,10093339651,,,Turney Road,West Dulwich,,London,,SE21 8LX,,,,,Not applicable,,,,0,Not applicable,No Nursery Classes,7,11,2,No Special Classes,0,Not applicable,3,Mixed,,1,No boarders,,14/11/2018 00:00:00,E09000022,Lambeth,E05000434,Thurlow Park,E14000673,Dulwich and West Norwood,A1,(England/Wales) Urban major conurbation,E09000022,532355,173672,E02000642,Lambeth 025,E01003170,Lambeth 025E,H,London,0,Does not apply,Does not apply,0,Not applicable,4,Local authority maintained schools,0,Not applicable,,,Not under a federation,,,,0,Not applicable,,0,Not applicable,,Not applicable,,,Not applicable,,Not applicable,Not applicable,Not applicable,,,Not applicable
Rosendale Infant School,208,Lambeth,999,,2,Primary,1,Community school,Not applicable,Not applicable,2,Closed,,0,Not applicable,01/01/1998,0,Not applicable,100580,,2523,,,,,,,,,,,,,,,,,,,,,,,,,,,,,,Headteacher,10093339651,,,Turney Road,West Dulwich,,London,,SE21 8LX,,,,,Not applicable,,,,0,Not applicable,Has Nursery Classes,5,7,2,No Special Classes,0,Not applicable,3,Mixed,,1,No boarders,,14/11/2018 00:00:00,E09000022,Lambeth,E05000434,Thurlow Park,E14000673,Dulwich and West Norwood,A1,(England/Wales) Urban major conurbation,E09000022,532355,173672,E02000642,Lambeth 025,E01003170,Lambeth 025E,H,London,0,Does not apply,Does not apply,0,Not applicable,4,Local authority maintained schools,0,Not applicable,,,Not under a federation,,,,0,Not applicable,,0,Not applicable,,Not applicable,,,Not applicable,,Not applicable,Not applicable,Not applicable,,,Not applicable
Santley Primary School,208,Lambeth,999,,2,Primary,1,Community school,Not applicable,Not applicable,2,Closed,,0,Not applicable,31/08/1997,0,Not applicable,100581,,2537,,,,,,,,,,,,,,,,,,,,,,,,,,,,,,Headteacher,,,,Santley Street,,,London,,SW4 7QD,,,,,Not applicable,,,,0,Not applicable,Has Nursery Classes,3,11,2,No Special Classes,0,Not applicable,3,Mixed,,1,No boarders,,14/11/2018 00:00:00,E09000022,Lambeth,E05000421,Ferndale,E14001008,Vauxhall,A1,(England/Wales) Urban major conurbation,E09000022,530603,175299,E02000632,Lambeth 015,E01003056,Lambeth 015D,H,London,0,Does not apply,Does not apply,0,Not applicable,4,Local authority maintained schools,0,Not applicable,,,Not under a federation,,,,0,Not applicable,,0,Not applicable,,Not applicable,,,Not applicable,,Not applicable,Not applicable,Not applicable,,,Not applicable
Stockwell Primary School,208,Lambeth,999,,2,Primary,1,Community school,Not applicable,Not applicable,1,Open,,0,Not applicable,,0,Not applicable,100582,10070042,2902,,358,186,172,460,150,45.2,,,,,,,,,,,,,,,,,,,,Headteacher,Andrea,Parker,Head of School,1.00E+11,,,Stockwell Road,,,London,,SW9 9TG,,http://www.stockwell-pri.lambeth.sch.uk,2072747687,,Not applicable,,,,2,Does not have a sixth form,Has Nursery Classes,2,11,2,No Special Classes,0,Not applicable,3,Mixed,,1,No boarders,15/01/2026,22/9/2026 00:00:00,E09000022,Lambeth,E05014096,Brixton North,E14001175,Clapham and Brixton Hill,UN1,Urban: Nearer to a major town or city,E09000022,530821,175861,E02000632,Lambeth 015,E01003053,Lambeth 015B,H,London,0,Does not apply,Does not apply,0,Not applicable,4,Local authority maintained schools,0,Not applicable,,,Supported by a federation,1947,BJS Federation of Schools,,0,Not applicable,,0,Not applicable,,Not applicable,,,Not applicable,,Not applicable,Not applicable,Not applicable,,,Not applicable
Stockwell Infants' School,208,Lambeth,999,,2,Primary,1,Community school,Not applicable,Not applicable,2,Closed,,0,Not applicable,04/10/2000,0,Not applicable,100583,,2573,,,,,,,,,,,,,,,,,,,,,,,,,,,Mrs,J,Mullholland,Headteacher,,,,Stockwell Road,,,London,,SW9 9TG,,,,,Not applicable,,,,0,Not applicable,Has Nursery Classes,3,7,2,No Special Classes,0,Not applicable,3,Mixed,,1,No boarders,,14/11/2018 00:00:00,E09000022,Lambeth,E05000421,Ferndale,E14001008,Vauxhall,A1,(England/Wales) Urban major conurbation,E09000022,530821,175861,E02000632,Lambeth 015,E01003053,Lambeth 015B,H,London,0,Does not apply,Does not apply,0,Not applicable,4,Local authority maintained schools,0,Not applicable,,,Not under a federation,,,,0,Not applicable,,0,Not applicable,,Not applicable,,,Not applicable,,Not applicable,Not applicable,Not applicable,,,Not applicable
Sudbourne Primary School,208,Lambeth,999,,2,Primary,1,Community school,Not applicable,Not applicable,1,Open,,0,Not applicable,,0,Not applicable,100584,10074657,2575,,296,150,146,270,108,37.4,,,,,,,,,,,,,,,,,,,,Mr,James,Broad,Headteacher,2.00E+11,,,Mandrell Road,Brixton,,London,,SW2 5EF,United Kingdom,http://www.sudbourne.com,2072747631,,Not applicable,,,,2,Does not have a sixth form,Has Nursery Classes,3,11,2,No Special Classes,0,Not applicable,3,Mixed,,1,No boarders,15/01/2026,09/01/2026 00:00,E09000022,Lambeth,E05014095,Brixton Acre Lane,E14001175,Clapham and Brixton Hill,UN1,Urban: Nearer to a major town or city,E09000022,530757,174948,E02000632,Lambeth 015,E01003019,Lambeth 015A,H,London,0,Does not apply,Does not apply,0,Not applicable,4,Local authority maintained schools,0,Not applicable,,,Supported by a federation,17792,Acre Schools Federation,,0,Not applicable,,0,Not applicable,,Not applicable,,,Not applicable,,Not applicable,Not applicable,Not applicable,,,Not applicable
Sunnyhill Primary School,208,Lambeth,999,,2,Primary,1,Community school,Not applicable,Not applicable,1,Open,,0,Not applicable,,0,Not applicable,100585,10075867,2578,,402,188,214,455,210,56.1,,,,,,,,,,,,,,,,,,,,Mrs,Sarah,Wilson,Headteacher,1.00E+11,,,Sunnyhill Road,Streatham,,London,,SW16 2UW,,www.sunnyhillprimary.com,2087694785,,Not applicable,,,,2,Does not have a sixth form,Has Nursery Classes,3,11,2,No Special Classes,4,Non-selective,3,Mixed,,1,No boarders,15/01/2026,09/01/2026 00:00,E09000022,Lambeth,E05014116,Streatham Wells,E14001527,Streatham and Croydon North,UN1,Urban: Nearer to a major town or city,E09000022,530786,171686,E02000649,Lambeth 032,E01003148,Lambeth 032E,H,London,0,Does not apply,Does not apply,0,Not applicable,4,Local authority maintained schools,0,Not applicable,,,Not under a federation,,,,0,Not applicable,,0,Not applicable,,Not applicable,,,Not applicable,,Not applicable,Not applicable,Not applicable,,,Not applicable
Telferscot Primary School,208,Lambeth,999,,2,Primary,1,Community school,Not applicable,Not applicable,1,Open,,0,Not applicable,,0,Not applicable,100586,10074656,2591,,436,216,220,455,40,9.6,,,,,,,,,,,,,,,,,,,,Mr,David,Cooper,Headteacher,121035772,,,Telferscot Road,Balham,,London,,SW12 0HW,,http://www.telferscot.co.uk,2086737362,,Not applicable,,,,2,Does not have a sixth form,Has Nursery Classes,3,11,2,No Special Classes,0,Not applicable,3,Mixed,,1,No boarders,15/01/2026,09/01/2026 00:00,E09000022,Lambeth,E05014114,Streatham Hill West & Thornton,E14001175,Clapham and Brixton Hill,UN1,Urban: Nearer to a major town or city,E09000022,529567,173153,E02000640,Lambeth 023,E01003158,Lambeth 023D,H,London,0,Does not apply,Does not apply,0,Not applicable,4,Local authority maintained schools,0,Not applicable,,,Not under a federation,,,,0,Not applicable,,0,Not applicable,,Not applicable,,,Not applicable,,Not applicable,Not applicable,Not applicable,,,Not applicable
Brockwell Junior School,208,Lambeth,999,,2,Primary,1,Community school,Not applicable,Not applicable,2,Closed,,0,Not applicable,09/01/1996,0,Not applicable,100587,,2612,,,,,,,,,,,,,,,,,,,,,,,,,,,,,,Headteacher,10000445340,,,Tulse Hill Estate,Tulse Hill,Brixton,London,,SW2 2JE,,,,,Not applicable,,,,0,Not applicable,No Nursery Classes,7,11,2,No Special Classes,0,Not applicable,3,Mixed,,1,No boarders,,24/9/2015 00:00:00,E09000022,Lambeth,E05000435,Tulse Hill,E14000978,Streatham,A1,(England/Wales) Urban major conurbation,E09000022,531108,174289,E02000641,Lambeth 024,E01003179,Lambeth 024E,H,London,0,Does not apply,Does not apply,0,Not applicable,4,Local authority maintained schools,0,Not applicable,,,Not under a federation,,,,0,Not applicable,,0,Not applicable,,Not applicable,,,Not applicable,,Not applicable,Not applicable,Not applicable,,,Not applicable
Vauxhall Primary School,208,Lambeth,999,,2,Primary,5,Foundation school,Not applicable,Not applicable,1,Open,,0,Not applicable,,0,Not applicable,100588,10074655,2617,,188,94,94,236,100,53.2,,,,,,,,,,,,,,,,,,,,Ms,Vanessa,Bennett,Acting Headteacher,1.00E+11,,,Vauxhall Street,,,London,,SE11 5LG,,www.vauxhallprimary.org.uk/,2077354535,,Not applicable,,,,2,Does not have a sixth form,Has Nursery Classes,3,11,2,No Special Classes,0,Not applicable,3,Mixed,,1,No boarders,15/01/2026,09/02/2026 00:00,E09000022,Lambeth,E05014117,Vauxhall,E14001559,Vauxhall and Camberwell Green,UN1,Urban: Nearer to a major town or city,E09000022,530783,178344,E02000620,Lambeth 003,E01003105,Lambeth 003B,H,London,0,Does not apply,Does not apply,0,Not applicable,4,Local authority maintained schools,2,Not supported by a trust,,,Supported by a federation,1951,Wyvern Federation,,0,Not applicable,,0,Not applicable,,Not applicable,,,Not applicable,,Not applicable,Not applicable,Not applicable,,,Not applicable
Walnut Tree Walk Primary School,208,Lambeth,999,,2,Primary,1,Community school,Not applicable,Not applicable,1,Open,,0,Not applicable,,0,Not applicable,100589,10074654,2626,,420,212,208,390,100,24,,,,,,,,,,,,,,,,,,,,Mr,Andrew,Chaplin,Headteacher,1.00E+11,,,Walnut Tree Walk,,,London,,SE11 6DS,,www.wtwschool.co.uk,2077351402,,Not applicable,,,,2,Does not have a sixth form,Has Nursery Classes,3,11,2,No Special Classes,0,Not applicable,3,Mixed,,1,No boarders,15/01/2026,09/07/2026 00:00,E09000022,Lambeth,E05014105,Kennington,E14001559,Vauxhall and Camberwell Green,UN1,Urban: Nearer to a major town or city,E09000022,531071,178909,E02000619,Lambeth 002,E01003015,Lambeth 002A,H,London,0,Does not apply,Does not apply,0,Not applicable,4,Local authority maintained schools,0,Not applicable,,,Not under a federation,,,,0,Not applicable,,0,Not applicable,,Not applicable,,,Not applicable,,Not applicable,Not applicable,Not applicable,,,Not applicable
Woodmansterne School,208,Lambeth,999,,7,All-through,1,Community school,Not applicable,Not applicable,1,Open,,0,Not applicable,,0,Not applicable,100590,10068731,2657,,1637,853,784,1842,357,23.6,,,,,,,,,,,,,,,Not applicable,,,,,Ms,Samantha,Palin,Executive Headteacher,1.00E+11,,,Woodmansterne Road,Streatham,,London,,SW16 5UQ,United Kingdom,www.woodmansterne.london,2087641825,,Not applicable,,,,1,Has a sixth form,Has Nursery Classes,3,18,2,No Special Classes,0,Not applicable,3,Mixed,,1,No boarders,15/01/2026,20/8/2026 00:00:00,E09000022,Lambeth,E05014112,Streatham Common & Vale,E14001527,Streatham and Croydon North,UN1,Urban: Nearer to a major town or city,E09000022,529749,169828,E02000652,Lambeth 035,E01003140,Lambeth 035B,H,London,0,Does not apply,Does not apply,0,Not applicable,4,Local authority maintained schools,0,Not applicable,,,Supported by a federation,17709,WCL Federation,,0,Not applicable,,0,Not applicable,,Not applicable,,,Not applicable,,Not applicable,Not applicable,Not applicable,,,Not applicable
"Wyvil Primary School and Resource Bases for Speech, Language and Communication Needs, and Autism",208,Lambeth,999,,2,Primary,5,Foundation school,Not applicable,Not applicable,1,Open,,0,Not applicable,,0,Not applicable,100591,10073713,2664,,439,235,204,556,214,48.7,,,,,Yes,Yes,,,,,,,,,Resourced provision,103,103,,,Miss,Lisa,Hodgkinson,Headteacher,1.00E+11,,,Wyvil Road,,,London,,SW8 2TJ,,www.wyvilschool.org.uk/,2076221164,,Not applicable,,,,2,Does not have a sixth form,Has Nursery Classes,3,11,2,No Special Classes,0,Not applicable,3,Mixed,,1,No boarders,15/01/2026,15/9/2026 00:00:00,E09000022,Lambeth,E05014117,Vauxhall,E14001559,Vauxhall and Camberwell Green,UN1,Urban: Nearer to a major town or city,E09000022,530264,177481,E02000621,Lambeth 004,E01033865,Lambeth 004I,H,London,6,None,Does not apply,0,Not applicable,4,Local authority maintained schools,2,Not supported by a trust,,,Supported by a federation,1951,Wyvern Federation,,0,Not applicable,,0,Not applicable,,Not applicable,,,Not applicable,,Not applicable,Not applicable,Not applicable,,,Not applicable
Glenbrook Primary School,208,Lambeth,999,,2,Primary,1,Community school,Not applicable,Not applicable,2,Closed,,0,Not applicable,09/01/2003,1,Result of Amalgamation/Merger,100592,,2669,,,,,240,,,,,,,,,,,,,,,,,,,,,,Ms,K,Neil,Headteacher,,,,Clarence Avenue,Clapham Park,,London,,SW4 8LD,,,,,Not applicable,,,,0,Not applicable,No Nursery Classes,7,11,2,No Special Classes,0,Not applicable,3,Mixed,,1,No boarders,,14/11/2018 00:00:00,E09000022,Lambeth,E05000433,Thornton,E14000978,Streatham,A1,(England/Wales) Urban major conurbation,E09000022,529881,174323,E02000639,Lambeth 022,E01003159,Lambeth 022C,H,London,0,Does not apply,Does not apply,0,Not applicable,4,Local authority maintained schools,0,Not applicable,,,Not under a federation,,,,0,Not applicable,,0,Not applicable,,Not applicable,,,Not applicable,,Not applicable,Not applicable,Not applicable,,,Not applicable
Crown Lane Primary School,208,Lambeth,999,,2,Primary,1,Community school,Not applicable,Not applicable,1,Open,,0,Not applicable,,0,Not applicable,100593,10072922,2783,,223,133,90,420,82,36.8,,,,,,Yes,,,,Yes,,,Yes,,Resourced provision,20,20,,,Ms,Samantha,Palin,Headteacher,2.00E+11,,,Crown Lane,Streatham,,London,,SW16 3HX,,www.crownlane.lambeth.sch.uk/,2086704713,,Not applicable,,,,2,Does not have a sixth form,Has Nursery Classes,3,11,2,No Special Classes,0,Not applicable,3,Mixed,,1,No boarders,15/01/2026,20/8/2026 00:00:00,E09000022,Lambeth,E05014106,Knight's Hill,E14001205,Dulwich and West Norwood,UN1,Urban: Nearer to a major town or city,E09000022,531556,171096,E02000648,Lambeth 031,E01003087,Lambeth 031E,H,London,0,Does not apply,Does not apply,0,Not applicable,4,Local authority maintained schools,0,Not applicable,,,Supported by a federation,17709,WCL Federation,,0,Not applicable,,0,Not applicable,,Not applicable,,,Not applicable,,Not applicable,Not applicable,Not applicable,,,Not applicable
Fenstanton Junior School,208,Lambeth,999,,2,Primary,1,Community school,Not applicable,Not applicable,2,Closed,,0,Not applicable,31/08/2001,0,Not applicable,100594,,2784,,,,,,,,,,,,,,,,,,,,,,,,,,,Ms,L,Collins,Headteacher,,,,Abbots Park,Tulse Hill,,London,,SW2 3PW,,,,,Not applicable,,,,0,Not applicable,No Nursery Classes,7,11,2,No Special Classes,0,Not applicable,3,Mixed,,1,No boarders,,14/11/2018 00:00:00,E09000022,Lambeth,E05000435,Tulse Hill,E14000978,Streatham,A1,(England/Wales) Urban major conurbation,E09000022,531198,173161,E02000641,Lambeth 024,E01003174,Lambeth 024C,H,London,0,Does not apply,Does not apply,0,Not applicable,4,Local authority maintained schools,0,Not applicable,,,Not under a federation,,,,0,Not applicable,,0,Not applicable,,Not applicable,,,Not applicable,,Not applicable,Not applicable,Not applicable,,,Not applicable
Fenstanton Primary School,208,Lambeth,999,,2,Primary,1,Community school,Not applicable,Not applicable,1,Open,,0,Not applicable,,99,,100595,10074653,2785,,145,74,71,630,79,56.8,,,,,,,,,,,,,,,,,,,,Ms,Gillian,Roberts,Head of School,10090196121,,,Abbots Park,Tulse Hill,,London,,SW2 3PW,,https://www.fenstantonprimary.co.uk/,2086743311,,Not applicable,,,,2,Does not have a sixth form,Has Nursery Classes,3,11,2,No Special Classes,0,Not applicable,3,Mixed,,1,No boarders,15/01/2026,29/6/2026 00:00:00,E09000022,Lambeth,E05014109,St Martin's,E14001175,Clapham and Brixton Hill,UN1,Urban: Nearer to a major town or city,E09000022,531198,173161,E02000641,Lambeth 024,E01003174,Lambeth 024C,H,London,0,Does not apply,Does not apply,0,Not applicable,4,Local authority maintained schools,0,Not applicable,,,Not under a federation,,,,0,Not applicable,,0,Not applicable,,Not applicable,,,Not applicable,,Not applicable,Not applicable,Not applicable,,,Not applicable
Brockwell Infant School,208,Lambeth,999,,2,Primary,1,Community school,Not applicable,Not applicable,2,Closed,,0,Not applicable,09/01/1996,0,Not applicable,100596,,2788,,,,,,,,,,,,,,,,,,,,,,,,,,,,,,Headteacher,10000445340,,,Tulse Hill Estate,Tulse Hill,Brixton,London,,SW2 2JE,,,,,Not applicable,,,,0,Not applicable,Has Nursery Classes,5,7,2,No Special Classes,0,Not applicable,3,Mixed,,1,No boarders,,24/9/2015 00:00:00,E09000022,Lambeth,E05000435,Tulse Hill,E14000978,Streatham,A1,(England/Wales) Urban major conurbation,E09000022,531108,174289,E02000641,Lambeth 024,E01003179,Lambeth 024E,H,London,0,Does not apply,Does not apply,0,Not applicable,4,Local authority maintained schools,0,Not applicable,,,Not under a federation,,,,0,Not applicable,,0,Not applicable,,Not applicable,,,Not applicable,,Not applicable,Not applicable,Not applicable,,,Not applicable
Elm Wood School,208,Lambeth,999,,2,Primary,1,Community school,Not applicable,Not applicable,1,Open,,0,Not applicable,,99,,100597,10074652,2794,,364,172,192,446,105,29.1,,,,,,,,,,,,,,,,,,,,Mrs,Jo,Leith,Headteacher,2.00E+11,,,Carnac Street,West Norwood,,London,,SE27 9RR,,elmwoodprimary.co.uk,2086701621,,Not applicable,,,,2,Does not have a sixth form,Has Nursery Classes,3,11,0,Not applicable,0,Not applicable,3,Mixed,,1,No boarders,15/01/2026,29/6/2026 00:00:00,E09000022,Lambeth,E05014103,Gipsy Hill,E14001205,Dulwich and West Norwood,UN1,Urban: Nearer to a major town or city,E09000022,532733,172061,E02000648,Lambeth 031,E01003065,Lambeth 031A,H,London,0,Does not apply,Does not apply,0,Not applicable,4,Local authority maintained schools,0,Not applicable,,,Not under a federation,,,,0,Not applicable,,0,Not applicable,,Not applicable,,,Not applicable,,Not applicable,Not applicable,Not applicable,,,Not applicable
Allen Edwards Primary School,208,Lambeth,999,,2,Primary,1,Community school,Not applicable,Not applicable,1,Open,,0,Not applicable,,0,Not applicable,100598,10074651,2808,,387,204,183,460,192,49.6,,,,,,Yes,,,,,,,,,Resourced provision,24,24,,,Mrs,Louise,Robertson,Headteacher,2.00E+11,,,Studley Road,Stockwell,,London,,SW4 6RP,,http://www.allenedwards.co.uk,2076223985,,Not applicable,,,,2,Does not have a sixth form,Has Nursery Classes,3,11,2,No Special Classes,0,Not applicable,3,Mixed,,1,No boarders,15/01/2026,29/6/2026 00:00:00,E09000022,Lambeth,E05014111,Stockwell West & Larkhall,E14001559,Vauxhall and Camberwell Green,UN1,Urban: Nearer to a major town or city,E09000022,530167,176541,E02000623,Lambeth 006,E01003123,Lambeth 006C,H,London,0,Does not apply,Does not apply,0,Not applicable,4,Local authority maintained schools,0,Not applicable,,,Not under a federation,,,,0,Not applicable,,0,Not applicable,,Not applicable,,,Not applicable,,Not applicable,Not applicable,Not applicable,,,Not applicable
King's Acre Primary School,208,Lambeth,999,,2,Primary,1,Community school,Not applicable,Not applicable,2,Closed,,0,Not applicable,31/12/2000,0,Not applicable,100599,,2814,,,,,,,,,,,,,,,,,,,,,,,,,,,,A,Debono,Headteacher,,,,King's Avenue,Clapham,,London,,SW4 8BQ,,,,,Not applicable,,,,0,Not applicable,Has Nursery Classes,3,11,2,No Special Classes,0,Not applicable,3,Mixed,,1,No boarders,,14/11/2018 00:00:00,E09000022,Lambeth,E05000418,Clapham Common,E14000978,Streatham,A1,(England/Wales) Urban major conurbation,E09000022,530055,174685,E02000634,Lambeth 017,E01003029,Lambeth 017A,H,London,0,Does not apply,Does not apply,0,Not applicable,4,Local authority maintained schools,0,Not applicable,,,Not under a federation,,,,0,Not applicable,,0,Not applicable,,Not applicable,,,Not applicable,,Not applicable,Not applicable,Not applicable,,,Not applicable
Loughborough Junior School,208,Lambeth,999,,2,Primary,1,Community school,Not applicable,Not applicable,2,Closed,,0,Not applicable,31/12/2001,1,Result of Amalgamation/Merger,100600,,2817,,,,,,,,,,,,,,,,,,,,,,,,,,,Mr,Richard,Thornhill,Headteacher,,,,Minet Road,,,London,,SW9 7UA,,,,,Not applicable,,,,0,Not applicable,No Nursery Classes,7,11,2,No Special Classes,0,Not applicable,3,Mixed,,1,No boarders,,14/11/2018 00:00:00,E09000022,Lambeth,E05000420,Coldharbour,E14000673,Dulwich and West Norwood,A1,(England/Wales) Urban major conurbation,E09000022,531716,176212,E02000626,Lambeth 009,E01003046,Lambeth 009A,H,London,0,Does not apply,Does not apply,0,Not applicable,4,Local authority maintained schools,0,Not applicable,,,Not under a federation,,,,0,Not applicable,,0,Not applicable,,Not applicable,,,Not applicable,,Not applicable,Not applicable,Not applicable,,,Not applicable
Glenbrook Primary School,208,Lambeth,999,,2,Primary,1,Community school,Not applicable,Not applicable,1,Open,,0,Not applicable,,99,,100601,10074650,2836,,153,85,68,450,97,64.7,,,,,,,,,,,,,,,,,,,,Ms,Jane,Scarsbrook,Adting Head of School,1.00E+11,,,Clarence Crescent,Clapham Park,,London,,SW4 8LD,,www.glenbrookprimary.co.uk,2086742387,,Not applicable,,,,2,Does not have a sixth form,Has Nursery Classes,3,11,2,No Special Classes,0,Not applicable,3,Mixed,,1,No boarders,15/01/2026,09/08/2026 00:00,E09000022,Lambeth,E05014101,Clapham Park,E14001175,Clapham and Brixton Hill,UN1,Urban: Nearer to a major town or city,E09000022,529881,174323,E02000639,Lambeth 022,E01003159,Lambeth 022C,H,London,0,Does not apply,Does not apply,0,Not applicable,4,Local authority maintained schools,0,Not applicable,,,Not under a federation,,,,0,Not applicable,,0,Not applicable,,Not applicable,,,Not applicable,,Not applicable,Not applicable,Not applicable,,,Not applicable
Julian's School,208,Lambeth,999,,2,Primary,5,Foundation school,Not applicable,Not applicable,1,Open,,0,Not applicable,,0,Not applicable,100602,10069599,5209,,908,440,468,1050,175,19.4,,,,,,,,,,,,,,,,,,,,Ms,Alison,Moller,Headteacher,1.00E+11,,,16 Wolfington Road,West Norwood,,London,,SE27 0JF,,www.juliansprimary.org.uk/,2087611894,,Not applicable,,,,2,Does not have a sixth form,Has Nursery Classes,3,11,2,No Special Classes,0,Not applicable,3,Mixed,,1,No boarders,15/01/2026,29/6/2026 00:00:00,E09000022,Lambeth,E05014106,Knight's Hill,E14001205,Dulwich and West Norwood,UN1,Urban: Nearer to a major town or city,E09000022,531795,171950,E02000645,Lambeth 028,E01003081,Lambeth 028C,H,London,6,None,Does not apply,0,Not applicable,4,Local authority maintained schools,2,Not supported by a trust,,,Not under a federation,,,,0,Not applicable,,0,Not applicable,,Not applicable,,,Not applicable,,Not applicable,Not applicable,Not applicable,,,Not applicable
Loughborough Infant School,208,Lambeth,999,,2,Primary,1,Community school,Not applicable,Not applicable,2,Closed,,0,Not applicable,31/12/2001,1,Result of Amalgamation/Merger,100603,,2853,,,,,,,,,,,,,,,,,,,,,,,,,,,Ms,Diana,Shepherd,Headteacher,,,,Minet Road,Brixton,,London,,SW9 7UA,,,,,Not applicable,,,,0,Not applicable,Has Nursery Classes,3,7,2,No Special Classes,0,Not applicable,3,Mixed,,1,No boarders,,14/11/2018 00:00:00,E09000022,Lambeth,E05000420,Coldharbour,E14000673,Dulwich and West Norwood,A1,(England/Wales) Urban major conurbation,E09000022,531716,176212,E02000626,Lambeth 009,E01003046,Lambeth 009A,H,London,0,Does not apply,Does not apply,0,Not applicable,4,Local authority maintained schools,0,Not applicable,,,Not under a federation,,,,0,Not applicable,,0,Not applicable,,Not applicable,,,Not applicable,,Not applicable,Not applicable,Not applicable,,,Not applicable
Herbert Morrison Primary School,208,Lambeth,999,,2,Primary,1,Community school,Not applicable,Not applicable,1,Open,,0,Not applicable,,0,Not applicable,100604,10074649,2868,,208,93,115,236,75,36.8,,,,,,,,,,,,,,,,,,,,Mrs,Lucy,Peake,Head of School,2.00E+11,,,Hartington Road,,,London,,SW8 2HP,,www.herbertmorrisonprimaryschool.co.uk,2077203439,,Not applicable,,,,2,Does not have a sixth form,Has Nursery Classes,3,11,2,No Special Classes,0,Not applicable,3,Mixed,,1,No boarders,15/01/2026,29/6/2026 00:00:00,E09000022,Lambeth,E05014108,Oval,E14001559,Vauxhall and Camberwell Green,UN1,Urban: Nearer to a major town or city,E09000022,530243,177187,E02000623,Lambeth 006,E01003097,Lambeth 006A,H,London,0,Does not apply,Does not apply,0,Not applicable,4,Local authority maintained schools,0,Not applicable,,,Supported by a federation,1951,Wyvern Federation,,0,Not applicable,,0,Not applicable,,Not applicable,,,Not applicable,,Not applicable,Not applicable,Not applicable,,,Not applicable
Hill Mead Junior School,208,Lambeth,999,,2,Primary,1,Community school,Not applicable,Not applicable,2,Closed,,0,Not applicable,09/01/1997,0,Not applicable,100605,,2873,,,,,,,,,,,,,,,,,,,,,,,,,,,,,,Headteacher,,,,Hill Mead Drive,Moorland Road,,London,,SW9 8QJ,,,,,Not applicable,,,,0,Not applicable,No Nursery Classes,7,11,2,No Special Classes,0,Not applicable,3,Mixed,,1,No boarders,,14/11/2018 00:00:00,E09000022,Lambeth,E05000436,Vassall,E14001008,Vauxhall,A1,(England/Wales) Urban major conurbation,E09000022,531300,176835,E02000624,Lambeth 007,E01003187,Lambeth 007E,H,London,0,Does not apply,Does not apply,0,Not applicable,4,Local authority maintained schools,0,Not applicable,,,Not under a federation,,,,0,Not applicable,,0,Not applicable,,Not applicable,,,Not applicable,,Not applicable,Not applicable,Not applicable,,,Not applicable
Ashby Mill Primary School,208,Lambeth,999,,2,Primary,1,Community school,Not applicable,Not applicable,2,Closed,,0,Not applicable,31/12/1997,0,Not applicable,100606,,2875,,,,,,,,,,,,,,,,,,,,,,,,,,,,,,Headteacher,,,,Prague Place,Off Lyham Road,,London,,SW2 5EB,,,,,Not applicable,,,,0,Not applicable,Has Nursery Classes,3,11,2,No Special Classes,0,Not applicable,3,Mixed,,1,No boarders,,14/11/2018 00:00:00,E09000022,Lambeth,E05000417,Brixton Hill,E14000978,Streatham,A1,(England/Wales) Urban major conurbation,E09000022,530180,174638,E02000632,Lambeth 015,E01003019,Lambeth 015A,H,London,0,Does not apply,Does not apply,0,Not applicable,4,Local authority maintained schools,0,Not applicable,,,Not under a federation,,,,0,Not applicable,,0,Not applicable,,Not applicable,,,Not applicable,,Not applicable,Not applicable,Not applicable,,,Not applicable
Hill Mead Infant School,208,Lambeth,999,,2,Primary,1,Community school,Not applicable,Not applicable,2,Closed,,0,Not applicable,09/01/1997,0,Not applicable,100607,,2892,,,,,,,,,,,,,,,,,,,,,,,,,,,,,,Headteacher,,,,Eaton Drive,Somerleyton Road,,London,,SW9 8ND,,,,,Not applicable,,,,0,Not applicable,Has Nursery Classes,5,7,2,No Special Classes,0,Not applicable,3,Mixed,,1,No boarders,,14/11/2018 00:00:00,E09000022,Lambeth,E05000420,Coldharbour,E14000673,Dulwich and West Norwood,A1,(England/Wales) Urban major conurbation,E09000022,531486,175134,E02000633,Lambeth 016,E01003052,Lambeth 016C,H,London,0,Does not apply,Does not apply,0,Not applicable,4,Local authority maintained schools,0,Not applicable,,,Not under a federation,,,,0,Not applicable,,0,Not applicable,,Not applicable,,,Not applicable,,Not applicable,Not applicable,Not applicable,,,Not applicable
Streatham Wells Primary School,208,Lambeth,999,,2,Primary,1,Community school,Not applicable,Not applicable,2,Closed,,0,Not applicable,31/01/2023,10,Academy Converter,100608,10074648,2895,,237,125,112,210,52,23.4,,,,,,,,,,,,,,,,,,,,Ms,Sarah,Wordlaw,Headteacher,1.00E+11,,,50 Palace Road,,,London,,SW2 3NJ,,,,,Not applicable,,,,2,Does not have a sixth form,Has Nursery Classes,3,11,2,No Special Classes,0,Not applicable,3,Mixed,,1,No boarders,19/01/2023,09/11/2023 00:00,E09000022,Lambeth,E05014113,Streatham Hill East,E14000978,Streatham,A1,(England/Wales) Urban major conurbation,E09000022,531042,172902,E02000641,Lambeth 024,E01003132,Lambeth 024A,H,London,0,Does not apply,Does not apply,0,Not applicable,4,Local authority maintained schools,0,Not applicable,,,Not under a federation,,,,0,Not applicable,,0,Not applicable,,Not applicable,,,Not applicable,,Not applicable,Not applicable,Not applicable,,,Not applicable
Archbishop Sumner Church of England Primary School,208,Lambeth,999,,2,Primary,2,Voluntary aided school,Not applicable,Not applicable,1,Open,,0,Not applicable,,0,Not applicable,100609,10069855,3307,,238,110,128,300,111,46.6,,,,,Yes,,,,,,,,,,Resourced provision,0,4,,,Mrs,Kate,Evans,Headteacher,2.00E+11,,,Reedworth Street,Lambeth,Kennington,London,,SE11 4PH,,https://www.absprimary.co.uk/,2077352781,,Not applicable,,,,2,Does not have a sixth form,No Nursery Classes,4,11,2,No Special Classes,0,Not applicable,3,Mixed,,1,No boarders,15/01/2026,09/08/2026 00:00,E09000022,Lambeth,E05014105,Kennington,E14001559,Vauxhall and Camberwell Green,UN1,Urban: Nearer to a major town or city,E09000022,531312,178655,E02000619,Lambeth 002,E01003110,Lambeth 002C,H,London,2,Church of England,Does not apply,CE36,Diocese of Southwark,4,Local authority maintained schools,0,Not applicable,,,Not under a federation,,,,0,Not applicable,,0,Not applicable,,Not applicable,,,Not applicable,,Not applicable,Not applicable,Not applicable,,,Not applicable
Christ Church Primary SW9,208,Lambeth,999,,2,Primary,2,Voluntary aided school,Not applicable,Not applicable,1,Open,,0,Not applicable,,0,Not applicable,100610,10079294,3324,,169,88,81,209,57,33.7,,,,,,,,,,,,,,,,,,,,Miss,Jayne,Mitchell,Executive Headteacher,1.00E+11,,,Cancell Road,North Brixton,,London,,SW9 6HN,,www.christchurchschool.cc,2077351343,,Not applicable,,,,2,Does not have a sixth form,Has Nursery Classes,3,11,2,No Special Classes,0,Not applicable,3,Mixed,,1,No boarders,15/01/2026,29/6/2026 00:00:00,E09000022,Lambeth,E05014107,Myatt's Fields,E14001559,Vauxhall and Camberwell Green,UN1,Urban: Nearer to a major town or city,E09000022,531482,176949,E02000624,Lambeth 007,E01003187,Lambeth 007E,H,London,2,Church of England,Does not apply,CE36,Diocese of Southwark,4,Local authority maintained schools,0,Not applicable,,,Supported by a federation,16507,SW9 Partnership,,0,Not applicable,,0,Not applicable,,Not applicable,,,Not applicable,,Not applicable,Not applicable,Not applicable,,,Not applicable
"Christ Church , Streatham Church of England Primary School",208,Lambeth,999,,2,Primary,2,Voluntary aided school,Not applicable,Not applicable,2,Closed,,0,Not applicable,31/05/2018,10,Academy Converter,100611,,3329,,197,95,102,210,50,25.4,,,,,,,,,,,,,,,,,,,,Mrs,N,Zeronian-Dalley,Headteacher,2.00E+11,,,Cotherstone Road,Streatham,,London,,SW2 3NF,,,,,Not applicable,,,,2,Does not have a sixth form,No Nursery Classes,5,11,2,No Special Classes,0,Not applicable,3,Mixed,,1,No boarders,18/01/2018,19/9/2018 00:00:00,E09000022,Lambeth,E05000417,Brixton Hill,E14000978,Streatham,A1,(England/Wales) Urban major conurbation,E09000022,530642,173424,E02000638,Lambeth 021,E01003025,Lambeth 021E,H,London,2,Church of England,Does not apply,CE36,Diocese of Southwark,4,Local authority maintained schools,0,Not applicable,,,Not under a federation,,,,0,Not applicable,,0,Not applicable,,Not applicable,,,Not applicable,,Not applicable,Not applicable,Not applicable,,,Not applicable
Macaulay Church of England Primary School,208,Lambeth,999,,2,Primary,2,Voluntary aided school,Not applicable,Not applicable,1,Open,,0,Not applicable,,0,Not applicable,100612,10074031,3375,,176,94,82,210,64,36.4,,,,,,,,,,,,,,,,,,,,,Susan,Eade,Headteacher,1.00E+11,,,Victoria Rise,Clapham,,,,SW4 0NU,,http://www.macaulaycofeschool.co.uk,2076221355,,Not applicable,,,,2,Does not have a sixth form,Has Nursery Classes,3,11,2,No Special Classes,0,Not applicable,3,Mixed,,1,No boarders,15/01/2026,29/6/2026 00:00:00,E09000022,Lambeth,E05014102,Clapham Town,E14001175,Clapham and Brixton Hill,UN1,Urban: Nearer to a major town or city,E09000022,528789,175481,E02000630,Lambeth 013,E01003042,Lambeth 013E,H,London,2,Church of England,Does not apply,CE36,Diocese of Southwark,4,Local authority maintained schools,0,Not applicable,,,Not under a federation,,,,0,Not applicable,,0,Not applicable,,Not applicable,,,Not applicable,,Not applicable,Not applicable,Not applicable,,,Not applicable
St Andrew's Church of England Primary School,208,Lambeth,999,,2,Primary,2,Voluntary aided school,Not applicable,Not applicable,1,Open,,0,Not applicable,,0,Not applicable,100613,10074731,3403,,146,67,79,210,74,50.7,,,,,,,,,,,,,,,,,,,,Ms,Jayne,Mitchell,Headteacher,2.00E+11,,,Kay Road,Stockwell,,London,,SW9 9DE,,www.standrewsprimaryschoolstockwell.org,2072747012,,Not applicable,,,,2,Does not have a sixth form,No Nursery Classes,4,11,2,No Special Classes,0,Not applicable,3,Mixed,,1,No boarders,15/01/2026,21/9/2026 00:00:00,E09000022,Lambeth,E05014110,Stockwell East,E14001175,Clapham and Brixton Hill,UN1,Urban: Nearer to a major town or city,E09000022,530518,176047,E02000627,Lambeth 010,E01003094,Lambeth 010C,H,London,2,Church of England,Does not apply,CE36,Diocese of Southwark,4,Local authority maintained schools,0,Not applicable,,,Supported by a federation,16507,SW9 Partnership,,0,Not applicable,,0,Not applicable,,Not applicable,,,Not applicable,,Not applicable,Not applicable,Not applicable,,,Not applicable
St John the Divine Church of England Primary School,208,Lambeth,999,,2,Primary,2,Voluntary aided school,Not applicable,Not applicable,1,Open,,0,Not applicable,,0,Not applicable,100614,10074030,3457,,97,45,52,210,44,45.8,,,,,,,,,,,,,,,,,,,,Mrs,Catherine,Warland,Headteacher,2.00E+11,,,Warham Street,Camberwell New Road,,London,,SE5 0SX,,www.sjtdprimary.org.uk,2077354898,,Not applicable,,,,2,Does not have a sixth form,Has Nursery Classes,3,11,2,No Special Classes,0,Not applicable,3,Mixed,,1,No boarders,15/01/2026,09/01/2026 00:00,E09000028,Southwark,E05011105,Newington,E14001559,Vauxhall and Camberwell Green,UN1,Urban: Nearer to a major town or city,E09000022,531782,177253,E02000827,Southwark 021,E01003926,Southwark 021F,H,London,2,Church of England,Does not apply,CE36,Diocese of Southwark,4,Local authority maintained schools,0,Not applicable,,,Not under a federation,,,,0,Not applicable,,0,Not applicable,,Not applicable,,,Not applicable,,Not applicable,Not applicable,Not applicable,,,Not applicable
St John's Angell Town Church of England Primary School,208,Lambeth,999,,2,Primary,2,Voluntary aided school,Not applicable,Not applicable,1,Open,,0,Not applicable,,0,Not applicable,100615,10069854,3466,,158,81,77,245,81,51.6,,,,,,,,,,,,,,,,,,,,Mr,Patrick,Williams,Headteacher,2.00E+11,,,85 Angell Road,Brixton,,London,,SW9 7HH,,www.st-johns.lambeth.sch.uk,2072744847,,Not applicable,,,,2,Does not have a sixth form,Has Nursery Classes,3,11,2,No Special Classes,0,Not applicable,3,Mixed,,1,No boarders,15/01/2026,29/6/2026 00:00:00,E09000022,Lambeth,E05014096,Brixton North,E14001205,Dulwich and West Norwood,UN1,Urban: Nearer to a major town or city,E09000022,531478,176039,E02000628,Lambeth 011,E01003049,Lambeth 011C,H,London,2,Church of England,Does not apply,CE36,Diocese of Southwark,4,Local authority maintained schools,0,Not applicable,,,Not under a federation,,,,0,Not applicable,,0,Not applicable,,Not applicable,,,Not applicable,,Not applicable,Not applicable,Not applicable,,,Not applicable
St Jude's Church of England Primary School,208,Lambeth,999,,2,Primary,2,Voluntary aided school,Not applicable,Not applicable,1,Open,,0,Not applicable,,0,Not applicable,100616,10074730,3491,,168,80,88,210,41,24.4,,,,,,,,,,,,,,,,,,,,Mr,Andrew,Rojas,Headteacher,2.00E+11,,,Regent Road,Herne Hill,,London,,SE24 0EL,,www.stjudeslambeth.co.uk,2072742883,,Not applicable,,,,2,Does not have a sixth form,No Nursery Classes,4,11,2,No Special Classes,0,Not applicable,3,Mixed,,1,No boarders,15/01/2026,29/6/2026 00:00:00,E09000022,Lambeth,E05014104,Herne Hill & Loughborough Junction,E14001205,Dulwich and West Norwood,UN1,Urban: Nearer to a major town or city,E09000022,531761,174518,E02000635,Lambeth 018,E01003074,Lambeth 018E,H,London,2,Church of England,Does not apply,CE36,Diocese of Southwark,4,Local authority maintained schools,0,Not applicable,,,Not under a federation,,,,0,Not applicable,,0,Not applicable,,Not applicable,,,Not applicable,,Not applicable,Not applicable,Not applicable,,,Not applicable
St Leonard's Church of England Primary School,208,Lambeth,999,,2,Primary,2,Voluntary aided school,Not applicable,Not applicable,2,Closed,,0,Not applicable,31/05/2018,10,Academy Converter,100617,,3493,,271,120,151,270,33,13.3,,,,,,,,,,,,,,,,,,,,Mr,Simon,Jackson,Headteacher,1.00E+11,,,42 Mitcham Lane,Streatham,,London,,SW16 6NP,,,,,Not applicable,,,,2,Does not have a sixth form,Has Nursery Classes,4,11,2,No Special Classes,0,Not applicable,3,Mixed,,1,No boarders,18/01/2018,19/9/2018 00:00:00,E09000022,Lambeth,E05000428,St Leonard's,E14000978,Streatham,A1,(England/Wales) Urban major conurbation,E09000022,529711,171437,E02000649,Lambeth 032,E01003113,Lambeth 032A,H,London,2,Church of England,Does not apply,CE36,Diocese of Southwark,4,Local authority maintained schools,0,Not applicable,,,Not under a federation,,,,0,Not applicable,,0,Not applicable,,Not applicable,,,Not applicable,,Not applicable,Not applicable,Not applicable,,,Not applicable
St Luke's Church of England Primary School,208,Lambeth,999,,2,Primary,2,Voluntary aided school,Not applicable,Not applicable,2,Closed,,0,Not applicable,31/05/2018,10,Academy Converter,100618,,3499,,202,89,113,210,62,30.7,,,,,,,,,,,,,,,,,,,,Mrs,Nicola,Zeronian-Dalley,Executive Headteacher,2.00E+11,,,Linton Grove,,,London,,SE27 0DZ,,,,,Not applicable,,,,2,Does not have a sixth form,No Nursery Classes,4,11,2,No Special Classes,0,Not applicable,3,Mixed,,1,No boarders,18/01/2018,19/9/2018 00:00:00,E09000022,Lambeth,E05000424,Knight's Hill,E14000673,Dulwich and West Norwood,A1,(England/Wales) Urban major conurbation,E09000022,532197,171468,E02000648,Lambeth 031,E01003082,Lambeth 031C,H,London,2,Church of England,Does not apply,CE36,Diocese of Southwark,4,Local authority maintained schools,0,Not applicable,,,Not under a federation,,,,0,Not applicable,,0,Not applicable,,Not applicable,,,Not applicable,,Not applicable,Not applicable,Not applicable,,,Not applicable
St Mark's Church of England Primary School,208,Lambeth,999,,2,Primary,2,Voluntary aided school,Not applicable,Not applicable,1,Open,,0,Not applicable,,0,Not applicable,100619,10074027,3502,,213,108,105,240,110,51.6,,,,,,,,,,,,,,,,,,,,Mr,Sola,Ingram,Acting Headteacher,2.00E+11,,,Harleyford Road,Kennington,,London,,SE11 5SL,,www.stmarkscofeprimarylambeth.co.uk,2077351467,,Not applicable,,,,2,Does not have a sixth form,Has Nursery Classes,3,11,2,No Special Classes,0,Not applicable,3,Mixed,,1,No boarders,15/01/2026,29/6/2026 00:00:00,E09000022,Lambeth,E05014108,Oval,E14001559,Vauxhall and Camberwell Green,UN1,Urban: Nearer to a major town or city,E09000022,530822,177860,E02000621,Lambeth 004,E01003102,Lambeth 004A,H,London,2,Church of England,Does not apply,CE36,Diocese of Southwark,4,Local authority maintained schools,0,Not applicable,,,Not under a federation,,,,0,Not applicable,,0,Not applicable,,Not applicable,,,Not applicable,,Not applicable,Not applicable,Not applicable,,,Not applicable
St Saviour's Church of England Primary School,208,Lambeth,999,,2,Primary,2,Voluntary aided school,Not applicable,Not applicable,1,Open,,0,Not applicable,,0,Not applicable,100620,10076250,3589,,114,58,56,210,37,32.5,,,,,,,,,,,,,,,,,,,,Mrs,Christine,Graham,Headteacher,2.00E+11,,,Herne Hill Road,,,London,,SE24 0AY,,www.stsaviourslambeth.co.uk,2072747986,,Not applicable,,,,2,Does not have a sixth form,No Nursery Classes,4,11,2,No Special Classes,0,Not applicable,3,Mixed,,1,No boarders,15/01/2026,13/9/2026 00:00:00,E09000022,Lambeth,E05014104,Herne Hill & Loughborough Junction,E14001205,Dulwich and West Norwood,UN1,Urban: Nearer to a major town or city,E09000022,532228,175575,E02000631,Lambeth 014,E01003078,Lambeth 014E,H,London,2,Church of England,Does not apply,CE36,Diocese of Southwark,4,Local authority maintained schools,0,Not applicable,,,Not under a federation,,,,0,Not applicable,,0,Not applicable,,Not applicable,,,Not applicable,,Not applicable,Not applicable,Not applicable,,,Not applicable
St Stephen's Church of England Primary School,208,Lambeth,999,,2,Primary,2,Voluntary aided school,Not applicable,Not applicable,1,Open,,0,Not applicable,,0,Not applicable,100621,10074029,3596,,199,98,101,236,110,60.1,,,,,,,,,,,,,,,Not applicable,,,,,Mrs,Linda,Campbell,Headteacher,2.00E+11,,,Dorset Road,,,London,,SW8 1EJ,,www.st-stephens.lambeth.sch.uk/,2077351023,,Not applicable,,,,2,Does not have a sixth form,Has Nursery Classes,3,11,2,No Special Classes,0,Not applicable,3,Mixed,,1,No boarders,15/01/2026,14/9/2026 00:00:00,E09000022,Lambeth,E05014108,Oval,E14001559,Vauxhall and Camberwell Green,UN1,Urban: Nearer to a major town or city,E09000022,530488,177314,E02000621,Lambeth 004,E01003129,Lambeth 004E,H,London,2,Church of England,Does not apply,CE36,Diocese of Southwark,4,Local authority maintained schools,0,Not applicable,,,Not under a federation,,,,0,Not applicable,,0,Not applicable,,Not applicable,,,Not applicable,,Not applicable,Not applicable,Not applicable,,,Not applicable
Holy Trinity Church of England Primary School,208,Lambeth,999,,2,Primary,2,Voluntary aided school,Not applicable,Not applicable,1,Open,,0,Not applicable,,0,Not applicable,100622,10074729,3621,,119,53,66,420,64,53.8,,,,,,,,,,,,,,,,,,,,Ms,Pauline,Thomas,Headteacher,2.00E+11,,,Upper Tulse Hill,Lambeth,,London,,SW2 2RL,,www.holytrinityceprimary.org.uk,2086749051,,Not applicable,,,,2,Does not have a sixth form,No Nursery Classes,4,11,2,No Special Classes,0,Not applicable,3,Mixed,,1,No boarders,15/01/2026,29/6/2026 00:00:00,E09000022,Lambeth,E05014097,Brixton Rush Common,E14001175,Clapham and Brixton Hill,UN1,Urban: Nearer to a major town or city,E09000022,530854,173742,E02000637,Lambeth 020,E01003173,Lambeth 020C,H,London,2,Church of England,Does not apply,CE36,Diocese of Southwark,4,Local authority maintained schools,0,Not applicable,,,Not under a federation,,,,0,Not applicable,,0,Not applicable,,Not applicable,,,Not applicable,,Not applicable,Not applicable,Not applicable,,,Not applicable
St Helen's Catholic Primary School,208,Lambeth,999,,2,Primary,2,Voluntary aided school,Not applicable,Not applicable,1,Open,,0,Not applicable,,0,Not applicable,100623,10075983,3641,,247,128,119,360,114,46.9,,,,,,,,,,,,,,,,,,,,Mr,Adrian,Le Cuirot,Headteacher,2.00E+11,,,Knowle Close,Brixton,,London,,SW9 0TQ,,https://www.st-helens.lambeth.sch.uk/contact-us/,2072744343,,Not applicable,,,,2,Does not have a sixth form,Has Nursery Classes,3,11,2,No Special Classes,0,Not applicable,3,Mixed,,1,No boarders,15/01/2026,29/6/2026 00:00:00,E09000022,Lambeth,E05014096,Brixton North,E14001175,Clapham and Brixton Hill,UN1,Urban: Nearer to a major town or city,E09000022,531142,175926,E02000628,Lambeth 011,E01003060,Lambeth 011E,H,London,3,Roman Catholic,Does not apply,RC19,Archdiocese of Southwark,4,Local authority maintained schools,0,Not applicable,,,Not under a federation,,,,0,Not applicable,,0,Not applicable,,Not applicable,,,Not applicable,,Not applicable,Not applicable,Not applicable,,,Not applicable
The Norwood School,208,Lambeth,999,,4,Secondary,1,Community school,Not applicable,Not applicable,1,Open,,0,Not applicable,,0,Not applicable,100624,10004778,4223,,1076,537,539,900,286,32.1,,,,,,,,,,,,,,,,,,,,Co Headteacher,Niki  Clemenger,Richard Cole,Headteacher,2.00E+11,,,Crown Dale,Lambeth,,London,,SE19 3NY,,http://www.thenorwoodschool.org/,2086709382,,Not applicable,,,,1,Has a sixth form,No Nursery Classes,11,19,2,No Special Classes,4,Non-selective,3,Mixed,,1,No boarders,15/01/2026,31/8/2026 00:00:00,E09000022,Lambeth,E05014106,Knight's Hill,E14001205,Dulwich and West Norwood,UN1,Urban: Nearer to a major town or city,E09000022,532224,171065,E02000648,Lambeth 031,E01003086,Lambeth 031D,H,London,0,Does not apply,Does not apply,0,Not applicable,4,Local authority maintained schools,0,Not applicable,,,Not under a federation,,,,0,Not applicable,,0,Not applicable,,Not applicable,,,Not applicable,,Not applicable,Not applicable,Not applicable,,,Not applicable
Lilian Baylis Technology School,208,Lambeth,999,,4,Secondary,1,Community school,Not applicable,Not applicable,1,Open,,0,Not applicable,,0,Not applicable,100625,10003923,4321,,848,438,410,900,364,58.9,,,,,,,,,,,,,,,Resourced provision,3,6,,,,Karen,Chamberlain,Headteacher,10008785986,,,323 Kennington Lane,Kennington,,London,,SE11 5QY,,http://www.lilianbaylis.com/,2070919500,,Not applicable,,,,1,Has a sixth form,Not applicable,11,18,0,Not applicable,4,Non-selective,3,Mixed,,0,Not applicable,15/01/2026,29/6/2026 00:00:00,E09000022,Lambeth,E05014117,Vauxhall,E14001559,Vauxhall and Camberwell Green,UN1,Urban: Nearer to a major town or city,E09000022,530793,178036,E02000621,Lambeth 004,E01003102,Lambeth 004A,H,London,0,Does not apply,Does not apply,0,Not applicable,4,Local authority maintained schools,0,Not applicable,,,Supported by a federation,1951,Wyvern Federation,,0,Not applicable,,0,Not applicable,,Not applicable,,,Not applicable,,Not applicable,Not applicable,Not applicable,,,Not applicable
Stockwell Park School,208,Lambeth,999,,4,Secondary,5,Foundation school,Not applicable,Not applicable,2,Closed,,0,Not applicable,31/01/2011,10,Academy Converter,100626,10006344,4322,,,,,927,,,,,,,,,,,,,,,,,,,,,,Miss,J,Tapper,Headteacher,,,,Clapham Road,,,London,,SW9 0AL,,,,,Not applicable,,,,2,Does not have a sixth form,Not applicable,11,16,2,No Special Classes,4,Non-selective,3,Mixed,,1,No boarders,,29/11/2019 00:00:00,E09000022,Lambeth,E05000429,Stockwell,E14001008,Vauxhall,A1,(England/Wales) Urban major conurbation,E09000022,530694,176630,E02000625,Lambeth 008,E01003126,Lambeth 008D,H,London,6,None,Does not apply,0,Not applicable,4,Local authority maintained schools,2,Not supported by a trust,,,Not under a federation,,,,0,Not applicable,,0,Not applicable,,Not applicable,,,Not applicable,,Not applicable,Not applicable,Not applicable,,,Not applicable
Saint Gabriel's College,208,Lambeth,999,,4,Secondary,2,Voluntary aided school,Not applicable,Not applicable,1,Open,,0,Not applicable,,0,Not applicable,100627,10001323,4509,,581,311,270,600,291,50.2,,,,,,,,,,,,,,,,,,,,Principal,Josephine,Okokon,Headteacher,2.00E+11,,,Langton Road,,,London,,SW9 6UL,United Kingdom,http://www.saintgabrielscollege.org/,2077933901,,Not applicable,,,,2,Does not have a sixth form,No Nursery Classes,11,16,2,No Special Classes,4,Non-selective,3,Mixed,,1,No boarders,15/01/2026,29/6/2026 00:00:00,E09000022,Lambeth,E05014107,Myatt's Fields,E14001559,Vauxhall and Camberwell Green,UN1,Urban: Nearer to a major town or city,E09000022,531881,176931,E02000622,Lambeth 005,E01003180,Lambeth 005D,H,London,2,Church of England,Does not apply,CE36,Diocese of Southwark,4,Local authority maintained schools,0,Not applicable,,,Not under a federation,,,,0,Not applicable,,0,Not applicable,,Not applicable,,,Not applicable,,Not applicable,Not applicable,Not applicable,,,Not applicable
St Bernadette Catholic Junior School,208,Lambeth,999,,2,Primary,2,Voluntary aided school,Not applicable,Not applicable,2,Closed,,0,Not applicable,31/08/2025,1,Result of Amalgamation/Merger,100628,10075982,5200,,115,48,67,240,58,50.4,,,,,,,,,,,,,,,,,,,,Mrs,Ewa,Ostrynska,Headteacher,2.00E+11,,,1 - 4 Atkins Road,Clapham Park,,London,,SW12 0AB,,,,,Not applicable,,,,2,Does not have a sixth form,No Nursery Classes,7,11,2,No Special Classes,0,Not applicable,3,Mixed,,1,No boarders,16/01/2025,08/07/2026 00:00,E09000022,Lambeth,E05014101,Clapham Park,E14001175,Clapham and Brixton Hill,UN1,Urban: Nearer to a major town or city,E09000022,529156,173718,E02000640,Lambeth 023,E01003157,Lambeth 023C,H,London,35,Catholic,Does not apply,RC19,Archdiocese of Southwark,4,Local authority maintained schools,0,Not applicable,,,Not under a federation,,,,0,Not applicable,,0,Not applicable,,Not applicable,,,Not applicable,,Not applicable,Not applicable,Not applicable,,,Not applicable
St Anne's Catholic Primary School,208,Lambeth,999,,2,Primary,2,Voluntary aided school,Not applicable,Not applicable,1,Open,,0,Not applicable,,0,Not applicable,100629,10075981,5201,,162,81,81,210,64,39.5,,,,,,,,,,,,,,,,,,,,Mr,Peter,Hilton,Headteacher,1.00E+11,,,6 Durham Street,,,London,,SE11 5JA,,www.st-annes.lambeth.sch.uk/,2077354516,,Not applicable,,,,2,Does not have a sixth form,No Nursery Classes,4,11,2,No Special Classes,0,Not applicable,3,Mixed,,1,No boarders,15/01/2026,09/09/2026 00:00,E09000022,Lambeth,E05014117,Vauxhall,E14001559,Vauxhall and Camberwell Green,UN1,Urban: Nearer to a major town or city,E09000022,530677,177967,E02000621,Lambeth 004,E01003102,Lambeth 004A,H,London,3,Roman Catholic,Does not apply,RC19,Archdiocese of Southwark,4,Local authority maintained schools,0,Not applicable,,,Not under a federation,,,,0,Not applicable,,0,Not applicable,,Not applicable,,,Not applicable,,Not applicable,Not applicable,Not applicable,,,Not applicable
Corpus Christi Catholic Primary School,208,Lambeth,999,,2,Primary,2,Voluntary aided school,Not applicable,Not applicable,2,Closed,,0,Not applicable,16/08/2011,10,Academy Converter,100630,,5202,,,,,315,,,,,,,,,,,,,,,,,,,,,,Mr,J P,Wentworth,Headteacher,,,,Trent Road,,,London,,SW2 5BL,,,,,Not applicable,,,,0,Not applicable,Has Nursery Classes,3,11,2,No Special Classes,0,Not applicable,3,Mixed,,1,No boarders,,15/10/2018 00:00:00,E09000022,Lambeth,E05000417,Brixton Hill,E14000978,Streatham,A1,(England/Wales) Urban major conurbation,E09000022,530706,174698,E02000637,Lambeth 020,E01003018,Lambeth 020A,H,London,3,Roman Catholic,Does not apply,RC19,Archdiocese of Southwark,4,Local authority maintained schools,0,Not applicable,,,Not under a federation,,,,0,Not applicable,,0,Not applicable,,Not applicable,,,Not applicable,,Not applicable,Not applicable,Not applicable,,,Not applicable
St Bede's Catholic Primary School,208,Lambeth,999,,2,Primary,2,Voluntary aided school,Not applicable,Not applicable,1,Open,,0,Not applicable,,0,Not applicable,100631,10079613,5203,,143,60,83,235,64,44.8,,,,,,,,,,,,,,,Not applicable,,,,,Mrs,Ewa,Ostrynska,Headteacher,2.00E+11,,,Thornton Road,Clapham Park,,London,,SW12 0LF,,www.stbedes.uk,2086747292,,Not applicable,,,,2,Does not have a sixth form,Has Nursery Classes,3,11,2,No Special Classes,0,Not applicable,3,Mixed,,1,No boarders,15/01/2026,29/6/2026 00:00:00,E09000022,Lambeth,E05014114,Streatham Hill West & Thornton,E14001175,Clapham and Brixton Hill,UN1,Urban: Nearer to a major town or city,E09000022,529666,173374,E02000640,Lambeth 023,E01003163,Lambeth 023F,H,London,3,Roman Catholic,Does not apply,RC19,Archdiocese of Southwark,4,Local authority maintained schools,0,Not applicable,,,Not under a federation,,,,0,Not applicable,,0,Not applicable,,Not applicable,,,Not applicable,,Not applicable,Not applicable,Not applicable,,,Not applicable
St Andrew's Catholic Primary School,208,Lambeth,999,,2,Primary,2,Voluntary aided school,Not applicable,Not applicable,1,Open,,0,Not applicable,,0,Not applicable,100632,10075980,5204,,406,193,213,420,72,17.7,,,,,,,,,,,,,,,,,,,,Mr,Peter,Hilton,Headteacher,2.00E+11,,,Polworth Road,Streatham,,London,,SW16 2ET,,www.st-andrewsrc.lambeth.sch.uk/,2087694980,,Not applicable,,,,2,Does not have a sixth form,No Nursery Classes,4,11,2,No Special Classes,0,Not applicable,3,Mixed,,1,No boarders,15/01/2026,29/6/2026 00:00:00,E09000022,Lambeth,E05014112,Streatham Common & Vale,E14001527,Streatham and Croydon North,UN1,Urban: Nearer to a major town or city,E09000022,530403,171145,E02000649,Lambeth 032,E01003150,Lambeth 032F,H,London,3,Roman Catholic,Does not apply,RC19,Archdiocese of Southwark,4,Local authority maintained schools,0,Not applicable,,,Not under a federation,,,,0,Not applicable,,0,Not applicable,,Not applicable,,,Not applicable,,Not applicable,Not applicable,Not applicable,,,Not applicable
Immanuel and St Andrew Church of England Primary School,208,Lambeth,999,,2,Primary,2,Voluntary aided school,Not applicable,Not applicable,1,Open,,0,Not applicable,,0,Not applicable,100633,10074028,5205,,425,186,239,420,68,16.7,,,,,,,,,,,,,,,,,,,,Mrs,Suzette,Coleman,Headteacher,2.00E+11,,,Northanger Road,Streatham,,London,,SW16 5SL,,http://www.immanuelschoollambeth.org/,2086795005,,Not applicable,,,,2,Does not have a sixth form,Has Nursery Classes,3,11,2,No Special Classes,0,Not applicable,3,Mixed,,1,No boarders,15/01/2026,17/9/2026 00:00:00,E09000022,Lambeth,E05014112,Streatham Common & Vale,E14001527,Streatham and Croydon North,UN1,Urban: Nearer to a major town or city,E09000022,530019,170582,E02000651,Lambeth 034,E01003145,Lambeth 034D,H,London,2,Church of England,Does not apply,CE36,Diocese of Southwark,4,Local authority maintained schools,0,Not applicable,,,Not under a federation,,,,0,Not applicable,,0,Not applicable,,Not applicable,,,Not applicable,,Not applicable,Not applicable,Not applicable,,,Not applicable
Reay Primary School,208,Lambeth,999,,2,Primary,5,Foundation school,Not applicable,Not applicable,1,Open,,0,Not applicable,,0,Not applicable,100634,10073712,5206,,216,108,108,250,108,51.9,,,,,,,,,,,,,,,Not applicable,,,,,Ms,Kate,Hartill,Headteacher,1.00E+11,,,Hackford Road,Stockwell,,LONDON,,SW9 0EN,,http://www.reay.lambeth.sch.uk/,2077352978,,Not applicable,,,,2,Does not have a sixth form,Has Nursery Classes,3,11,0,Not applicable,0,Not applicable,3,Mixed,,1,No boarders,15/01/2026,14/9/2026 00:00:00,E09000022,Lambeth,E05014110,Stockwell East,E14001559,Vauxhall and Camberwell Green,UN1,Urban: Nearer to a major town or city,E09000022,530994,177078,E02000624,Lambeth 007,E01003181,Lambeth 007A,H,London,6,None,Does not apply,0,Not applicable,4,Local authority maintained schools,2,Not supported by a trust,,,Not under a federation,,,,0,Not applicable,,0,Not applicable,,Not applicable,,,Not applicable,,Not applicable,Not applicable,Not applicable,,,Not applicable
Durand Primary School,208,Lambeth,999,,2,Primary,5,Foundation school,Not applicable,Not applicable,2,Closed,,0,Not applicable,31/08/2010,10,Academy Converter,100635,,5207,,,,,875,,,,,,,,,,,,,,,,,,,,,,Mr,Mark,McLauchlin,Headteacher,,,,Hackford Road,Stockwell,,London,,SW9 0RD,,,,,Not applicable,,,,0,Not applicable,Has Nursery Classes,3,11,2,No Special Classes,0,Not applicable,3,Mixed,,1,No boarders,,14/11/2018 00:00:00,E09000022,Lambeth,E05000436,Vassall,E14001008,Vauxhall,A1,(England/Wales) Urban major conurbation,E09000022,530946,176761,E02000624,Lambeth 007,E01003185,Lambeth 007C,H,London,6,None,Does not apply,0,Not applicable,4,Local authority maintained schools,2,Not supported by a trust,,,Not under a federation,,,,0,Not applicable,,0,Not applicable,,Not applicable,,,Not applicable,,Not applicable,Not applicable,Not applicable,,,Not applicable
St Mary's Roman Catholic Primary School,208,Lambeth,999,,2,Primary,2,Voluntary aided school,Not applicable,Not applicable,1,Open,,0,Not applicable,,0,Not applicable,100636,10075979,5208,,272,133,139,315,99,37.8,,,,,,,,,,,,,,,,,,,,Miss,Kelly,Doody,Headteacher,2.00E+11,,,Crescent Lane,Clapham,,London,,SW4 9QJ,,https://www.st-marys.lambeth.sch.uk,2076225479,,Not applicable,,,,2,Does not have a sixth form,Has Nursery Classes,3,11,2,No Special Classes,0,Not applicable,3,Mixed,,1,No boarders,15/01/2026,29/6/2026 00:00:00,E09000022,Lambeth,E05014100,Clapham East,E14001175,Clapham and Brixton Hill,UN1,Urban: Nearer to a major town or city,E09000022,529453,174993,E02000634,Lambeth 017,E01003032,Lambeth 017B,H,London,3,Roman Catholic,Does not apply,RC19,Archdiocese of Southwark,4,Local authority maintained schools,0,Not applicable,,,Not under a federation,,,,0,Not applicable,,0,Not applicable,,Not applicable,,,Not applicable,,Not applicable,Not applicable,Not applicable,,,Not applicable
La Retraite Roman Catholic Girls' School,208,Lambeth,999,,4,Secondary,2,Voluntary aided school,Not applicable,Not applicable,1,Open,,0,Not applicable,,0,Not applicable,100637,10003732,5400,,1197,84,1113,1140,319,38.9,,,,,,,,,,,,,,,Resourced provision,4,8,,,Mr,Dominic,Malins,Headteacher,2.00E+11,,,Atkins Road,,,London,,SW12 0AB,,laretraite.co.uk,2086735644,,Not applicable,,,,1,Has a sixth form,No Nursery Classes,11,18,2,No Special Classes,4,Non-selective,2,Girls,,1,No boarders,15/01/2026,09/09/2026 00:00,E09000022,Lambeth,E05014101,Clapham Park,E14001175,Clapham and Brixton Hill,UN1,Urban: Nearer to a major town or city,E09000022,529156,173718,E02000640,Lambeth 023,E01003157,Lambeth 023C,H,London,3,Roman Catholic,Does not apply,RC19,Archdiocese of Southwark,4,Local authority maintained schools,0,Not applicable,,,Not under a federation,,,,0,Not applicable,,0,Not applicable,,Not applicable,,,Not applicable,,Not applicable,Not applicable,Not applicable,,,Not applicable
Bishop Thomas Grant Catholic Secondary School,208,Lambeth,999,,4,Secondary,2,Voluntary aided school,Not applicable,Not applicable,1,Open,,0,Not applicable,,0,Not applicable,100638,10014777,5401,,1187,650,537,1200,211,23.2,,,,,,,,,,,,,,,,,,,,Ms,Bernadette,Boyle,Headteacher,2.00E+11,,,Belltrees Grove,,,London,,SW16 2HY,,http://www.btg.ac/,2087693294,,Not applicable,,,,1,Has a sixth form,No Nursery Classes,11,19,2,No Special Classes,4,Non-selective,3,Mixed,,1,No boarders,15/01/2026,09/09/2026 00:00,E09000022,Lambeth,E05014116,Streatham Wells,E14001527,Streatham and Croydon North,UN1,Urban: Nearer to a major town or city,E09000022,530893,171230,E02000647,Lambeth 030,E01003149,Lambeth 030D,H,London,3,Roman Catholic,Does not apply,RC19,Archdiocese of Southwark,4,Local authority maintained schools,0,Not applicable,,,Not under a federation,,,,0,Not applicable,,0,Not applicable,,Not applicable,,,Not applicable,,Not applicable,Not applicable,Not applicable,,,Not applicable
Dunraven School,208,Lambeth,999,,4,Secondary,5,Foundation school,Not applicable,Not applicable,2,Closed,,0,Not applicable,31/07/2011,10,Academy Converter,100639,10002060,5402,,,,,1305,,,,,,,Yes,,,,,,,,,,,,,,,Mr,David,Boyle,Principal,,,,94-98 Leigham Court Road,Streatham,,London,,SW16 2QB,,,,,Not applicable,,,,1,Has a sixth form,Not applicable,11,18,1,Has Special Classes,4,Non-selective,3,Mixed,,1,No boarders,,14/11/2018 00:00:00,E09000022,Lambeth,E05000432,Streatham Wells,E14000978,Streatham,A1,(England/Wales) Urban major conurbation,E09000022,530821,172106,E02000644,Lambeth 027,E01003152,Lambeth 027E,H,London,6,None,Does not apply,0,Not applicable,4,Local authority maintained schools,2,Not supported by a trust,,,Not under a federation,,,,0,Not applicable,,0,Not applicable,,Not applicable,,,Not applicable,,Not applicable,Not applicable,Not applicable,,,Not applicable
Archbishop Tenison's School,208,Lambeth,999,,4,Secondary,2,Voluntary aided school,Not applicable,Not applicable,2,Closed,01/01/1900,0,Not applicable,31/12/2018,6,For Academy,100640,10000345,5403,,418,343,75,700,102,27.8,,,,,,,,,,,,,,,,,,,,Mr,Simon,Wilson,Interim Headteacher,2.00E+11,,,55 Kennington Oval,,,London,,SE11 5SR,,,,,Not applicable,,,,1,Has a sixth form,No Nursery Classes,11,18,2,No Special Classes,4,Non-selective,3,Mixed,,1,No boarders,18/01/2018,29/9/2019 00:00:00,E09000022,Lambeth,E05000426,Oval,E14001008,Vauxhall,A1,(England/Wales) Urban major conurbation,E09000022,530917,177632,E02000621,Lambeth 004,E01033207,Lambeth 004F,H,London,2,Church of England,Does not apply,CE36,Diocese of Southwark,4,Local authority maintained schools,0,Not applicable,,,Not under a federation,,,,0,Not applicable,,0,Not applicable,,Not applicable,,,Not applicable,,Not applicable,Not applicable,Not applicable,,,Not applicable
St Martin in the Fields High School for Girls,208,Lambeth,999,,4,Secondary,2,Voluntary aided school,Not applicable,Not applicable,2,Closed,,0,Not applicable,31/03/2012,10,Academy Converter,100641,10006217,5404,,,,,928,,,,,,,,,,,,,,,,,,,,,,Ms,L,Morrison,Headteacher,,,,155 Tulse Hill,,,London,,SW2 3UP,,,,,Not applicable,,,,1,Has a sixth form,No Nursery Classes,11,18,2,No Special Classes,4,Non-selective,2,Girls,,1,No boarders,,14/11/2018 00:00:00,E09000022,Lambeth,E05000434,Thurlow Park,E14000673,Dulwich and West Norwood,A1,(England/Wales) Urban major conurbation,E09000022,531466,173379,E02000642,Lambeth 025,E01003169,Lambeth 025D,H,London,2,Church of England,Does not apply,CE36,Diocese of Southwark,4,Local authority maintained schools,0,Not applicable,,,Not under a federation,,,,0,Not applicable,,0,Not applicable,,Not applicable,,,Not applicable,,Not applicable,Not applicable,Not applicable,,,Not applicable
London Nautical School,208,Lambeth,999,,4,Secondary,5,Foundation school,Not applicable,Not applicable,2,Closed,01/01/1900,0,Not applicable,31/12/2024,6,For Academy,100642,10004050,5405,,562,557,5,720,175,46.7,,,,,,Yes,,,,,,,,,Resourced provision,16,16,,,Mr,Michael,Schofield,Headteacher,2.00E+11,,,61 Stamford Street,Waterloo,,London,,SE1 9NA,,,,,Not applicable,,,,1,Has a sixth form,No Nursery Classes,11,18,2,No Special Classes,4,Non-selective,1,Boys,,1,No boarders,18/01/2024,31/12/2024 00:00:00,E09000022,Lambeth,E05014118,Waterloo & South Bank,E14001559,Vauxhall and Camberwell Green,A1,(England/Wales) Urban major conurbation,E09000022,531386,180308,E02006801,Lambeth 036,E01003017,Lambeth 036D,H,London,6,None,Does not apply,0,Not applicable,4,Local authority maintained schools,2,Not supported by a trust,,,Not under a federation,,,,0,Not applicable,,0,Not applicable,,Not applicable,,,Not applicable,,Not applicable,Not applicable,Not applicable,,,Not applicable
Turney Primary and Secondary Special School,208,Lambeth,999,,0,Not applicable,12,Foundation special school,Not applicable,Not applicable,1,Open,,0,Not applicable,,0,Not applicable,100643,10015994,5950,,161,130,31,165,89,65.9,,,,,,Yes,,,,Yes,Yes,Yes,,,SEN unit,,,161,165,Mrs,Linda,Adams,Headteacher,1.00E+11,,,Turney Road,,,London,,SE21 8LX,,https://www.lansdowneturneyfederation.co.uk,2086707220,,Not applicable,,,,1,Has a sixth form,Not applicable,4,18,1,Has Special Classes,0,Not applicable,3,Mixed,,1,No boarders,15/01/2026,29/6/2026 00:00:00,E09000022,Lambeth,E05014119,West Dulwich,E14001205,Dulwich and West Norwood,UN1,Urban: Nearer to a major town or city,E09000022,532287,173727,E02000642,Lambeth 025,E01003170,Lambeth 025E,H,London,0,Does not apply,Does not apply,0,Not applicable,5,Special schools,2,Not supported by a trust,,,Not under a federation,,,,0,Not applicable,,0,Not applicable,,Not applicable,,,Not applicable,,Not applicable,Not applicable,Not applicable,,,Not applicable
Alleyn's Oakfield,208,Lambeth,999,,0,Not applicable,11,Other independent school,Not applicable,Not approved,1,Open,01/01/1953,0,Not applicable,,0,Not applicable,100644,10079904,6109,,215,109,106,500,,,5,65,,,,,,,,,,,,,,,,,,Mr,Peter,Whitmell,Headteacher,2.00E+11,Alleyn's School,,125-128 Thurlow Park Road,London,,,,SE21 8HP,,www.alleyns.org.uk/alleyn-s-oakfield,2086704206,ISI,Not applicable,,,,2,Does not have a sixth form,Has Nursery Classes,2,11,2,No Special Classes,2,Selective,3,Mixed,Does not have boarders,1,No boarders,18/01/2024,09/09/2026 00:00,E09000022,Lambeth,E05014119,West Dulwich,E14001205,Dulwich and West Norwood,UN1,Urban: Nearer to a major town or city,E09000022,532627,173038,E02000642,Lambeth 025,E01003165,Lambeth 025B,H,London,6,None,None,0,Not applicable,3,Independent schools,0,Not applicable,,,Not applicable,,,,0,Not applicable,,0,Not applicable,,Not applicable,,,Not applicable,,Not applicable,Not applicable,Not applicable,,,Not applicable
Rosemead Preparatory School,208,Lambeth,999,,0,Not applicable,11,Other independent school,Not applicable,Not approved,1,Open,02/10/1975,0,Not applicable,,0,Not applicable,100645,10077627,6151,,263,144,119,400,,,2,43,,,,,,,,,,,,,,,,,,Mr,Christopher,Woodward,Headmaster,1.00E+11,St Dunstan's Education Group,,70 Thurlow Park Road,West Dulwich,,London,,SE21 8HZ,,https://www.rosemeadprep.org.uk/,2086705865,ISI,Not applicable,,,,2,Does not have a sixth form,Has Nursery Classes,2,11,2,No Special Classes,0,Not applicable,3,Mixed,Does not have boarders,1,No boarders,18/01/2024,09/10/2026 00:00,E09000022,Lambeth,E05014109,St Martin's,E14001205,Dulwich and West Norwood,UN1,Urban: Nearer to a major town or city,E09000022,532233,172849,E02000645,Lambeth 028,E01003166,Lambeth 028D,H,London,6,None,None,0,Not applicable,3,Independent schools,0,Not applicable,,,Not applicable,,,,0,Not applicable,,0,Not applicable,,Not applicable,,,Not applicable,,Not applicable,Not applicable,Not applicable,,,Not applicable
Streatham Modern School,208,Lambeth,999,,0,Not applicable,11,Other independent school,Not applicable,Not approved,2,Closed,,0,Not applicable,02/10/2000,0,Not applicable,100646,,6155,,,,,,,,,,,,,,,,,,,,,,,,,,,Mr,B,Russell-Owen,Headteacher,10090197180,,,508 Streatham High Road,,,London,,SW16 3QB,,,,,Not applicable,,,,0,Not applicable,Not applicable,3,11,2,No Special Classes,2,Selective,1,Boys,,1,No boarders,,07/09/2019 00:00,E09000022,Lambeth,E05000431,Streatham South,E14000978,Streatham,A1,(England/Wales) Urban major conurbation,E09000022,530247,170530,E02000651,Lambeth 034,E01003144,Lambeth 034C,H,London,6,None,None,0,Not applicable,3,Independent schools,0,Not applicable,,,Not applicable,,,,0,Not applicable,,0,Not applicable,,Not applicable,,,Not applicable,,Not applicable,Not applicable,Not applicable,,,Not applicable
Somerville School,208,Lambeth,999,,0,Not applicable,11,Other independent school,Not applicable,Not approved,2,Closed,,0,Not applicable,19/07/1999,0,Not applicable,100647,,6156,,,,,,,,,,,,,,,,,,,,,,,,,,,Mrs,E,Tye,Headteacher,2.00E+11,,,12 Wavertree Road,Streatham,,London,,SW2 3SJ,,,,,Not applicable,,,,0,Not applicable,Not applicable,2,7,2,No Special Classes,4,Non-selective,3,Mixed,,1,No boarders,,07/09/2019 00:00,E09000022,Lambeth,E05000430,Streatham Hill,E14000978,Streatham,A1,(England/Wales) Urban major conurbation,E09000022,530570,173100,E02000643,Lambeth 026,E01003130,Lambeth 026A,H,London,6,None,Roman Catholic,0,Not applicable,3,Independent schools,0,Not applicable,,,Not applicable,,,,0,Not applicable,,0,Not applicable,,Not applicable,,,Not applicable,,Not applicable,Not applicable,Not applicable,,,Not applicable
Streatham & Clapham High School GDST,208,Lambeth,999,,0,Not applicable,11,Other independent school,Not applicable,Not approved,1,Open,30-09-1887,0,Not applicable,,0,Not applicable,100648,10017772,6311,,811,0,811,1110,,,6,100,,,,,,,,,,,,,,,,,,Ms,Cathy,Ellott,Head Master,1.00E+11,The Girls' Day School Trust,,42 Abbotswood Road,Streatham,London,,,SW16 1AW,United Kingdom,www.schs.gdst.net,2086778400,ISI,Not applicable,,,,1,Has a sixth form,Has Nursery Classes,3,19,2,No Special Classes,2,Selective,2,Girls,Does not have boarders,1,No boarders,18/01/2024,18/8/2026 00:00:00,E09000022,Lambeth,E05014115,Streatham St Leonard's,E14001527,Streatham and Croydon North,UN1,Urban: Nearer to a major town or city,E09000022,529515,172342,E02000646,Lambeth 029,E01003116,Lambeth 029A,H,London,6,None,None,0,Not applicable,3,Independent schools,0,Not applicable,,,Not applicable,,,,0,Not applicable,,0,Not applicable,,Not applicable,,,Not applicable,,Not applicable,Not applicable,Not applicable,,,Not applicable
Beechwood School,208,Lambeth,999,,0,Not applicable,11,Other independent school,Not applicable,Not approved,2,Closed,11/03/1989,0,Not applicable,08/05/2010,2,Closure,100649,10015040,6366,,,,,195,,,0,3,,,,,,,,,,,,,,,,,,Mrs,M,Marshall,Headteacher,,Court Green Investments Ltd,,55 Leigham Court Road,Streatham,,London,,SW16 2NJ,,,,Ofsted,Not applicable,,,,2,Does not have a sixth form,No Nursery Classes,5,14,2,No Special Classes,0,Not applicable,3,Mixed,,1,No boarders,,07/09/2019 00:00,E09000022,Lambeth,E05000432,Streatham Wells,E14000978,Streatham,A1,(England/Wales) Urban major conurbation,E09000022,530469,172478,E02000643,Lambeth 026,E01003151,Lambeth 026E,H,London,6,None,None,0,Not applicable,3,Independent schools,0,Not applicable,,,Not applicable,,,,0,Not applicable,,0,Not applicable,,Not applicable,,,Not applicable,,Not applicable,Not applicable,Not applicable,,,Not applicable
The Theodore McLeary Primary School,208,Lambeth,999,,0,Not applicable,11,Other independent school,Not applicable,Not approved,2,Closed,28/11/1990,0,Not applicable,19/10/2004,2,Closure,100650,,6383,,,,,45,,,2,0,,,,,,,,,,,,,,,,,,Mrs,J,Thompson,Headteacher,2.00E+11,South England Conference of Sda,,31 East Dulwich Grove,,,London,,SE22 8PW,,,,,Not applicable,,,,0,Not applicable,Not applicable,5,10,2,No Special Classes,2,Selective,3,Mixed,,1,No boarders,,29/11/2019 00:00:00,E09000028,Southwark,E05011103,Goose Green,E14000673,Dulwich and West Norwood,A1,(England/Wales) Urban major conurbation,E09000022,533695,175121,E02000834,Southwark 028,E01003953,Southwark 028A,H,London,6,None,None,0,Not applicable,3,Independent schools,0,Not applicable,,,Not applicable,,,,0,Not applicable,,0,Not applicable,,Not applicable,,,Not applicable,,Not applicable,Not applicable,Not applicable,,,Not applicable
The White House Preparatory School & Woodentops Kindergarten,208,Lambeth,999,,0,Not applicable,11,Other independent school,Not applicable,Not approved,1,Open,18/10/1993,0,Not applicable,,0,Not applicable,100651,10077626,6384,,191,108,83,230,,,1,34,,,,,,,,,,,,,,,,,,Mr,Joe,Knight,Headmaster,2.00E+11,Mary McCahery & Stephen McCahery,,24 Thornton Road,,,London,,SW12 0LF,,www.whitehouseschool.com,2086749514,ISI,Not applicable,,,,2,Does not have a sixth form,Has Nursery Classes,0,11,2,No Special Classes,0,Not applicable,3,Mixed,Does not have boarders,1,No boarders,18/01/2024,09/07/2026 00:00,E09000022,Lambeth,E05014114,Streatham Hill West & Thornton,E14001175,Clapham and Brixton Hill,UN1,Urban: Nearer to a major town or city,E09000022,529668,173481,E02000640,Lambeth 023,E01003163,Lambeth 023F,H,London,6,None,None,0,Not applicable,3,Independent schools,0,Not applicable,,,Not applicable,,,,0,Not applicable,,0,Not applicable,,Not applicable,,,Not applicable,,Not applicable,Not applicable,Not applicable,,,Not applicable
Noah's Ark School,208,Lambeth,999,,0,Not applicable,11,Other independent school,Not applicable,Not approved,2,Closed,10/06/1995,1,Result of Amalgamation,09/01/2005,1,Result of Amalgamation/Merger,100652,,6387,,,,,67,,,1,3,,,,,,,,,,,,,,,,,,Mrs,Catherine,Brown,Headteacher,,Thurlow Educational Trust,,St Cuthbert's Church,Elmcourt Road,,London,,SE27 9BZ,,,,,Not applicable,,,,2,Does not have a sixth form,No Nursery Classes,5,6,2,No Special Classes,4,Non-selective,3,Mixed,,1,No boarders,,07/09/2019 00:00,E09000022,Lambeth,E05000434,Thurlow Park,E14000673,Dulwich and West Norwood,A1,(England/Wales) Urban major conurbation,E09000022,531901,172777,E02000645,Lambeth 028,E01003166,Lambeth 028D,H,London,6,None,None,0,Not applicable,3,Independent schools,0,Not applicable,,,Not applicable,,,,0,Not applicable,,0,Not applicable,,Not applicable,,,Not applicable,,Not applicable,Not applicable,Not applicable,,,Not applicable
Bright Sparks Stage School,208,Lambeth,999,,0,Not applicable,11,Other independent school,Not applicable,Not approved,2,Closed,,0,Not applicable,04/10/2000,0,Not applicable,100653,,6388,,,,,,,,,,,,,,,,,,,,,,,,,,,Mr,R,Vesotzky,Headteacher,,,,16-16a Wellfield Road,Streatham,,London,,SW16 2BP,,,,,Not applicable,,,,0,Not applicable,Not applicable,4,17,2,No Special Classes,4,Non-selective,3,Mixed,,1,No boarders,,07/09/2019 00:00,E09000022,Lambeth,E05000432,Streatham Wells,E14000978,Streatham,A1,(England/Wales) Urban major conurbation,E09000022,530285,171729,E02000646,Lambeth 029,E01003155,Lambeth 029E,H,London,6,None,Roman Catholic,0,Not applicable,3,Independent schools,0,Not applicable,,,Not applicable,,,,0,Not applicable,,0,Not applicable,,Not applicable,,,Not applicable,,Not applicable,Not applicable,Not applicable,,,Not applicable
Lansdowne School,208,Lambeth,999,,0,Not applicable,7,Community special school,Not applicable,Not applicable,1,Open,,0,Not applicable,,0,Not applicable,100654,10016162,7001,,163,129,34,170,93,78.8,,,Yes,Yes,Yes,Yes,Yes,,Yes,Yes,,,,Yes,SEN unit,,,165,170,Mrs,Linda,Adams,Executive Headteacher,1.00E+11,,,49 Combermere Road,,,London,,SW9 9QD,United Kingdom,https://www.lansdowneturneyfederation.co.uk/page/?title=Lansdowne+School&pid=26,2077373713,,Not applicable,,,,1,Has a sixth form,Not applicable,11,18,1,Has Special Classes,0,Not applicable,3,Mixed,,1,No boarders,15/01/2026,27/8/2026 00:00:00,E09000022,Lambeth,E05014096,Brixton North,E14001175,Clapham and Brixton Hill,UN1,Urban: Nearer to a major town or city,E09000022,530712,175871,E02000627,Lambeth 010,E01003096,Lambeth 010D,H,London,0,Does not apply,Does not apply,0,Not applicable,5,Special schools,0,Not applicable,,,Not under a federation,,,,0,Not applicable,,0,Not applicable,,Not applicable,,,Not applicable,,Not applicable,Not applicable,Not applicable,,,Not applicable
Aspen House School,208,Lambeth,999,,0,Not applicable,7,Community special school,Not applicable,Not applicable,2,Closed,,0,Not applicable,31/12/1995,0,Not applicable,100655,,7056,,,,,,,,,,,,,,,,,,,,,,,,,,,,,,Headteacher,2.00E+11,,,Kennington Park Gardens,,,London,,SE11 4AN,,,,,Not applicable,,,,0,Not applicable,Not applicable,5,16,1,Has Special Classes,0,Not applicable,3,Mixed,,1,No boarders,,24/9/2015 00:00:00,E09000022,Lambeth,E05000427,Prince's,E14001008,Vauxhall,A1,(England/Wales) Urban major conurbation,E09000022,531263,178155,E02000620,Lambeth 003,E01003107,Lambeth 003D,H,London,0,Does not apply,Does not apply,0,Not applicable,5,Special schools,0,Not applicable,,,Not under a federation,,,,0,Not applicable,,0,Not applicable,,Not applicable,,,Not applicable,,Not applicable,Not applicable,Not applicable,,,Not applicable
Clapham Park School,208,Lambeth,999,,0,Not applicable,7,Community special school,Not applicable,Not applicable,2,Closed,,0,Not applicable,01/01/2001,0,Not applicable,100656,,7057,,,,,,,,,,,,,,,,,,,,,,,,,,,Mr,David,Prothero,Headteacher,,,,127 Park Hill,Clapham,,London,,SW4 9PA,,,,,Not applicable,,,,0,Not applicable,Not applicable,2,16,1,Has Special Classes,0,Not applicable,3,Mixed,,1,No boarders,,14/11/2018 00:00:00,E09000022,Lambeth,E05000418,Clapham Common,E14000978,Streatham,A1,(England/Wales) Urban major conurbation,E09000022,529999,174544,E02000634,Lambeth 017,E01003029,Lambeth 017A,H,London,0,Does not apply,Does not apply,0,Not applicable,5,Special schools,0,Not applicable,,,Not under a federation,,,,0,Not applicable,,0,Not applicable,,Not applicable,,,Not applicable,,Not applicable,Not applicable,Not applicable,,,Not applicable
George Rainey School,208,Lambeth,999,,0,Not applicable,7,Community special school,Not applicable,Not applicable,2,Closed,,0,Not applicable,09/01/1996,0,Not applicable,100657,,7086,,,,,,,,,,,,,,,,,,,,,,,,,,,,,,Headteacher,,,,66 London Road,,,St Leonards-on-Sea,East Sussex,TN37 6AS,,,,,Not applicable,,,,0,Not applicable,Not applicable,12,17,1,Has Special Classes,0,Not applicable,1,Boys,,1,No boarders,,29/11/2019 00:00:00,E07000062,Hastings,E05011207,Gensing,E14000735,Hastings and Rye,C1,(England/Wales) Urban city and town,E09000022,580158,109451,E02004378,Hastings 011,E01020989,Hastings 011E,H,London,0,Does not apply,Does not apply,0,Not applicable,5,Special schools,0,Not applicable,,,Not under a federation,,,,0,Not applicable,,0,Not applicable,,Not applicable,,,Not applicable,,Not applicable,Not applicable,Not applicable,,,Not applicable
Warnham Court School,208,Lambeth,999,,0,Not applicable,7,Community special school,Not applicable,Not applicable,2,Closed,,0,Not applicable,08/01/1996,0,Not applicable,100658,,7101,,,,,,,,,,,,,,,,,,,,,,,,,,,,,,Headteacher,,,,Warnham,,,Horsham,West Sussex,RH12 3RX,,,,,Not applicable,,,,0,Not applicable,Not applicable,11,16,1,Has Special Classes,0,Not applicable,3,Mixed,,1,No boarders,,29/11/2019 00:00:00,E07000227,Horsham,E05011822,"Itchingfield, Slinfold & Warnham",E14000753,Horsham,F1,(England/Wales) Rural hamlet and isolated dwellings,E09000022,515908,133010,E02006590,Horsham 003,E01031658,Horsham 003D,H,London,0,Does not apply,Does not apply,0,Not applicable,5,Special schools,0,Not applicable,,,Not under a federation,,,,0,Not applicable,,0,Not applicable,,Not applicable,,,Not applicable,,Not applicable,Not applicable,Not applicable,,,Not applicable
Elm Court School,208,Lambeth,999,,0,Not applicable,7,Community special school,Not applicable,Not applicable,1,Open,,0,Not applicable,,0,Not applicable,100659,10015635,7115,,155,109,46,179,60,54.1,,,,,Yes,Yes,,,,Yes,,,,Yes,SEN unit,,,179,179,Ms,Joanna,Tarrant,Headteacher,10091846183,,,Elm Park,,,London,,SW2 2EF,,www.elmcourt.lambeth.sch.uk,2086743412,,Not applicable,,,,1,Has a sixth form,Not applicable,11,19,1,Has Special Classes,0,Not applicable,3,Mixed,,1,No boarders,15/01/2026,17/9/2026 00:00:00,E09000022,Lambeth,E05014097,Brixton Rush Common,E14001175,Clapham and Brixton Hill,UN1,Urban: Nearer to a major town or city,E09000022,530976,173788,E02000637,Lambeth 020,E01003173,Lambeth 020C,H,London,0,Does not apply,Does not apply,0,Not applicable,5,Special schools,0,Not applicable,,,Not under a federation,,,,0,Not applicable,,0,Not applicable,,Not applicable,,,Not applicable,,Not applicable,Not applicable,Not applicable,,,Not applicable
Thurlow Park Special School,208,Lambeth,999,,0,Not applicable,12,Foundation special school,Not applicable,Not applicable,2,Closed,,0,Not applicable,07/01/2001,0,Not applicable,100660,,5952,,,,,,,,,,,,Yes,,,,Yes,,,,,,,,,,,Mr,J,Barrow,Headteacher,,,,Elmcourt Road,,,London,,SE27 9DA,,,,,Not applicable,,,,0,Not applicable,Not applicable,2,16,1,Has Special Classes,0,Not applicable,3,Mixed,,1,No boarders,,14/11/2018 00:00:00,E09000022,Lambeth,E05000434,Thurlow Park,E14000673,Dulwich and West Norwood,A1,(England/Wales) Urban major conurbation,E09000022,531995,172783,E02000645,Lambeth 028,E01003166,Lambeth 028D,H,London,0,Does not apply,Does not apply,0,Not applicable,5,Special schools,2,Not supported by a trust,,,Not under a federation,,,,0,Not applicable,,0,Not applicable,,Not applicable,,,Not applicable,,Not applicable,Not applicable,Not applicable,,,Not applicable
Willowfield School,208,Lambeth,999,,0,Not applicable,12,Foundation special school,Not applicable,Not applicable,2,Closed,,0,Not applicable,10/07/2005,2,Closure,100661,,5951,,,,,,,,,,,,,,Yes,,,,,,,,,,,,,Ms,J,Loy,Headteacher,1.00E+11,,,Heron Road,,,London,,SE24 0HY,,,,,Not applicable,,,,2,Does not have a sixth form,No Nursery Classes,11,16,1,Has Special Classes,0,Not applicable,1,Boys,,1,No boarders,,14/11/2018 00:00:00,E09000022,Lambeth,E05000423,Herne Hill,E14000673,Dulwich and West Norwood,A1,(England/Wales) Urban major conurbation,E09000022,532003,175299,E02000631,Lambeth 014,E01003073,Lambeth 014B,H,London,0,Does not apply,Does not apply,0,Not applicable,5,Special schools,2,Not supported by a trust,,,Not under a federation,,,,0,Not applicable,,0,Not applicable,,Not applicable,,,Not applicable,,Not applicable,Not applicable,Not applicable,,,Not applicable
Grove House School for the Hearing Impaired,208,Lambeth,999,,0,Not applicable,7,Community special school,Not applicable,Not applicable,2,Closed,,0,Not applicable,31/08/2002,0,Not applicable,100662,,7142,,,,,,,,,,,Yes,,,,,,,,,,,,,,,,Mrs,P A,Odlin,Headteacher,,,,Elmcourt Road,Tulse Hill,,London,,SE27 9BZ,,,,,Not applicable,,,,0,Not applicable,Not applicable,3,11,1,Has Special Classes,0,Not applicable,3,Mixed,,1,No boarders,,14/11/2018 00:00:00,E09000022,Lambeth,E05000434,Thurlow Park,E14000673,Dulwich and West Norwood,A1,(England/Wales) Urban major conurbation,E09000022,531988,172830,E02000645,Lambeth 028,E01003166,Lambeth 028D,H,London,0,Does not apply,Does not apply,0,Not applicable,5,Special schools,0,Not applicable,,,Not under a federation,,,,0,Not applicable,,0,Not applicable,,Not applicable,,,Not applicable,,Not applicable,Not applicable,Not applicable,,,Not applicable
Mortimer School,208,Lambeth,999,,0,Not applicable,7,Community special school,Not applicable,Not applicable,2,Closed,,0,Not applicable,07/02/2001,0,Not applicable,100663,,7154,,,,,,,,,,,,,,,,,Yes,,,,,,,,,,Mrs,Marie,Sterne,Headteacher,,,,Dingley Lane,Woodfield Avenue,Streatham,London,,SW16 1AU,,,,,Not applicable,,,,0,Not applicable,Not applicable,4,11,1,Has Special Classes,0,Not applicable,3,Mixed,,1,No boarders,,14/11/2018 00:00:00,E09000022,Lambeth,E05000428,St Leonard's,E14000978,Streatham,A1,(England/Wales) Urban major conurbation,E09000022,529940,172557,E02000646,Lambeth 029,E01003116,Lambeth 029A,H,London,0,Does not apply,Does not apply,0,Not applicable,5,Special schools,0,Not applicable,,,Not under a federation,,,,0,Not applicable,,0,Not applicable,,Not applicable,,,Not applicable,,Not applicable,Not applicable,Not applicable,,,Not applicable
Enborne Lodge School,208,Lambeth,999,,0,Not applicable,7,Community special school,Not applicable,Not applicable,2,Closed,,0,Not applicable,22/07/1997,0,Not applicable,100664,,7160,,,,,,,,,,,,,,,,,,,,,,,,,,,,,,Headteacher,1.00E+11,,,Enborne Street,Wash Common,,Newbury,,RG14 6RL,,,,,Not applicable,,,,0,Not applicable,Not applicable,10,18,1,Has Special Classes,0,Not applicable,1,Boys,,1,No boarders,,29/11/2019 00:00:00,E06000037,West Berkshire,E05012139,Hungerford & Kintbury,E14000830,Newbury,F1,(England/Wales) Rural hamlet and isolated dwellings,E09000022,445057,164493,E02003384,West Berkshire 018,E01016302,West Berkshire 018C,H,London,0,Does not apply,Does not apply,0,Not applicable,5,Special schools,0,Not applicable,,,Not under a federation,,,,0,Not applicable,,0,Not applicable,,Not applicable,,,Not applicable,,Not applicable,Not applicable,Not applicable,,,Not applicable
Windmill School,208,Lambeth,999,,0,Not applicable,7,Community special school,Not applicable,Not applicable,2,Closed,,0,Not applicable,07/03/2001,0,Not applicable,100665,,7178,,,,,,,,,,,,,,,,,,Yes,,,,,,,,,Ms,Heather,Parker,Headteacher,2.00E+11,,,Mandrell Road,Brixton,,London,,SW2 5DW,,,,,Not applicable,,,,0,Not applicable,Not applicable,2,11,1,Has Special Classes,0,Not applicable,3,Mixed,,1,No boarders,,14/11/2018 00:00:00,E09000022,Lambeth,E05000417,Brixton Hill,E14000978,Streatham,A1,(England/Wales) Urban major conurbation,E09000022,530278,174656,E02000632,Lambeth 015,E01003019,Lambeth 015A,H,London,0,Does not apply,Does not apply,0,Not applicable,5,Special schools,0,Not applicable,,,Not under a federation,,,,0,Not applicable,,0,Not applicable,,Not applicable,,,Not applicable,,Not applicable,Not applicable,Not applicable,,,Not applicable
Shelley School,208,Lambeth,999,,0,Not applicable,7,Community special school,Not applicable,Not applicable,2,Closed,,0,Not applicable,07/04/2001,0,Not applicable,100666,,7191,,,,,,,,,,,,,Yes,,,,,Yes,,,,,,,,,Mrs,M,Lozano-Luoma,Headteacher,10093376367,,,Oakden Street,Kennington,,London,,SE11 4UG,,,,,Not applicable,,,,0,Not applicable,Not applicable,11,19,1,Has Special Classes,0,Not applicable,3,Mixed,,1,No boarders,,14/11/2018 00:00:00,E09000022,Lambeth,E05000427,Prince's,E14001008,Vauxhall,A1,(England/Wales) Urban major conurbation,E09000022,531303,178798,E02000619,Lambeth 002,E01003110,Lambeth 002C,H,London,0,Does not apply,Does not apply,0,Not applicable,5,Special schools,0,Not applicable,,,Not under a federation,,,,0,Not applicable,,0,Not applicable,,Not applicable,,,Not applicable,,Not applicable,Not applicable,Not applicable,,,Not applicable
Clyde Nursery School.,209,Lewisham,999,,1,Nursery,15,Local authority nursery school,Not applicable,Not applicable,1,Open,,0,Not applicable,,0,Not applicable,100667,10095645,1002,,72,31,41,,2,9.1,,,,,,,,,,,,,,,,,,,,Ms,Cathryn,Kinsey,Headteacher,10023231343,,,Alverton Street,Deptford,Alverton Street,London,,SE8 5NH,,http://www.clydenurseryschool.co.uk,2086923653,,Not applicable,,,,0,Not applicable,Has Nursery Classes,2,5,0,Not applicable,0,Not applicable,3,Mixed,,1,No boarders,15/01/2026,29/6/2026 00:00:00,E09000023,Lewisham,E05013721,Evelyn,E14001332,Lewisham North,UN1,Urban: Nearer to a major town or city,E09000023,536620,177982,E02000654,Lewisham 002,E01003248,Lewisham 002B,H,London,0,Does not apply,Does not apply,0,Not applicable,4,Local authority maintained schools,0,Not applicable,,,Not under a federation,,,,0,Not applicable,,0,Not applicable,,Not applicable,,,Not applicable,,Not applicable,Not applicable,Not applicable,,,Not applicable
Chelwood Nursery School,209,Lewisham,999,,1,Nursery,15,Local authority nursery school,Not applicable,Not applicable,1,Open,,0,Not applicable,,0,Not applicable,100668,,1011,,127,70,57,,4,4.8,,,,,,,,,,,,,,,Not applicable,,,,,Miss,Angelika,Alleman,Headteacher,1.00E+11,,,Chelwood Walk,Turnham Road,Brockley,London,,SE4 2QQ,,www.chelwood.lewisham.sch.uk,2076392514,,Not applicable,,,,0,Not applicable,Has Nursery Classes,2,5,0,Not applicable,0,Not applicable,3,Mixed,,1,No boarders,15/01/2026,29/6/2026 00:00:00,E09000023,Lewisham,E05013732,Telegraph Hill,E14001332,Lewisham North,UN1,Urban: Nearer to a major town or city,E09000023,536087,175107,E02000662,Lewisham 010,E01003336,Lewisham 010A,H,London,0,Does not apply,Does not apply,0,Not applicable,4,Local authority maintained schools,0,Not applicable,,,Not under a federation,,,,0,Not applicable,,0,Not applicable,,Not applicable,,,Not applicable,,Not applicable,Not applicable,Not applicable,,,Not applicable
Broadoak Rru,209,Lewisham,999,,0,Not applicable,14,Pupil referral unit,Not applicable,Not applicable,2,Closed,,0,Not applicable,31/08/2005,1,Result of Amalgamation/Merger,100669,,1100,,,,,,,,,,,,,,,,,,,,,,,,,,,Mrs,E,Tonge,Headteacher,,,,25 Bromley Road,,,London,,SE6 2TS,,,,,Not applicable,,,,2,Does not have a sixth form,No Nursery Classes,5,18,0,Not applicable,0,Not applicable,3,Mixed,,1,No boarders,,14/11/2018 00:00:00,E09000023,Lewisham,E05000440,Catford South,E14000787,Lewisham East,A1,(England/Wales) Urban major conurbation,E09000023,537731,173422,E02000677,Lewisham 025,E01003221,Lewisham 025C,H,London,0,Does not apply,Does not apply,0,Not applicable,4,Local authority maintained schools,0,Not applicable,,,Not applicable,,,,0,Not applicable,,0,Not applicable,,Not applicable,,,Not applicable,,Not applicable,Not applicable,Not applicable,,,Not applicable
John Evelyn Education Centre,209,Lewisham,999,,0,Not applicable,14,Pupil referral unit,Not applicable,Not applicable,2,Closed,,0,Not applicable,31/08/2005,1,Result of Amalgamation/Merger,100670,,1101,,,,,,,,,,,,,,,,,,,,,,,,,,,Ms,Sue,Libovitch,Headteacher (Acting),,,,Dressington Lodge,Dressington Avenue,Brockley,London,,SE4 1JQ,,,,,Not applicable,,,,2,Does not have a sixth form,No Nursery Classes,5,18,0,Not applicable,0,Not applicable,3,Mixed,,1,No boarders,,14/11/2018 00:00:00,E09000023,Lewisham,E05000446,Ladywell,E14000789,"Lewisham, Deptford",A1,(England/Wales) Urban major conurbation,E09000023,537311,174487,E02000666,Lewisham 014,E01003275,Lewisham 014C,H,London,0,Does not apply,Does not apply,0,Not applicable,4,Local authority maintained schools,0,Not applicable,,,Not applicable,,,,0,Not applicable,,0,Not applicable,,Not applicable,,,Not applicable,,Not applicable,Not applicable,Not applicable,,,Not applicable
Adamsrill Primary School,209,Lewisham,999,,2,Primary,1,Community school,Not applicable,Not applicable,1,Open,,0,Not applicable,,0,Not applicable,100671,10072921,2000,,361,173,188,420,82,23.3,,,,,,,,,,,,,,,Not applicable,,,,,Dr,Increase,Esoe,Headteacher,1.00E+11,,,Adamsrill Road,Sydenham,,London,,SE26 4AQ,,www.adamsrill.lewisham.sch.uk,2086998548,,Not applicable,,,,2,Does not have a sixth form,Has Nursery Classes,3,11,2,No Special Classes,0,Not applicable,3,Mixed,,1,No boarders,15/01/2026,09/01/2026 00:00,E09000023,Lewisham,E05013731,Sydenham,E14001333,Lewisham West and East Dulwich,UN1,Urban: Nearer to a major town or city,E09000023,536254,172024,E02000679,Lewisham 027,E01003312,Lewisham 027D,H,London,0,Does not apply,Does not apply,0,Not applicable,4,Local authority maintained schools,0,Not applicable,,,Not under a federation,,,,0,Not applicable,,0,Not applicable,,Not applicable,,,Not applicable,,Not applicable,Not applicable,Not applicable,,,Not applicable
Athelney Primary School,209,Lewisham,999,,2,Primary,1,Community school,Not applicable,Not applicable,1,Open,,0,Not applicable,,0,Not applicable,100672,10074647,2023,,354,179,175,596,130,39.8,,,,,,Yes,,,,,,,,,Resourced provision,18,18,,,Ms,K,Wong,Headteacher,1.00E+11,,,Athelney Street,,,London,,SE6 3LD,,www.athelneyprimary.org.uk,2086972945,,Not applicable,,,,2,Does not have a sixth form,Has Nursery Classes,2,11,1,Has Special Classes,0,Not applicable,3,Mixed,,1,No boarders,15/01/2026,29/6/2026 00:00:00,E09000023,Lewisham,E05013714,Bellingham,E14001331,Lewisham East,UN1,Urban: Nearer to a major town or city,E09000023,537455,172415,E02000681,Lewisham 029,E01003196,Lewisham 029D,H,London,0,Does not apply,Does not apply,0,Not applicable,4,Local authority maintained schools,0,Not applicable,,,Supported by a federation,1648,The King Alfred Federation,,0,Not applicable,,0,Not applicable,,Not applicable,,,Not applicable,,Not applicable,Not applicable,Not applicable,,,Not applicable
Baring Primary School,209,Lewisham,999,,2,Primary,1,Community school,Not applicable,Not applicable,1,Open,,0,Not applicable,,0,Not applicable,100673,10074646,2029,,193,91,102,240,45,24.6,,,,,,,,,,,,,,,,,,,,Mrs,Caroline,Phillips,Headteacher,1.00E+11,,,Linchmere Road,Lee,,London,,SE12 0NB,,www.baring.lewisham.sch.uk/,2088575637,,Not applicable,,,,2,Does not have a sixth form,Has Nursery Classes,3,11,2,No Special Classes,0,Not applicable,3,Mixed,,1,No boarders,15/01/2026,29/6/2026 00:00:00,E09000023,Lewisham,E05013723,Grove Park,E14001331,Lewisham East,UN1,Urban: Nearer to a major town or city,E09000023,540086,173628,E02000675,Lewisham 023,E01003268,Lewisham 023B,H,London,0,Does not apply,Does not apply,0,Not applicable,4,Local authority maintained schools,0,Not applicable,,,Not under a federation,,,,0,Not applicable,,0,Not applicable,,Not applicable,,,Not applicable,,Not applicable,Not applicable,Not applicable,,,Not applicable
Beecroft Garden Primary,209,Lewisham,999,,2,Primary,1,Community school,Not applicable,Not applicable,1,Open,,0,Not applicable,,0,Not applicable,100674,10074645,2068,,382,191,191,420,75,19.6,,,,,,,,,,,,,,,,,,,,Mr,Graham,Voller,Head Teacher,1.00E+11,,,Beecroft Road,,,London,,SE4 2BS,,www.beecroftgarden.lewisham.sch.uk/,2086922762,,Not applicable,,,,2,Does not have a sixth form,No Nursery Classes,4,11,2,No Special Classes,0,Not applicable,3,Mixed,,1,No boarders,15/01/2026,29/6/2026 00:00:00,E09000023,Lewisham,E05013718,Crofton Park,E14001333,Lewisham West and East Dulwich,UN1,Urban: Nearer to a major town or city,E09000023,536543,174956,E02000667,Lewisham 015,E01003231,Lewisham 015B,H,London,0,Does not apply,Does not apply,0,Not applicable,4,Local authority maintained schools,0,Not applicable,,,Not under a federation,,,,0,Not applicable,,0,Not applicable,,Not applicable,,,Not applicable,,Not applicable,Not applicable,Not applicable,,,Not applicable
Childeric Primary School,209,Lewisham,999,,2,Primary,1,Community school,Not applicable,Not applicable,2,Closed,,0,Not applicable,31/08/2018,10,Academy Converter,100675,,2108,,463,246,217,420,96,22.7,,,,,,,,,,,,,,,,,,,,Miss,Ann,Butcher,Headteacher,1.00E+11,,,Childeric Road,New Cross,,London,,SE14 6DG,,,,,Not applicable,,,,2,Does not have a sixth form,Has Nursery Classes,3,11,2,No Special Classes,0,Not applicable,3,Mixed,,1,No boarders,18/01/2018,19/9/2018 00:00:00,E09000023,Lewisham,E05000449,New Cross,E14000789,"Lewisham, Deptford",A1,(England/Wales) Urban major conurbation,E09000023,536358,177160,E02000655,Lewisham 003,E01003301,Lewisham 003C,H,London,0,Does not apply,Does not apply,0,Not applicable,4,Local authority maintained schools,0,Not applicable,,,Not under a federation,,,,0,Not applicable,,0,Not applicable,,Not applicable,,,Not applicable,,Not applicable,Not applicable,Not applicable,,,Not applicable
Cooper's Lane Primary School,209,Lewisham,999,,2,Primary,1,Community school,Not applicable,Not applicable,1,Open,,0,Not applicable,,0,Not applicable,100676,10072920,2127,,646,331,315,700,109,17.2,,,,Yes,,,,,,,,,,,Resourced provision,,,,,Mr,Paul,Hooper,Headteacher,1.00E+11,,,Pragnell Road,,,London,,SE12 0LF,,www.cooperslane.lewisham.sch.uk/,2088577680,,Not applicable,,,,2,Does not have a sixth form,Has Nursery Classes,3,11,2,No Special Classes,0,Not applicable,3,Mixed,,1,No boarders,15/01/2026,09/11/2026 00:00,E09000023,Lewisham,E05013723,Grove Park,E14001331,Lewisham East,UN1,Urban: Nearer to a major town or city,E09000023,540545,172843,E02000675,Lewisham 023,E01003263,Lewisham 023A,H,London,0,Does not apply,Does not apply,0,Not applicable,4,Local authority maintained schools,0,Not applicable,,,Not under a federation,,,,0,Not applicable,,0,Not applicable,,Not applicable,,,Not applicable,,Not applicable,Not applicable,Not applicable,,,Not applicable
Dalmain Primary School,209,Lewisham,999,,2,Primary,1,Community school,Not applicable,Not applicable,1,Open,,0,Not applicable,,0,Not applicable,100677,10074644,2148,,381,199,182,470,58,15.5,,,,,,,,,,,,,,,,,,,,Ms,Erika,Eisele,Headteacher,1.00E+11,,,Grove Close,Brockley Rise,,London,,SE23 1AS,,http://www.dalmain.lewisham.sch.uk/,2086992675,,Not applicable,,,,2,Does not have a sixth form,Has Nursery Classes,3,11,2,No Special Classes,0,Not applicable,3,Mixed,,1,No boarders,15/01/2026,09/08/2026 00:00,E09000023,Lewisham,E05013718,Crofton Park,E14001333,Lewisham West and East Dulwich,UN1,Urban: Nearer to a major town or city,E09000023,536070,173436,E02000671,Lewisham 019,E01003229,Lewisham 019D,H,London,0,Does not apply,Does not apply,0,Not applicable,4,Local authority maintained schools,0,Not applicable,,,Not under a federation,,,,0,Not applicable,,0,Not applicable,,Not applicable,,,Not applicable,,Not applicable,Not applicable,Not applicable,,Not applicable,Not applicable
Deptford Park Primary School,209,Lewisham,999,,2,Primary,1,Community school,Not applicable,Not applicable,1,Open,,0,Not applicable,,0,Not applicable,100678,10072919,2158,,217,110,107,240,98,45.2,,,,,,,,,,,Yes,,,,SEN unit,,,12,40,Ms,Catherine,Washbrook,Headteacher,1.00E+11,,,Evelyn Street,,,London,,SE8 5RJ,,http://www.deptfordpark.lewisham.sch.uk,2086924351,,Not applicable,,,,2,Does not have a sixth form,No Nursery Classes,4,11,0,Not applicable,0,Not applicable,3,Mixed,,1,No boarders,15/01/2026,09/11/2026 00:00,E09000023,Lewisham,E05013721,Evelyn,E14001332,Lewisham North,UN1,Urban: Nearer to a major town or city,E09000023,536327,178410,E02000653,Lewisham 001,E01034389,Lewisham 001H,H,London,0,Does not apply,Does not apply,0,Not applicable,4,Local authority maintained schools,0,Not applicable,,,Not under a federation,,,,0,Not applicable,,0,Not applicable,,Not applicable,,,Not applicable,,Not applicable,Not applicable,Not applicable,,,Not applicable
Downderry Primary School,209,Lewisham,999,,2,Primary,1,Community school,Not applicable,Not applicable,1,Open,,0,Not applicable,,0,Not applicable,100679,10074643,2163,,477,231,246,376,107,23.9,,,,,,,,,,,,,,,,,,,,Dr,David,Gifford,Headteacher,1.00E+11,,,Downderry Road,Downham,,Bromley,Kent,BR1 5QL,,www.downderryprimaryschool.com,2086985768,,Not applicable,,,,2,Does not have a sixth form,Has Nursery Classes,3,11,2,No Special Classes,0,Not applicable,3,Mixed,,1,No boarders,15/01/2026,09/01/2026 00:00,E09000023,Lewisham,E05013720,Downham,E14001331,Lewisham East,UN1,Urban: Nearer to a major town or city,E09000023,539164,171810,E02006783,Lewisham 037,E01003239,Lewisham 037D,H,London,0,Does not apply,Does not apply,0,Not applicable,4,Local authority maintained schools,0,Not applicable,,,Not under a federation,,,,0,Not applicable,,0,Not applicable,,Not applicable,,,Not applicable,,Not applicable,Not applicable,Not applicable,,,Not applicable
Edmund Waller Primary School,209,Lewisham,999,,2,Primary,1,Community school,Not applicable,Not applicable,1,Open,,0,Not applicable,,0,Not applicable,100680,10074642,2187,,434,215,219,451,52,12.1,,,,,,,,,,,,,,,Resourced provision,11,16,,,Ms,Anne,Rennie,Executive Headteacher,1.00E+11,,,Waller Road,New Cross,,London,,SE14 5LY,,www.edmundwaller.lewisham.sch.uk/,2076390436,,Not applicable,,,,2,Does not have a sixth form,Has Nursery Classes,3,11,2,No Special Classes,0,Not applicable,3,Mixed,,1,No boarders,15/01/2026,29/6/2026 00:00:00,E09000023,Lewisham,E05013732,Telegraph Hill,E14001332,Lewisham North,UN1,Urban: Nearer to a major town or city,E09000023,535632,176449,E02000658,Lewisham 006,E01003341,Lewisham 006D,H,London,0,Does not apply,Does not apply,0,Not applicable,4,Local authority maintained schools,0,Not applicable,,,Not under a federation,,,,0,Not applicable,,0,Not applicable,,Not applicable,,,Not applicable,,Not applicable,Not applicable,Not applicable,,,Not applicable
Elfrida Primary School,209,Lewisham,999,,2,Primary,1,Community school,Not applicable,Not applicable,1,Open,,0,Not applicable,,0,Not applicable,100681,10070041,2197,,335,172,163,508,135,43.7,,,,,,,,,,,,,,,,,,,,Mrs,Kathryn,Wong,Head of School,10023226873,,,Elfrida Crescent,Bellingham,,London,,SE6 3EN,,www.lewisham.gov.uk/,2086985755,,Not applicable,,,,2,Does not have a sixth form,Has Nursery Classes,2,11,2,No Special Classes,0,Not applicable,3,Mixed,,1,No boarders,15/01/2026,29/6/2026 00:00:00,E09000023,Lewisham,E05013714,Bellingham,E14001331,Lewisham East,UN1,Urban: Nearer to a major town or city,E09000023,537494,171845,E02000686,Lewisham 034,E01003189,Lewisham 034A,H,London,0,Does not apply,Does not apply,0,Not applicable,4,Local authority maintained schools,0,Not applicable,,,Supported by a federation,1648,The King Alfred Federation,,0,Not applicable,,0,Not applicable,,Not applicable,,,Not applicable,,Not applicable,Not applicable,Not applicable,,,Not applicable
Ennersdale Primary School,209,Lewisham,999,,2,Primary,1,Community school,Not applicable,Not applicable,2,Closed,,0,Not applicable,31/08/2003,1,Result of Amalgamation/Merger,100682,,2206,,,,,409,,,,,,,,,,,,,,,,,,,,,,Ms,Glynis,Tomes,Headteacher,,,,Leahurst Road,Lewisham,,London,,SE13 5JA,,,,,Not applicable,,,,0,Not applicable,Has Nursery Classes,3,11,2,No Special Classes,0,Not applicable,3,Mixed,,1,No boarders,,14/11/2018 00:00:00,E09000023,Lewisham,E05000447,Lee Green,E14000787,Lewisham East,A1,(England/Wales) Urban major conurbation,E09000023,538792,174795,E02000665,Lewisham 013,E01003282,Lewisham 013A,H,London,0,Does not apply,Does not apply,0,Not applicable,4,Local authority maintained schools,0,Not applicable,,,Not under a federation,,,,0,Not applicable,,0,Not applicable,,Not applicable,,,Not applicable,,Not applicable,Not applicable,Not applicable,,,Not applicable
Forster Park Primary School,209,Lewisham,999,,2,Primary,1,Community school,Not applicable,Not applicable,1,Open,,0,Not applicable,,0,Not applicable,100683,10074641,2225,,269,142,127,315,111,41.3,,,,,,Yes,,,,,,,,,Resourced provision,14,14,,,Mrs,Michelle,Fenniche,Executive Headteacher,1.00E+11,,,Boundfield Road,,,Lewisham,,SE6 1PQ,,https://www.forsterpark.co.uk/,2086985686,,Not applicable,,,,2,Does not have a sixth form,No Nursery Classes,4,11,2,No Special Classes,0,Not applicable,3,Mixed,,1,No boarders,15/01/2026,22/9/2026 00:00:00,E09000023,Lewisham,E05013724,Hither Green,E14001331,Lewisham East,UN1,Urban: Nearer to a major town or city,E09000023,539371,172482,E02000682,Lewisham 030,E01003347,Lewisham 030A,H,London,0,Does not apply,Does not apply,0,Not applicable,4,Local authority maintained schools,0,Not applicable,,,Supported by a federation,1984,Forster Park and Rangefield Federation,,0,Not applicable,,0,Not applicable,,Not applicable,,,Not applicable,,Not applicable,Not applicable,Not applicable,,,Not applicable
Gordonbrock Primary School,209,Lewisham,999,,2,Primary,1,Community school,Not applicable,Not applicable,1,Open,,0,Not applicable,,0,Not applicable,100684,10074640,2259,,626,307,319,655,71,11.4,,,,,,,,,,,,,,,,,,,,Ms,Maria,Gilmore,Executive Headteacher,1.00E+11,,,Amyruth Road,London,,Brockley,,SE4 1HQ,,http://www.gordonbrock.lewisham.sch.uk/,2086900704,,Not applicable,,,,2,Does not have a sixth form,Has Nursery Classes,3,11,2,No Special Classes,0,Not applicable,3,Mixed,,1,No boarders,15/01/2026,07/02/2026 00:00,E09000023,Lewisham,E05013725,Ladywell,E14001332,Lewisham North,UN1,Urban: Nearer to a major town or city,E09000023,537110,174807,E02000666,Lewisham 014,E01003276,Lewisham 014D,H,London,0,Does not apply,Does not apply,0,Not applicable,4,Local authority maintained schools,0,Not applicable,,,Supported by a federation,1659,The Eliot Bank and Gordonbrock Primary Schools Federation,,0,Not applicable,,0,Not applicable,,Not applicable,,,Not applicable,,Not applicable,Not applicable,Not applicable,,,Not applicable
Grinling Gibbons Primary School,209,Lewisham,999,,2,Primary,1,Community school,Not applicable,Not applicable,1,Open,,0,Not applicable,,0,Not applicable,100685,10074639,2267,,208,92,116,235,72,34.6,,,,,,,,,,,,,,Yes,Resourced provision,16,20,,,Mr,Dean,Gordon,Head of School,10023231343,,,Clyde Street,Deptford,,London,,SE8 5LW,,http://www.ggibbons.lewisham.sch.uk,2086924907,,Not applicable,,,,2,Does not have a sixth form,Has Nursery Classes,3,11,2,No Special Classes,0,Not applicable,3,Mixed,,1,No boarders,15/01/2026,09/08/2026 00:00,E09000023,Lewisham,E05013719,Deptford,E14001332,Lewisham North,UN1,Urban: Nearer to a major town or city,E09000023,536930,177681,E02000654,Lewisham 002,E01003253,Lewisham 002E,H,London,0,Does not apply,Does not apply,0,Not applicable,4,Local authority maintained schools,0,Not applicable,,,Supported by a federation,1793,The Phoenix Federation,,0,Not applicable,,0,Not applicable,,Not applicable,,,Not applicable,,Not applicable,Not applicable,Not applicable,,,Not applicable
Haseltine Primary School,209,Lewisham,999,,2,Primary,1,Community school,Not applicable,Not applicable,1,Open,,0,Not applicable,,0,Not applicable,100686,10052987,2289,,385,188,197,600,136,36.7,,,,,,,,,,,,,,,,,,,,Mrs,Sara,Anderman,Headteacher,1.00E+11,,,Haseltine Road,Bell Green,Lower Sydenham,London,,SE26 5AD,,www.haseltineprimary.co.uk/,2087786536,,Not applicable,,,,2,Does not have a sixth form,Has Nursery Classes,3,11,2,No Special Classes,0,Not applicable,3,Mixed,,1,No boarders,15/01/2026,09/03/2026 00:00,E09000023,Lewisham,E05013714,Bellingham,E14001331,Lewisham East,UN1,Urban: Nearer to a major town or city,E09000023,536607,171749,E02000686,Lewisham 034,E01003190,Lewisham 034B,H,London,0,Does not apply,Does not apply,0,Not applicable,4,Local authority maintained schools,0,Not applicable,,,Supported by a federation,15770,Fairlawn and Haseltine Federation,,0,Not applicable,,0,Not applicable,,Not applicable,,,Not applicable,,Not applicable,Not applicable,Not applicable,,,Not applicable
Brindishe Green School,209,Lewisham,999,,2,Primary,1,Community school,Not applicable,Not applicable,1,Open,,1,Result of Amalgamation,,0,Not applicable,100687,10074638,2304,,585,290,295,660,115,20.2,,,,,,,,,,,,,,,,,,,,Ms,Katie,Matthews,Executive Headteacher,1.00E+11,,,Beacon Road,,,London,,SE13 6EH,,www.brindisheschools.org,2088527245,,Not applicable,,,,2,Does not have a sixth form,Has Nursery Classes,3,11,2,No Special Classes,0,Not applicable,3,Mixed,,1,No boarders,15/01/2026,09/03/2026 00:00,E09000023,Lewisham,E05013724,Hither Green,E14001331,Lewisham East,UN1,Urban: Nearer to a major town or city,E09000023,538752,174369,E02000669,Lewisham 017,E01003292,Lewisham 017A,H,London,0,Does not apply,Does not apply,0,Not applicable,4,Local authority maintained schools,0,Not applicable,,,Supported by a federation,1300,The Brindishe Federation,,0,Not applicable,,0,Not applicable,,Not applicable,,,Not applicable,,Not applicable,Not applicable,Not applicable,,,Not applicable
Holbeach Primary School,209,Lewisham,999,,2,Primary,1,Community school,Not applicable,Not applicable,1,Open,,0,Not applicable,,0,Not applicable,100688,10074637,2307,,391,198,193,459,109,29.1,,,,,,,,,,,,,,,,,,,,Mr,Tom,Bulpitt,Headteacher,1.00E+11,,,Nelgarde Road,,,London,,SE6 4TP,,www.holbeach.lewisham.sch.uk/,2086904713,,Not applicable,,,,2,Does not have a sixth form,Has Nursery Classes,3,11,2,No Special Classes,0,Not applicable,3,Mixed,,1,No boarders,15/01/2026,29/6/2026 00:00:00,E09000023,Lewisham,E05013730,Rushey Green,E14001331,Lewisham East,UN1,Urban: Nearer to a major town or city,E09000023,537465,173958,E02000672,Lewisham 020,E01003324,Lewisham 020E,H,London,0,Does not apply,Does not apply,0,Not applicable,4,Local authority maintained schools,0,Not applicable,,,Not under a federation,,,,0,Not applicable,,0,Not applicable,,Not applicable,,,Not applicable,,Not applicable,Not applicable,Not applicable,,,Not applicable
John Stainer Community Primary School,209,Lewisham,999,,2,Primary,1,Community school,Not applicable,Not applicable,1,Open,,0,Not applicable,,0,Not applicable,100689,10074636,2342,,400,203,197,450,89,22.4,,,,,,,,,,,,,,,,,,,,Mrs,Shermane,Okorodudu,Headteacher,1.00E+11,,,Mantle Road,Brockley,,London,,SE4 2DY,,www.johnstainer.lewisham.sch.uk/,2076390482,,Not applicable,,,,2,Does not have a sixth form,Has Nursery Classes,3,11,2,No Special Classes,0,Not applicable,3,Mixed,,1,No boarders,15/01/2026,18/9/2026 00:00:00,E09000023,Lewisham,E05013732,Telegraph Hill,E14001332,Lewisham North,UN1,Urban: Nearer to a major town or city,E09000023,536277,175737,E02000662,Lewisham 010,E01003345,Lewisham 010E,H,London,0,Does not apply,Does not apply,0,Not applicable,4,Local authority maintained schools,0,Not applicable,,,Not under a federation,,,,0,Not applicable,,0,Not applicable,,Not applicable,,,Not applicable,,Not applicable,Not applicable,Not applicable,,,Not applicable
Kelvin Grove Primary School,209,Lewisham,999,,2,Primary,1,Community school,Not applicable,Not applicable,1,Open,,0,Not applicable,,0,Not applicable,100690,10072918,2347,,535,272,263,630,227,43.3,,,,,,Yes,,,,,,,,,Resourced provision and SEN unit,24,24,24,24,Mr,Ian,Hyde,Headteacher,1.00E+11,,,Kelvin Grove,,,London,,SE26 6BB,,www.kelvingrove.lewisham.sch.uk/,2086996300,,Not applicable,,,,2,Does not have a sixth form,Has Nursery Classes,3,11,1,Has Special Classes,0,Not applicable,3,Mixed,,1,No boarders,15/01/2026,09/05/2026 00:00,E09000023,Lewisham,E05013722,Forest Hill,E14001333,Lewisham West and East Dulwich,UN1,Urban: Nearer to a major town or city,E09000023,534761,172179,E02000680,Lewisham 028,E01003259,Lewisham 028D,H,London,0,Does not apply,Does not apply,0,Not applicable,4,Local authority maintained schools,0,Not applicable,,,Not under a federation,,,,0,Not applicable,,0,Not applicable,,Not applicable,,,Not applicable,,Not applicable,Not applicable,Not applicable,,,Not applicable
Kender Primary School,209,Lewisham,999,,2,Primary,1,Community school,Not applicable,Not applicable,1,Open,,0,Not applicable,,0,Not applicable,100691,10074635,2349,,351,168,183,420,156,48.3,,,,,,,,,,,,,,,,,,,,Mr,Keith,Barr,Headteacher,1.00E+11,,,Kender Street,New Cross,,London,,SE14 5JA,,http://www.kender.lewisham.sch.uk/,2076394654,,Not applicable,,,,2,Does not have a sixth form,Has Nursery Classes,2,11,2,No Special Classes,0,Not applicable,3,Mixed,,1,No boarders,15/01/2026,08/05/2026 00:00,E09000023,Lewisham,E05013732,Telegraph Hill,E14001332,Lewisham North,UN1,Urban: Nearer to a major town or city,E09000023,535468,176916,E02000658,Lewisham 006,E01003338,Lewisham 006A,H,London,0,Does not apply,Does not apply,0,Not applicable,4,Local authority maintained schools,0,Not applicable,,,Not under a federation,,,,0,Not applicable,,0,Not applicable,,Not applicable,,,Not applicable,,Not applicable,Not applicable,Not applicable,,,Not applicable
Launcelot Primary School and Nursery,209,Lewisham,999,,2,Primary,1,Community school,Not applicable,Not applicable,1,Open,,0,Not applicable,,0,Not applicable,100692,10074634,2374,,307,156,151,420,126,44.7,,,,,,,,,,,,,,,Resourced provision,7,8,,,Ms,Maxine,Osbaldeston,Head of School,1.00E+11,,,Launcelot Road,Downham,,Bromley,Kent,BR1 5EA,,www.launcelot.lewisham.sch.uk/,2086972304,,Not applicable,,,,2,Does not have a sixth form,Has Nursery Classes,3,11,2,No Special Classes,0,Not applicable,3,Mixed,,1,No boarders,15/01/2026,21/9/2026 00:00:00,E09000023,Lewisham,E05013720,Downham,E14001331,Lewisham East,UN1,Urban: Nearer to a major town or city,E09000023,540149,171655,E02006783,Lewisham 037,E01003237,Lewisham 037B,H,London,0,Does not apply,Does not apply,0,Not applicable,4,Local authority maintained schools,0,Not applicable,,,Not under a federation,,,,0,Not applicable,,0,Not applicable,,Not applicable,,,Not applicable,,Not applicable,Not applicable,Not applicable,,,Not applicable
Brindishe Manor School,209,Lewisham,999,,2,Primary,1,Community school,Not applicable,Not applicable,1,Open,,0,Not applicable,,0,Not applicable,100693,10074633,2381,,426,222,204,480,37,8.9,,,,,,,,,,,,,,,Not applicable,,,,,Mrs,Kate,Porter,Executive Head,1.00E+11,,,Leahurst Road,Lewisham,,London,,SE13 5LS,,www.brindishemanor.lewisham.sch.uk,2088520852,,Not applicable,,,,2,Does not have a sixth form,Has Nursery Classes,3,11,2,No Special Classes,0,Not applicable,3,Mixed,,1,No boarders,15/01/2026,09/03/2026 00:00,E09000023,Lewisham,E05013726,Lee Green,E14001331,Lewisham East,UN1,Urban: Nearer to a major town or city,E09000023,539350,174478,E02000668,Lewisham 016,E01003287,Lewisham 016D,H,London,0,Does not apply,Does not apply,0,Not applicable,4,Local authority maintained schools,0,Not applicable,,,Supported by a federation,1300,The Brindishe Federation,,0,Not applicable,,0,Not applicable,,Not applicable,,,Not applicable,,Not applicable,Not applicable,Not applicable,,,Not applicable
Lewisham Bridge Primary School,209,Lewisham,999,,2,Primary,1,Community school,Not applicable,Not applicable,2,Closed,,0,Not applicable,31/08/2011,1,Result of Amalgamation/Merger,100694,,2384,,,,,315,,,,,,,,,,,,,,,,,,,,,,Mrs,D,Venn,Headteacher,,,,Stanley Street,New Cross,,London,,SE8 4BL,,,,,Not applicable,,,,0,Not applicable,Has Nursery Classes,3,11,2,No Special Classes,0,Not applicable,3,Mixed,,1,No boarders,,14/11/2018 00:00:00,E09000023,Lewisham,E05000449,New Cross,E14000789,"Lewisham, Deptford",A1,(England/Wales) Urban major conurbation,E09000023,536830,177170,E02006798,Lewisham 039,E01003303,Lewisham 039C,H,London,0,Does not apply,Does not apply,0,Not applicable,4,Local authority maintained schools,0,Not applicable,,,Not under a federation,,,,0,Not applicable,,0,Not applicable,,Not applicable,,,Not applicable,,Not applicable,Not applicable,Not applicable,,,Not applicable
Oak Gardens Primary School,209,Lewisham,999,,2,Primary,1,Community school,Not applicable,Not applicable,1,Open,,0,Not applicable,,0,Not applicable,100695,10074632,2390,,166,91,75,210,74,44.6,,,,,,,,,,,,,,,,,,,,Mr,Dean,Gordon,Headteacher,1.00E+11,,,Thornville Street,,,London,,SE8 4QB,,http://www.oakgardens.lewisham.sch.uk,2086924660,,Not applicable,,,,2,Does not have a sixth form,No Nursery Classes,3,11,2,No Special Classes,0,Not applicable,3,Mixed,,1,No boarders,15/01/2026,09/08/2026 00:00,E09000023,Lewisham,E05013716,Brockley,E14001332,Lewisham North,UN1,Urban: Nearer to a major town or city,E09000023,537042,176596,E02000657,Lewisham 005,E01003210,Lewisham 005C,H,London,0,Does not apply,Does not apply,0,Not applicable,4,Local authority maintained schools,0,Not applicable,,,Supported by a federation,1793,The Phoenix Federation,,0,Not applicable,,0,Not applicable,,Not applicable,,,Not applicable,,Not applicable,Not applicable,Not applicable,,,Not applicable
Marvels Lane Primary School,209,Lewisham,999,,2,Primary,1,Community school,Not applicable,Not applicable,1,Open,,0,Not applicable,,0,Not applicable,100696,10074631,2403,,385,189,196,420,134,36.5,,,,,,,,,,,,,,,,,,,,Ms,Isabel,Hedderman,Headteacher,1.00E+11,,,Riddons Road,Grove Park,,London,,SE12 9RA,,www.marvelslane.lewisham.sch.uk,2088573904,,Not applicable,,,,2,Does not have a sixth form,Has Nursery Classes,3,11,2,No Special Classes,0,Not applicable,3,Mixed,,1,No boarders,15/01/2026,17/9/2026 00:00:00,E09000023,Lewisham,E05013723,Grove Park,E14001331,Lewisham East,UN1,Urban: Nearer to a major town or city,E09000023,541432,171932,E02000683,Lewisham 031,E01003266,Lewisham 031C,H,London,0,Does not apply,Does not apply,0,Not applicable,4,Local authority maintained schools,0,Not applicable,,,Not under a federation,,,,0,Not applicable,,0,Not applicable,,Not applicable,,,Not applicable,,Not applicable,Not applicable,Not applicable,,,Not applicable
Monson Primary School,209,Lewisham,999,,2,Primary,1,Community school,Not applicable,Not applicable,2,Closed,,0,Not applicable,31/08/2008,0,Not applicable,100697,,2422,,,,,487,,,,,,,,,,,,,,,,,,,,,,Mr,Sean,Frolish,Headteacher,,,,Hunsdon Road,,,London,,SE14 5RD,,,,,Not applicable,,,,0,Not applicable,Has Nursery Classes,3,11,2,No Special Classes,0,Not applicable,3,Mixed,,1,No boarders,,14/11/2018 00:00:00,E09000023,Lewisham,E05000449,New Cross,E14000789,"Lewisham, Deptford",A1,(England/Wales) Urban major conurbation,E09000023,535717,177430,E02000655,Lewisham 003,E01003305,Lewisham 003E,H,London,0,Does not apply,Does not apply,0,Not applicable,4,Local authority maintained schools,0,Not applicable,,,Not under a federation,,,,0,Not applicable,,0,Not applicable,,Not applicable,,,Not applicable,,Not applicable,Not applicable,Not applicable,,,Not applicable
Merlin Primary School,209,Lewisham,999,,2,Primary,1,Community school,Not applicable,Not applicable,2,Closed,,0,Not applicable,31/12/2010,6,For Academy,100698,,2463,,,,,279,,,,,,,,,,,,,,,,,,,,,,Mr,Damian,Tucker,Headteacher,,,,72 Ballamore Road,Downham,,Bromley,Kent,BR1 5LW,,,,,Not applicable,,,,0,Not applicable,Has Nursery Classes,3,11,2,No Special Classes,0,Not applicable,3,Mixed,,1,No boarders,,14/11/2018 00:00:00,E09000023,Lewisham,E05000442,Downham,E14000787,Lewisham East,A1,(England/Wales) Urban major conurbation,E09000023,540245,172313,E02006783,Lewisham 037,E01003236,Lewisham 037A,H,London,0,Does not apply,Does not apply,0,Not applicable,4,Local authority maintained schools,0,Not applicable,,,Not under a federation,,,,0,Not applicable,,0,Not applicable,,Not applicable,,,Not applicable,,Not applicable,Not applicable,Not applicable,,,Not applicable
Rangefield Primary School,209,Lewisham,999,,2,Primary,1,Community school,Not applicable,Not applicable,1,Open,,0,Not applicable,,0,Not applicable,100699,10074630,2491,,236,117,119,210,89,40.5,,,,,,,,,,,,,,,,,,,,Mrs,Michelle,Fenniche,Head of School,1.00E+11,,,Glenbow Road,Downham,Rangefield Primary School,Bromley,Kent,BR1 4RP,,http://www.rangefield.co.uk/,2086983112,,Not applicable,,,,2,Does not have a sixth form,Has Nursery Classes,3,11,2,No Special Classes,0,Not applicable,3,Mixed,,1,No boarders,15/01/2026,22/9/2026 00:00:00,E09000023,Lewisham,E05013720,Downham,E14001331,Lewisham East,UN1,Urban: Nearer to a major town or city,E09000023,539405,171393,E02006784,Lewisham 038,E01032565,Lewisham 038E,H,London,0,Does not apply,Does not apply,0,Not applicable,4,Local authority maintained schools,0,Not applicable,,,Supported by a federation,1984,Forster Park and Rangefield Federation,,0,Not applicable,,0,Not applicable,,Not applicable,,,Not applicable,,Not applicable,Not applicable,Not applicable,,,Not applicable
Rathfern Primary School,209,Lewisham,999,,2,Primary,1,Community school,Not applicable,Not applicable,1,Open,,0,Not applicable,,0,Not applicable,100700,10074629,2493,,484,238,246,515,99,21.2,,,,,,,,,,,,,,,Not applicable,,,,,Mrs,Naheeda,Maharasingam,Headteacher,1.00E+11,,,Rathfern Road,Catford,,London,,SE6 4NL,,http://www.rathfern.lewisham.sch.uk,2086903759,,Not applicable,,,,2,Does not have a sixth form,Has Nursery Classes,2,11,2,No Special Classes,0,Not applicable,3,Mixed,,1,No boarders,15/01/2026,16/9/2026 00:00:00,E09000023,Lewisham,E05013730,Rushey Green,E14001331,Lewisham East,UN1,Urban: Nearer to a major town or city,E09000023,536828,173191,E02000672,Lewisham 020,E01003321,Lewisham 020C,H,London,0,Does not apply,Does not apply,0,Not applicable,4,Local authority maintained schools,0,Not applicable,,,Not under a federation,,,,0,Not applicable,,0,Not applicable,,Not applicable,,,Not applicable,,Not applicable,Not applicable,Not applicable,,,Not applicable
Rushey Green Primary School,209,Lewisham,999,,2,Primary,1,Community school,Not applicable,Not applicable,1,Open,,0,Not applicable,,0,Not applicable,100701,10072917,2529,,560,282,278,680,170,31.3,,,,,,,Yes,,,,,,,,Resourced provision,4,6,,,Miss,Nerissa,Fisher,Headteacher,1.00E+11,,,Culverley Road,Catford,,London,,SE6 2LA,,www.rusheygreen.lewisham.sch.uk/,2086985001,,Not applicable,,,,2,Does not have a sixth form,Has Nursery Classes,3,11,2,No Special Classes,0,Not applicable,3,Mixed,,1,No boarders,15/01/2026,29/6/2026 00:00:00,E09000023,Lewisham,E05013717,Catford South,E14001331,Lewisham East,UN1,Urban: Nearer to a major town or city,E09000023,537770,173407,E02000677,Lewisham 025,E01003216,Lewisham 025A,H,London,0,Does not apply,Does not apply,0,Not applicable,4,Local authority maintained schools,0,Not applicable,,,Not under a federation,,,,0,Not applicable,,0,Not applicable,,Not applicable,,,Not applicable,,Not applicable,Not applicable,Not applicable,,,Not applicable
Sandhurst Junior School,209,Lewisham,999,,2,Primary,1,Community school,Not applicable,Not applicable,2,Closed,,0,Not applicable,04/01/2018,1,Result of Amalgamation/Merger,100702,,2535,,350,177,173,360,50,14.3,,,,,,,,,,,,,,,,,,,,Mrs,Rebecca,Dove,Headteacher,1.00E+11,,,Minard Road,Catford,,London,,SE6 1NW,,,,,Not applicable,,,,2,Does not have a sixth form,No Nursery Classes,7,11,2,No Special Classes,0,Not applicable,3,Mixed,,1,No boarders,18/01/2018,08/12/2024 00:00,E09000023,Lewisham,E05000440,Catford South,E14000787,Lewisham East,A1,(England/Wales) Urban major conurbation,E09000023,539055,173451,E02000674,Lewisham 022,E01003220,Lewisham 022C,H,London,0,Does not apply,Does not apply,0,Not applicable,4,Local authority maintained schools,0,Not applicable,,,Not under a federation,,,,0,Not applicable,,0,Not applicable,,Not applicable,,,Not applicable,,Not applicable,Not applicable,Not applicable,,,Not applicable
Sandhurst Primary School,209,Lewisham,999,,2,Primary,1,Community school,Not applicable,Not applicable,1,Open,,0,Not applicable,,0,Not applicable,100703,10074628,2536,,648,313,335,660,93,14.8,,,,,,,,,,,,,,,,,,,,Mr,James,Mole,Headteacher,1.00E+11,,,Minard Road,Catford,,London,,SE6 1NW,,https://www.sandhurstprimary.lewisham.sch.uk/,2086985810,,Not applicable,,,,2,Does not have a sixth form,Has Nursery Classes,3,11,2,No Special Classes,0,Not applicable,3,Mixed,,1,No boarders,15/01/2026,22/9/2026 00:00:00,E09000023,Lewisham,E05013724,Hither Green,E14001331,Lewisham East,UN1,Urban: Nearer to a major town or city,E09000023,539055,173451,E02000674,Lewisham 022,E01003220,Lewisham 022C,H,London,0,Does not apply,Does not apply,0,Not applicable,4,Local authority maintained schools,0,Not applicable,,,Not under a federation,,,,0,Not applicable,,0,Not applicable,,Not applicable,,,Not applicable,,Not applicable,Not applicable,Not applicable,,,Not applicable
Stillness Junior School,209,Lewisham,999,,2,Primary,1,Community school,Not applicable,Not applicable,1,Open,,0,Not applicable,,0,Not applicable,100704,10075069,2570,,276,144,132,360,21,7.6,,,,,,,,,,,,,,,,,,,,Mrs,Mitzi,Nichol,Headteacher,1.00E+11,,,Brockley Rise,Forest Hill,,London,,SE23 1NH,,www.stillnessjs.lewisham.sch.uk/,2086901416,,Not applicable,,,,2,Does not have a sixth form,No Nursery Classes,7,11,2,No Special Classes,0,Not applicable,3,Mixed,,1,No boarders,15/01/2026,29/6/2026 00:00:00,E09000023,Lewisham,E05013718,Crofton Park,E14001333,Lewisham West and East Dulwich,UN1,Urban: Nearer to a major town or city,E09000023,536370,174094,E02000671,Lewisham 019,E01003227,Lewisham 019B,H,London,0,Does not apply,Does not apply,0,Not applicable,4,Local authority maintained schools,0,Not applicable,,,Not under a federation,,,,0,Not applicable,,0,Not applicable,,Not applicable,,,Not applicable,,Not applicable,Not applicable,Not applicable,,,Not applicable
Stillness Infant School,209,Lewisham,999,,2,Primary,1,Community school,Not applicable,Not applicable,1,Open,,0,Not applicable,,0,Not applicable,100705,10066706,2571,,284,138,146,300,12,4.2,,,,,,,,,,,,,,,,,,,,Mrs,Annie Grimes,Rebecca Kelly,Headteacher,1.00E+11,,,Brockley Rise,,Brockley Rise,London,,SE23 1NH,,www.stillness-inf.lewisham.sch.uk,2086901208,,Not applicable,,,,2,Does not have a sixth form,Has Nursery Classes,3,7,0,Not applicable,0,Not applicable,3,Mixed,,1,No boarders,15/01/2026,09/01/2026 00:00,E09000023,Lewisham,E05013718,Crofton Park,E14001333,Lewisham West and East Dulwich,UN1,Urban: Nearer to a major town or city,E09000023,536370,174094,E02000671,Lewisham 019,E01003227,Lewisham 019B,H,London,0,Does not apply,Does not apply,0,Not applicable,4,Local authority maintained schools,0,Not applicable,,,Not under a federation,,,,0,Not applicable,,0,Not applicable,,Not applicable,,,Not applicable,,Not applicable,Not applicable,Not applicable,,,Not applicable
Tidemill Primary School,209,Lewisham,999,,2,Primary,1,Community school,Not applicable,Not applicable,2,Closed,,0,Not applicable,31/08/2011,10,Academy Converter,100706,,2599,,,,,420,,,,,,,Yes,,,,,,,,,,,,,,,Mr,Mark,Elms,Headteacher,,,,Frankham Street,,,London,,SE8 4RN,,,,,Not applicable,,,,0,Not applicable,Has Nursery Classes,3,11,1,Has Special Classes,0,Not applicable,3,Mixed,,1,No boarders,,15/10/2018 00:00:00,E09000023,Lewisham,E05000449,New Cross,E14000789,"Lewisham, Deptford",A1,(England/Wales) Urban major conurbation,E09000023,537351,177206,E02006798,Lewisham 039,E01032579,Lewisham 039E,H,London,0,Does not apply,Does not apply,0,Not applicable,4,Local authority maintained schools,0,Not applicable,,,Not under a federation,,,,0,Not applicable,,0,Not applicable,,Not applicable,,,Not applicable,,Not applicable,Not applicable,Not applicable,,,Not applicable
Torridon Junior School,209,Lewisham,999,,2,Primary,1,Community school,Not applicable,Not applicable,2,Closed,01/01/1900,0,Not applicable,31/08/2018,1,Result of Amalgamation/Merger,100707,,2605,,368,193,175,390,53,14.4,,,,,,Yes,,,,,,,,,SEN unit,,,8,10,Mrs,Joanne,Hawthorne,,2.00E+11,,,Hazelbank Road,,,London,,SE6 1TG,,,,,Not applicable,,,,2,Does not have a sixth form,No Nursery Classes,7,11,0,Not applicable,0,Not applicable,3,Mixed,,1,No boarders,18/01/2018,26/6/2026 00:00:00,E09000023,Lewisham,E05000440,Catford South,E14000787,Lewisham East,A1,(England/Wales) Urban major conurbation,E09000023,538945,172742,E02000677,Lewisham 025,E01003219,Lewisham 025B,H,London,0,Does not apply,Does not apply,0,Not applicable,4,Local authority maintained schools,0,Not applicable,,,Not under a federation,,,,0,Not applicable,,0,Not applicable,,Not applicable,,,Not applicable,,Not applicable,Not applicable,Not applicable,,,Not applicable
Torridon Primary School,209,Lewisham,999,,2,Primary,1,Community school,Not applicable,Not applicable,1,Open,,0,Not applicable,,0,Not applicable,100708,10071958,2606,,632,316,316,660,171,27.1,,,,,,,,,,,,,,,Resourced provision,16,16,,,,Manda,George,Headteacher,1.00E+11,,,Hazelbank Road,,,London,,SE6 1TG,,www.torridonprimary.lewisham.sch.uk/,2086972762,,Not applicable,,,,2,Does not have a sixth form,Has Nursery Classes,3,11,0,Not applicable,0,Not applicable,3,Mixed,,1,No boarders,15/01/2026,09/09/2026 00:00,E09000023,Lewisham,E05013717,Catford South,E14001331,Lewisham East,UN1,Urban: Nearer to a major town or city,E09000023,538945,172742,E02000677,Lewisham 025,E01003219,Lewisham 025B,H,London,0,Does not apply,Does not apply,0,Not applicable,4,Local authority maintained schools,0,Not applicable,,,Not under a federation,,,,0,Not applicable,,0,Not applicable,,Not applicable,,,Not applicable,,Not applicable,Not applicable,Not applicable,,,Not applicable
John Ball Primary School,209,Lewisham,999,,2,Primary,1,Community school,Not applicable,Not applicable,1,Open,,0,Not applicable,,0,Not applicable,100709,10074627,2782,,672,361,311,684,75,11.3,,,,,,,,,,,,,,,,,,,,Mrs,Jacqui,Noakes,Headteacher,1.00E+11,,,Southvale Road,Blackheath,,London,,SE3 0TP,,www.johnball.lewisham.sch.uk,2088521601,,Not applicable,,,,2,Does not have a sixth form,Has Nursery Classes,2,11,2,No Special Classes,0,Not applicable,3,Mixed,,1,No boarders,15/01/2026,24/9/2026 00:00:00,E09000023,Lewisham,E05013715,Blackheath,E14001332,Lewisham North,UN1,Urban: Nearer to a major town or city,E09000023,539376,176050,E02000661,Lewisham 009,E01003200,Lewisham 009B,H,London,0,Does not apply,Does not apply,0,Not applicable,4,Local authority maintained schools,0,Not applicable,,,Not under a federation,,,,0,Not applicable,,0,Not applicable,,Not applicable,,,Not applicable,,Not applicable,Not applicable,Not applicable,,,Not applicable
Fairlawn Primary School,209,Lewisham,999,,2,Primary,1,Community school,Not applicable,Not applicable,1,Open,,0,Not applicable,,0,Not applicable,100710,10079729,2811,,362,191,171,480,56,15.9,,,,,,,,,,,,,,,,,,,,Ms,Hania,Ryans,Head Teacher,1.00E+11,,,Honor Oak Road,,,London,,SE23 3SB,,www.fairlawn.lewisham.sch.uk,2086997948,,Not applicable,,,,2,Does not have a sixth form,Has Nursery Classes,3,11,2,No Special Classes,0,Not applicable,3,Mixed,,1,No boarders,15/01/2026,09/04/2026 00:00,E09000023,Lewisham,E05013722,Forest Hill,E14001333,Lewisham West and East Dulwich,UN1,Urban: Nearer to a major town or city,E09000023,535292,173813,E02000673,Lewisham 021,E01003260,Lewisham 021C,H,London,0,Does not apply,Does not apply,0,Not applicable,4,Local authority maintained schools,0,Not applicable,,,Supported by a federation,15770,Fairlawn and Haseltine Federation,,0,Not applicable,,0,Not applicable,,Not applicable,,,Not applicable,,Not applicable,Not applicable,Not applicable,,,Not applicable
Eliot Bank Primary School,209,Lewisham,999,,2,Primary,1,Community school,Not applicable,Not applicable,1,Open,,0,Not applicable,,0,Not applicable,100711,10074626,2815,,397,194,203,446,59,15.1,,,,,,,,,,,,,,,,,,,,Ms,Maria,Gilmore,Headteacher,1.00E+11,,,Thorpewood Avenue,Sydenham,,London,,SE26 4BU,,www.eliotbank.lewisham.sch.uk/,2086990586,,Not applicable,,,,2,Does not have a sixth form,Has Nursery Classes,3,11,2,No Special Classes,0,Not applicable,3,Mixed,,1,No boarders,15/01/2026,29/6/2026 00:00:00,E09000023,Lewisham,E05013722,Forest Hill,E14001333,Lewisham West and East Dulwich,UN1,Urban: Nearer to a major town or city,E09000023,534813,172681,E02000680,Lewisham 028,E01003257,Lewisham 028B,H,London,0,Does not apply,Does not apply,0,Not applicable,4,Local authority maintained schools,0,Not applicable,,,Supported by a federation,1659,The Eliot Bank and Gordonbrock Primary Schools Federation,,0,Not applicable,,0,Not applicable,,Not applicable,,,Not applicable,,Not applicable,Not applicable,Not applicable,,,Not applicable
Twin Oaks Primary School,209,Lewisham,999,,2,Primary,1,Community school,Not applicable,Not applicable,1,Open,,0,Not applicable,,0,Not applicable,100712,10070040,2818,,176,95,81,210,77,43.8,,,,,,,,,,,,,,,,,,,,Miss,Karen,Cartwright,Headteacher,1.00E+11,,,Scawen Road,,,London,,SE8 5AE,,www.twinoaks.lewisham.sch.uk,2086924321,,Not applicable,,,,2,Does not have a sixth form,No Nursery Classes,4,11,2,No Special Classes,0,Not applicable,3,Mixed,,1,No boarders,15/01/2026,09/01/2026 00:00,E09000023,Lewisham,E05013721,Evelyn,E14001332,Lewisham North,UN1,Urban: Nearer to a major town or city,E09000023,536041,178131,E02000653,Lewisham 001,E01003247,Lewisham 001C,H,London,0,Does not apply,Does not apply,0,Not applicable,4,Local authority maintained schools,0,Not applicable,,,Not under a federation,,,,0,Not applicable,,0,Not applicable,,Not applicable,,,Not applicable,,Not applicable,Not applicable,Not applicable,,,Not applicable
Myatt Garden Primary School,209,Lewisham,999,,2,Primary,1,Community school,Not applicable,Not applicable,1,Open,,0,Not applicable,,0,Not applicable,100713,10074625,2869,,357,171,186,480,76,21.6,,,,,,,,,,,,,,,,,,,,Ms,Sally,Williams,Headteacher,1.00E+11,,,Rokeby Road,Brockley,,London,,SE4 1DF,,http://www.myattgarden.lewisham.sch.uk/,2086910611,,Not applicable,,,,2,Does not have a sixth form,Has Nursery Classes,3,11,2,No Special Classes,0,Not applicable,3,Mixed,,1,No boarders,15/01/2026,29/6/2026 00:00:00,E09000023,Lewisham,E05013716,Brockley,E14001332,Lewisham North,UN1,Urban: Nearer to a major town or city,E09000023,536827,176434,E02000657,Lewisham 005,E01003210,Lewisham 005C,H,London,0,Does not apply,Does not apply,0,Not applicable,4,Local authority maintained schools,0,Not applicable,,,Not under a federation,,,,0,Not applicable,,0,Not applicable,,Not applicable,,,Not applicable,,Not applicable,Not applicable,Not applicable,,,Not applicable
Horniman Primary School,209,Lewisham,999,,2,Primary,1,Community school,Not applicable,Not applicable,1,Open,,0,Not applicable,,0,Not applicable,100714,10070039,2870,,201,108,93,210,22,10.9,,,,,,,,,,,,,,,,,,,,Mr,Andrew,Pickering,Headteacher,1.00E+11,,,Horniman Drive,,,London,,SE23 3BP,,www.hornimanprimary.com,2086993190,,Not applicable,,,,2,Does not have a sixth form,No Nursery Classes,5,11,2,No Special Classes,0,Not applicable,3,Mixed,,1,No boarders,15/01/2026,29/6/2026 00:00:00,E09000023,Lewisham,E05013722,Forest Hill,E14001333,Lewisham West and East Dulwich,UN1,Urban: Nearer to a major town or city,E09000023,534976,173432,E02000673,Lewisham 021,E01003254,Lewisham 021A,H,London,0,Does not apply,Does not apply,0,Not applicable,4,Local authority maintained schools,0,Not applicable,,,Not under a federation,,,,0,Not applicable,,0,Not applicable,,Not applicable,,,Not applicable,,Not applicable,Not applicable,Not applicable,,,Not applicable
Perrymount Primary School,209,Lewisham,999,,2,Primary,1,Community school,Not applicable,Not applicable,1,Open,,0,Not applicable,,0,Not applicable,100715,10074624,2871,,202,96,106,210,67,34.4,,,,,,,,,,,,,,,Not applicable,,,,,Ms,Christine,Keen,Headteacher,1.00E+11,,,Sunderland Road,Forest Hill,,London,,SE23 2PX,,www.perrymount.lewisham.sch.uk/,2086994522,,Not applicable,,,,2,Does not have a sixth form,Has Nursery Classes,3,11,2,No Special Classes,0,Not applicable,3,Mixed,,1,No boarders,15/01/2026,29/6/2026 00:00:00,E09000023,Lewisham,E05013729,Perry Vale,E14001333,Lewisham West and East Dulwich,UN1,Urban: Nearer to a major town or city,E09000023,535860,172698,E02000679,Lewisham 027,E01003310,Lewisham 027B,H,London,0,Does not apply,Does not apply,0,Not applicable,4,Local authority maintained schools,0,Not applicable,,,Not under a federation,,,,0,Not applicable,,0,Not applicable,,Not applicable,,,Not applicable,,Not applicable,Not applicable,Not applicable,,,Not applicable
Ashmead Primary School,209,Lewisham,999,,2,Primary,1,Community school,Not applicable,Not applicable,1,Open,,0,Not applicable,,0,Not applicable,100716,10074623,2878,,390,206,184,446,42,11,,,,,,,,,,,,,,,Not applicable,,,,,Ms,Jane,Bickley,Headteacher,1.00E+11,,,Ashmead Road,,Deptford,London,,SE8 4DX,,www.ashmead.lewisham.sch.uk,2086926081,,Not applicable,,,,2,Does not have a sixth form,Has Nursery Classes,3,11,2,No Special Classes,0,Not applicable,3,Mixed,,1,No boarders,15/01/2026,09/08/2026 00:00,E09000023,Lewisham,E05013716,Brockley,E14001332,Lewisham North,UN1,Urban: Nearer to a major town or city,E09000023,537241,176322,E02000660,Lewisham 008,E01033324,Lewisham 008E,H,London,0,Does not apply,Does not apply,0,Not applicable,4,Local authority maintained schools,0,Not applicable,,,Not under a federation,,,,0,Not applicable,,0,Not applicable,,Not applicable,,,Not applicable,,Not applicable,Not applicable,Not applicable,,,Not applicable
Brindishe Lee School,209,Lewisham,999,,2,Primary,1,Community school,Not applicable,Not applicable,1,Open,,0,Not applicable,,0,Not applicable,100717,10079728,2887,,196,92,104,270,37,18.9,,,,,,,,,,,,,,,,,,,,Mrs,Sian,Bannister,Executive Head,10023233154,,,Wantage Road,Lee Green,,London,,SE12 8NA,,www.brindisheschools.org/,2083184626,,Not applicable,,,,2,Does not have a sixth form,No Nursery Classes,4,11,2,No Special Classes,0,Not applicable,3,Mixed,,1,No boarders,15/01/2026,09/03/2026 00:00,E09000023,Lewisham,E05013726,Lee Green,E14001331,Lewisham East,UN1,Urban: Nearer to a major town or city,E09000023,539672,174662,E02000668,Lewisham 016,E01003287,Lewisham 016D,H,London,0,Does not apply,Does not apply,0,Not applicable,4,Local authority maintained schools,0,Not applicable,,,Supported by a federation,1300,The Brindishe Federation,,0,Not applicable,,0,Not applicable,,Not applicable,,,Not applicable,,Not applicable,Not applicable,Not applicable,,,Not applicable
Kilmorie Primary School,209,Lewisham,999,,2,Primary,1,Community school,Not applicable,Not applicable,1,Open,,0,Not applicable,,0,Not applicable,100718,10069168,2911,,613,325,288,700,59,9.8,,,,,,,,,,,,,,,,,,,,Headteacher,Dennis,Irwin,Head of School,1.00E+11,,,Kilmorie Road,,,London,,SE23 2SP,,www.kilmorieschool.co.uk,2082911250,,Not applicable,,,,2,Does not have a sixth form,Has Nursery Classes,3,11,2,No Special Classes,0,Not applicable,3,Mixed,,1,No boarders,15/01/2026,29/6/2026 00:00:00,E09000023,Lewisham,E05013729,Perry Vale,E14001333,Lewisham West and East Dulwich,UN1,Urban: Nearer to a major town or city,E09000023,536338,172903,E02000676,Lewisham 024,E01003314,Lewisham 024C,H,London,0,Does not apply,Does not apply,0,Not applicable,4,Local authority maintained schools,0,Not applicable,,,Not under a federation,,,,0,Not applicable,,0,Not applicable,,Not applicable,,,Not applicable,,Not applicable,Not applicable,Not applicable,,,Not applicable
All Saints' Church of England Primary School Blackheath,209,Lewisham,999,,2,Primary,2,Voluntary aided school,Not applicable,Not applicable,1,Open,,0,Not applicable,,0,Not applicable,100719,10074728,3301,,189,94,95,218,22,11.6,,,,,,,,,,,,,,,,,,,,Mr,Luke,Tucker,Headteacher,1.00E+11,,,2 Blackheath Vale,Blackheath,,London,,SE3 0TX,,www.allsaints.lewisham.sch.uk/,2088526136,,Not applicable,,,,2,Does not have a sixth form,No Nursery Classes,4,11,2,No Special Classes,0,Not applicable,3,Mixed,,1,No boarders,15/01/2026,17/9/2026 00:00:00,E09000023,Lewisham,E05013715,Blackheath,E14001332,Lewisham North,UN1,Urban: Nearer to a major town or city,E09000023,539253,176405,E02000661,Lewisham 009,E01003200,Lewisham 009B,H,London,2,Church of England,Does not apply,CE36,Diocese of Southwark,4,Local authority maintained schools,0,Not applicable,,,Not under a federation,,,,0,Not applicable,,0,Not applicable,,Not applicable,,,Not applicable,,Not applicable,Not applicable,Not applicable,,,Not applicable
St Mary Magdalen's Catholic Primary School,209,Lewisham,999,,2,Primary,2,Voluntary aided school,Not applicable,Not applicable,2,Closed,01/01/1900,0,Not applicable,31/12/2021,2,Closure,100720,10075978,3315,,147,72,75,210,56,38.1,,,,,,,,,,,,,,,,,,,,Mrs,Joanna,Seymour,Headteacher,1.00E+11,,,Howson Road,Brockley,,London,,SE4 2BB,,,,,Not applicable,,,,2,Does not have a sixth form,No Nursery Classes,4,11,2,No Special Classes,0,Not applicable,3,Mixed,,1,No boarders,21/01/2021,04/06/2022 00:00,E09000023,Lewisham,E05000441,Crofton Park,E14000789,"Lewisham, Deptford",A1,(England/Wales) Urban major conurbation,E09000023,536414,175169,E02000667,Lewisham 015,E01003231,Lewisham 015B,H,London,3,Roman Catholic,Does not apply,RC19,Archdiocese of Southwark,4,Local authority maintained schools,0,Not applicable,,,Not under a federation,,,,0,Not applicable,,0,Not applicable,,Not applicable,,,Not applicable,,Not applicable,Not applicable,Not applicable,,,Not applicable
St George's CofE Primary School,209,Lewisham,999,,2,Primary,2,Voluntary aided school,Not applicable,Not applicable,2,Closed,,0,Not applicable,30/04/2018,10,Academy Converter,100721,,3325,,225,125,100,300,43,21.1,,,,,,,,,,,,,,,,,,,,Ms,Geraldine,Constable,Headteacher,1.00E+11,,,Perry Vale,Forest Hill,,London,,SE23 2NE,,,,,Not applicable,,,,2,Does not have a sixth form,Has Nursery Classes,3,11,2,No Special Classes,0,Not applicable,3,Mixed,,1,No boarders,18/01/2018,19/9/2018 00:00:00,E09000023,Lewisham,E05000450,Perry Vale,E14000788,Lewisham West and Penge,A1,(England/Wales) Urban major conurbation,E09000023,535515,172758,E02000679,Lewisham 027,E01003310,Lewisham 027B,H,London,2,Church of England,Does not apply,CE36,Diocese of Southwark,4,Local authority maintained schools,0,Not applicable,,,Not under a federation,,,,0,Not applicable,,0,Not applicable,,Not applicable,,,Not applicable,,Not applicable,Not applicable,Not applicable,,,Not applicable
Good Shepherd RC School,209,Lewisham,999,,2,Primary,2,Voluntary aided school,Not applicable,Not applicable,1,Open,,0,Not applicable,,0,Not applicable,100722,10075977,3344,,201,94,107,290,59,30.9,,,,,,,,,,,,,,,,,,,,Miss,Lisa,De Souza,Headteacher,1.00E+11,,,Moorside Road,Downham,,Bromley,Kent,BR1 5EP,,http://www.goodshepherd.lewisham.sch.uk/,2086984173,,Not applicable,,,,2,Does not have a sixth form,Has Nursery Classes,3,11,2,No Special Classes,0,Not applicable,3,Mixed,,1,No boarders,15/01/2026,29/6/2026 00:00:00,E09000023,Lewisham,E05013720,Downham,E14001331,Lewisham East,UN1,Urban: Nearer to a major town or city,E09000023,539874,171640,E02006783,Lewisham 037,E01003237,Lewisham 037B,H,London,3,Roman Catholic,Does not apply,RC19,Archdiocese of Southwark,4,Local authority maintained schools,0,Not applicable,,,Not under a federation,,,,0,Not applicable,,0,Not applicable,,Not applicable,,,Not applicable,,Not applicable,Not applicable,Not applicable,,,Not applicable
Holy Trinity Church of England Primary School,209,Lewisham,999,,2,Primary,2,Voluntary aided school,Not applicable,Not applicable,1,Open,,0,Not applicable,,0,Not applicable,100723,10074727,3360,,185,94,91,210,87,49.2,,,,,,,,,,,,,,,,,,,,Miss,Sarah,Ambrose,Headteacher,1.00E+11,,,Dartmouth Road,Forest Hill,,London,,SE23 3HZ,,www.holytrinity.lewisham.sch.uk/,2086999023,,Not applicable,,,,2,Does not have a sixth form,Has Nursery Classes,3,11,2,No Special Classes,0,Not applicable,3,Mixed,,1,No boarders,15/01/2026,29/6/2026 00:00:00,E09000023,Lewisham,E05013722,Forest Hill,E14001333,Lewisham West and East Dulwich,UN1,Urban: Nearer to a major town or city,E09000023,535188,172518,E02000680,Lewisham 028,E01003256,Lewisham 028A,H,London,2,Church of England,Does not apply,CE36,Diocese of Southwark,4,Local authority maintained schools,0,Not applicable,,,Not under a federation,,,,0,Not applicable,,0,Not applicable,,Not applicable,,,Not applicable,,Not applicable,Not applicable,Not applicable,,,Not applicable
St Margaret's Lee CofE Primary School,209,Lewisham,999,,2,Primary,2,Voluntary aided school,Not applicable,Not applicable,1,Open,,0,Not applicable,,0,Not applicable,100724,10074026,3374,,206,92,114,210,40,19.4,,,,,,,,,,,,,,,,,,,,Mr,Ian,Wilson,Headteacher,1.00E+11,,,Lee Church Street,,st margarets lee ce school,London,,SE13 5SG,,www.sml.london,2088523151,,Not applicable,,,,2,Does not have a sixth form,No Nursery Classes,4,11,2,No Special Classes,0,Not applicable,3,Mixed,,1,No boarders,15/01/2026,09/09/2026 00:00,E09000023,Lewisham,E05013715,Blackheath,E14001332,Lewisham North,UN1,Urban: Nearer to a major town or city,E09000023,539396,175309,E02000661,Lewisham 009,E01003203,Lewisham 009D,H,London,2,Church of England,Does not apply,CE36,Diocese of Southwark,4,Local authority maintained schools,0,Not applicable,,,Not under a federation,,,,0,Not applicable,,0,Not applicable,,Not applicable,,,Not applicable,,Not applicable,Not applicable,Not applicable,,,Not applicable
St Augustine's Catholic Primary School and Nursery,209,Lewisham,999,,2,Primary,2,Voluntary aided school,Not applicable,Not applicable,1,Open,,0,Not applicable,,0,Not applicable,100725,10075976,3416,,216,113,103,210,46,22.9,,,,,,,,,,,,,,,,,,,,Mrs,Denise,Duffus,Headteacher,1.00E+11,,,Dunfield Road,,,London,,SE6 3RD,,http://www.staugustines.lewisham.sch.uk,2086986083,,Not applicable,,,,2,Does not have a sixth form,Has Nursery Classes,3,11,2,No Special Classes,0,Not applicable,3,Mixed,,1,No boarders,15/01/2026,29/6/2026 00:00:00,E09000023,Lewisham,E05013714,Bellingham,E14001331,Lewisham East,UN1,Urban: Nearer to a major town or city,E09000023,537997,171320,E02000686,Lewisham 034,E01003192,Lewisham 034D,H,London,3,Roman Catholic,Does not apply,RC19,Archdiocese of Southwark,4,Local authority maintained schools,0,Not applicable,,,Not under a federation,,,,0,Not applicable,,0,Not applicable,,Not applicable,,,Not applicable,,Not applicable,Not applicable,Not applicable,,,Not applicable
St Bartholomews's Church of England Primary School,209,Lewisham,999,,2,Primary,2,Voluntary aided school,Not applicable,Not applicable,1,Open,,0,Not applicable,,0,Not applicable,100726,10069853,3420,,394,217,177,405,28,7.1,,,,,,,,,,,,,,,Not applicable,,,,,Mr,Daniel,Meyer,Headteacher,2.00E+11,,,The Peak,Sydenham,,London,,SE26 4LJ,,www.st-bartholomews.lewisham.sch.uk/,2086998537,,Not applicable,,,,2,Does not have a sixth form,No Nursery Classes,5,11,2,No Special Classes,0,Not applicable,3,Mixed,,1,No boarders,15/01/2026,29/6/2026 00:00:00,E09000023,Lewisham,E05013731,Sydenham,E14001333,Lewisham West and East Dulwich,UN1,Urban: Nearer to a major town or city,E09000023,535296,172015,E02000685,Lewisham 033,E01003329,Lewisham 033A,H,London,2,Church of England,Does not apply,CE36,Diocese of Southwark,4,Local authority maintained schools,0,Not applicable,,,Not under a federation,,,,0,Not applicable,,0,Not applicable,,Not applicable,,,Not applicable,,Not applicable,Not applicable,Not applicable,,,Not applicable
St James's Hatcham Church of England Primary School,209,Lewisham,999,,2,Primary,2,Voluntary aided school,Not applicable,Not applicable,2,Closed,,0,Not applicable,31/08/2024,10,Academy Converter,100727,10074726,3454,,171,78,93,210,73,42.7,,,,,,,,,,,,,,,,,,,,Ms,S E,McFarlane,Headteacher,1.00E+11,,,St James's,New Cross,,London,,SE14 6AD,,,,,Not applicable,,,,2,Does not have a sixth form,No Nursery Classes,4,11,2,No Special Classes,0,Not applicable,3,Mixed,,1,No boarders,18/01/2024,31/8/2024 00:00:00,E09000023,Lewisham,E05013716,Brockley,E14001332,Lewisham North,A1,(England/Wales) Urban major conurbation,E09000023,536349,176875,E02000657,Lewisham 005,E01003215,Lewisham 005E,H,London,2,Church of England,Does not apply,CE36,Diocese of Southwark,4,Local authority maintained schools,0,Not applicable,,,Not under a federation,,,,0,Not applicable,,0,Not applicable,,Not applicable,,,Not applicable,,Not applicable,Not applicable,Not applicable,,,Not applicable
St John Baptist Southend Church of England Primary School,209,Lewisham,999,,2,Primary,2,Voluntary aided school,Not applicable,Not applicable,1,Open,,0,Not applicable,,0,Not applicable,100728,10074725,3472,,177,84,93,210,43,24.3,,,,,,,,,,,,,,,,,,,,Mrs,Elizabeth,Derham,Executive Headteacher,2.00E+11,,,Beachborough Road,,,Bromley,Kent,BR1 5RL,,www.sjb.lewisham.sch.uk,2086983059,,Not applicable,,,,2,Does not have a sixth form,No Nursery Classes,4,11,2,No Special Classes,0,Not applicable,3,Mixed,,1,No boarders,15/01/2026,29/6/2026 00:00:00,E09000023,Lewisham,E05013717,Catford South,E14001331,Lewisham East,UN1,Urban: Nearer to a major town or city,E09000023,538325,171872,E02000682,Lewisham 030,E01003353,Lewisham 030E,H,London,2,Church of England,Does not apply,CE36,Diocese of Southwark,4,Local authority maintained schools,0,Not applicable,,,Not under a federation,,,,0,Not applicable,,0,Not applicable,,Not applicable,,,Not applicable,,Not applicable,Not applicable,Not applicable,,,Not applicable
St Joseph's Catholic Primary School,209,Lewisham,999,,2,Primary,2,Voluntary aided school,Not applicable,Not applicable,1,Open,,0,Not applicable,,0,Not applicable,100729,10075975,3478,,122,61,61,240,61,50,,,,,,,,,,,,,,,,,,,,Mrs,Louise,Blyde,Headteacher,10023231343,,,Crossfield Street,Deptford,,London,,SE8 3PH,,www.stjps.lewisham.sch.uk/,2086924836,,Not applicable,,,,2,Does not have a sixth form,No Nursery Classes,4,11,2,No Special Classes,0,Not applicable,3,Mixed,,1,No boarders,15/01/2026,29/6/2026 00:00:00,E09000023,Lewisham,E05013719,Deptford,E14001332,Lewisham North,UN1,Urban: Nearer to a major town or city,E09000023,537224,177395,E02000654,Lewisham 002,E01003253,Lewisham 002E,H,London,3,Roman Catholic,Does not apply,RC19,Archdiocese of Southwark,4,Local authority maintained schools,0,Not applicable,,,Not under a federation,,,,0,Not applicable,,0,Not applicable,,Not applicable,,,Not applicable,,Not applicable,Not applicable,Not applicable,,,Not applicable
St Mary's Lewisham Church of England Primary School,209,Lewisham,999,,2,Primary,2,Voluntary aided school,Not applicable,Not applicable,1,Open,,0,Not applicable,,0,Not applicable,100730,10074025,3518,,231,125,106,210,74,35.6,,,,,,,,,,,,,,,,,,,,Mrs,Christine,Graham,Headteacher,2.00E+11,,,329 Lewisham High Street,,,London,,SE13 6NX,,www.st-marys.lewisham.sch.uk/,2086902613,,Not applicable,,,,2,Does not have a sixth form,Has Nursery Classes,3,11,2,No Special Classes,0,Not applicable,3,Mixed,,1,No boarders,15/01/2026,09/01/2026 00:00,E09000023,Lewisham,E05013725,Ladywell,E14001332,Lewisham North,UN1,Urban: Nearer to a major town or city,E09000023,537996,174766,E02007009,Lewisham 041,E01003291,Lewisham 041D,H,London,2,Church of England,Does not apply,CE36,Diocese of Southwark,4,Local authority maintained schools,0,Not applicable,,,Not under a federation,,,,0,Not applicable,,0,Not applicable,,Not applicable,,,Not applicable,,Not applicable,Not applicable,Not applicable,,,Not applicable
St Michael's Church of England Primary School,209,Lewisham,999,,2,Primary,2,Voluntary aided school,Not applicable,Not applicable,2,Closed,,0,Not applicable,31/08/2024,10,Academy Converter,100731,10074724,3548,,207,111,96,210,68,34.7,,,,,,,,,,,,,,,,,,,,Ms,Jacqui,Gillespie,Headteacher,1.00E+11,,,Champion Road,Sydenham,,London,,SE26 4HH,,,,,Not applicable,,,,2,Does not have a sixth form,Has Nursery Classes,3,11,2,No Special Classes,0,Not applicable,3,Mixed,,1,No boarders,18/01/2024,31/8/2024 00:00:00,E09000023,Lewisham,E05013731,Sydenham,E14001333,Lewisham West and East Dulwich,A1,(England/Wales) Urban major conurbation,E09000023,536204,171826,E02000687,Lewisham 035,E01003333,Lewisham 035D,H,London,2,Church of England,Does not apply,CE36,Diocese of Southwark,4,Local authority maintained schools,0,Not applicable,,,Not under a federation,,,,0,Not applicable,,0,Not applicable,,Not applicable,,,Not applicable,,Not applicable,Not applicable,Not applicable,,,Not applicable
Our Lady and St Philip Neri Roman Catholic Primary School,209,Lewisham,999,,2,Primary,2,Voluntary aided school,Not applicable,Not applicable,2,Closed,,0,Not applicable,31/03/2024,10,Academy Converter,100732,10075974,3588,,243,128,115,386,67,31,,,,,,,,,,,,,,,,,,,,Mr,Matthew,Ringham,Headteacher,1.00E+11,,,208 Sydenham Road,,,London,,SE26 5SE,,,,,Not applicable,,,,2,Does not have a sixth form,Has Nursery Classes,3,11,2,No Special Classes,0,Not applicable,3,Mixed,,1,No boarders,18/01/2024,07/08/2024 00:00,E09000023,Lewisham,E05013731,Sydenham,E14000788,Lewisham West and Penge,A1,(England/Wales) Urban major conurbation,E09000023,536259,171533,E02000687,Lewisham 035,E01003333,Lewisham 035D,H,London,3,Roman Catholic,Does not apply,RC19,Archdiocese of Southwark,4,Local authority maintained schools,0,Not applicable,,,Not under a federation,,,,0,Not applicable,,0,Not applicable,,Not applicable,,,Not applicable,,Not applicable,Not applicable,Not applicable,,,Not applicable
St Saviour's Catholic Primary School,209,Lewisham,999,,2,Primary,2,Voluntary aided school,Not applicable,Not applicable,1,Open,,0,Not applicable,,0,Not applicable,100733,10075973,3594,,188,96,92,230,58,31.9,,,,,,,,,,,,,,,,,,,,Mrs,Iheoma,Onye,Headteacher,1.00E+11,,,10 Bonfield Road,Lewisham,,London,,SE13 6AL,,www.stsaviours.lewisham.sch.uk,2088524283,,Not applicable,,,,2,Does not have a sixth form,Has Nursery Classes,3,11,2,No Special Classes,0,Not applicable,3,Mixed,,1,No boarders,15/01/2026,09/10/2026 00:00,E09000023,Lewisham,E05013727,Lewisham Central,E14001332,Lewisham North,UN1,Urban: Nearer to a major town or city,E09000023,538324,175333,E02007009,Lewisham 041,E01033327,Lewisham 041B,H,London,3,Roman Catholic,Does not apply,RC19,Archdiocese of Southwark,4,Local authority maintained schools,0,Not applicable,,,Not under a federation,,,,0,Not applicable,,0,Not applicable,,Not applicable,,,Not applicable,,Not applicable,Not applicable,Not applicable,,,Not applicable
St Stephen's CofE Primary School,209,Lewisham,999,,2,Primary,2,Voluntary aided school,Not applicable,Not applicable,2,Closed,,0,Not applicable,31/08/2024,10,Academy Converter,100734,10074024,3597,,205,110,95,260,84,43.1,,,,,,,,,,,,,,,,,,,,Miss,Frances,Holland,Headteacher,10023231343,,,Albyn Road,Deptford,,London,,SE8 4ED,,,,,Not applicable,,,,2,Does not have a sixth form,Has Nursery Classes,3,11,2,No Special Classes,0,Not applicable,3,Mixed,,1,No boarders,18/01/2024,31/8/2024 00:00:00,E09000023,Lewisham,E05013716,Brockley,E14001332,Lewisham North,A1,(England/Wales) Urban major conurbation,E09000023,537294,176489,E02000660,Lewisham 008,E01033324,Lewisham 008E,H,London,2,Church of England,Does not apply,CE36,Diocese of Southwark,4,Local authority maintained schools,0,Not applicable,,,Not under a federation,,,,0,Not applicable,,0,Not applicable,,Not applicable,,,Not applicable,,Not applicable,Not applicable,Not applicable,,,Not applicable
St Winifred's Catholic Infant and Nursery School,209,Lewisham,999,,2,Primary,2,Voluntary aided school,Not applicable,Not applicable,2,Closed,,0,Not applicable,31/03/2016,1,Result of Amalgamation/Merger,100735,,3612,,,,,133,,,,,,,,,,,,,,,,,,,,,,Miss,Margaret,Hanrahan,Headteacher,,,,Effingham Road,,,London,,SE12 8NS,,,,,Not applicable,,,,2,Does not have a sixth form,Has Nursery Classes,3,7,2,No Special Classes,0,Not applicable,3,Mixed,,1,No boarders,,14/11/2018 00:00:00,E09000023,Lewisham,E05000447,Lee Green,E14000787,Lewisham East,A1,(England/Wales) Urban major conurbation,E09000023,539444,174637,E02000665,Lewisham 013,E01003283,Lewisham 013B,H,London,3,Roman Catholic,Does not apply,RC19,Archdiocese of Southwark,4,Local authority maintained schools,0,Not applicable,,,Not under a federation,,,,0,Not applicable,,0,Not applicable,,Not applicable,,,Not applicable,,Not applicable,Not applicable,Not applicable,,,Not applicable
Our Lady of Lourdes Catholic Primary School,209,Lewisham,999,,2,Primary,2,Voluntary aided school,Not applicable,Not applicable,2,Closed,,0,Not applicable,31/08/2007,6,For Academy,100736,,3642,,,,,420,,,,,,,,,,,,,,,,,,,,,,Ms,A M,Day,Headteacher,,,,Belmont Hill,Lewisham,,London,,SE13 5DZ,,,,,Not applicable,,,,0,Not applicable,Has Nursery Classes,3,11,2,No Special Classes,0,Not applicable,3,Mixed,,1,No boarders,,14/11/2018 00:00:00,E09000023,Lewisham,E05000438,Blackheath,E14000787,Lewisham East,A1,(England/Wales) Urban major conurbation,E09000023,538912,175789,E02000659,Lewisham 007,E01003199,Lewisham 007A,H,London,3,Roman Catholic,Does not apply,RC19,Archdiocese of Southwark,4,Local authority maintained schools,0,Not applicable,,,Not under a federation,,,,0,Not applicable,,0,Not applicable,,Not applicable,,,Not applicable,,Not applicable,Not applicable,Not applicable,,,Not applicable
St William of York Catholic Primary School,209,Lewisham,999,,2,Primary,2,Voluntary aided school,Not applicable,Not applicable,1,Open,,0,Not applicable,,0,Not applicable,100737,10075972,3650,,207,100,107,210,47,23.6,,,,,,,,,,,,,,,,,,,,Mrs,Hayley,Mayers,Headteacher,1.00E+11,,,Brockley Park,Forest Hill,St. William of York School,London,,SE23 1PS,,www.swoy.lewisham.sch.uk,2086902842,,Not applicable,,,,2,Does not have a sixth form,Has Nursery Classes,3,11,2,No Special Classes,0,Not applicable,3,Mixed,,1,No boarders,15/01/2026,29/6/2026 00:00:00,E09000023,Lewisham,E05013718,Crofton Park,E14001333,Lewisham West and East Dulwich,UN1,Urban: Nearer to a major town or city,E09000023,536366,173525,E02000671,Lewisham 019,E01003230,Lewisham 019E,H,London,3,Roman Catholic,Does not apply,RC19,Archdiocese of Southwark,4,Local authority maintained schools,0,Not applicable,,,Not under a federation,,,,0,Not applicable,,0,Not applicable,,Not applicable,,,Not applicable,,Not applicable,Not applicable,Not applicable,,,Not applicable
St Winifred's Catholic Junior School,209,Lewisham,999,,2,Primary,2,Voluntary aided school,Not applicable,Not applicable,2,Closed,,0,Not applicable,31/03/2016,1,Result of Amalgamation/Merger,100738,,3654,,,,,195,,,,,,,,,,,,,,,,,,,,,,,Margaret,Hanrahan,Headteacher,,,,Newstead Road,,,London,,SE12 0SJ,,,,,Not applicable,,,,2,Does not have a sixth form,No Nursery Classes,7,11,2,No Special Classes,0,Not applicable,3,Mixed,,1,No boarders,,14/11/2018 00:00:00,E09000023,Lewisham,E05000447,Lee Green,E14000787,Lewisham East,A1,(England/Wales) Urban major conurbation,E09000023,539752,173994,E02000668,Lewisham 016,E01003281,Lewisham 016B,H,London,3,Roman Catholic,Does not apply,RC19,Archdiocese of Southwark,4,Local authority maintained schools,0,Not applicable,,,Not under a federation,,,,0,Not applicable,,0,Not applicable,,Not applicable,,,Not applicable,,Not applicable,Not applicable,Not applicable,,,Not applicable
Holy Cross Catholic Primary School,209,Lewisham,999,,2,Primary,2,Voluntary aided school,Not applicable,Not applicable,1,Open,,0,Not applicable,,0,Not applicable,100739,10071710,3661,,231,122,109,210,39,16.9,,,,,,,,,,,,,,,,,,,,Mrs,Catherine,Mahony,Headteacher,1.00E+11,,,Culverley Road,Catford,,London,,SE6 2LD,,www.holycross.lewisham.sch.uk/,2086982675,,Not applicable,,,,2,Does not have a sixth form,Has Nursery Classes,3,11,2,No Special Classes,0,Not applicable,3,Mixed,,1,No boarders,15/01/2026,09/09/2026 00:00,E09000023,Lewisham,E05013717,Catford South,E14001331,Lewisham East,UN1,Urban: Nearer to a major town or city,E09000023,537933,173402,E02000677,Lewisham 025,E01003216,Lewisham 025A,H,London,3,Roman Catholic,Does not apply,RC19,Archdiocese of Southwark,4,Local authority maintained schools,0,Not applicable,,,Not under a federation,,,,0,Not applicable,,0,Not applicable,,Not applicable,,,Not applicable,,Not applicable,Not applicable,Not applicable,,,Not applicable
Deptford Green School,209,Lewisham,999,,4,Secondary,1,Community school,Not applicable,Not applicable,1,Open,,0,Not applicable,,0,Not applicable,100740,10001917,4047,,888,460,428,900,405,45.6,,,,,,Yes,,,,,,,,,Resourced provision,12,20,,,Ms,Emma,Thurston,Headteacher,1.00E+11,,,Edward Street,New Cross,,London,,SE14 6AN,,http://www.deptfordgreen.lewisham.sch.uk/,2086913236,,Not applicable,,,,0,Not applicable,No Nursery Classes,11,16,2,No Special Classes,4,Non-selective,3,Mixed,,1,No boarders,15/01/2026,29/6/2026 00:00:00,E09000023,Lewisham,E05013719,Deptford,E14001332,Lewisham North,UN1,Urban: Nearer to a major town or city,E09000023,536445,177315,E02006798,Lewisham 039,E01003300,Lewisham 039B,H,London,0,Does not apply,Does not apply,0,Not applicable,4,Local authority maintained schools,0,Not applicable,,,Not under a federation,,,,0,Not applicable,,0,Not applicable,,Not applicable,,,Not applicable,,Not applicable,Not applicable,Not applicable,,,Not applicable
Sydenham School,209,Lewisham,999,,4,Secondary,1,Community school,Not applicable,Not applicable,1,Open,,0,Not applicable,,0,Not applicable,100741,10006468,4204,,1467,15,1452,1580,325,27.8,,,,,,,,,,,,,,,,,,,,Mrs,Emma,Wijnberg,Headteacher,1.00E+11,,,Dartmouth Road,,,London,,SE26 4RD,,http://www.sydenham.lewisham.sch.uk/,2086996731,,Not applicable,,,,1,Has a sixth form,No Nursery Classes,11,18,2,No Special Classes,4,Non-selective,2,Girls,,1,No boarders,15/01/2026,17/9/2026 00:00:00,E09000023,Lewisham,E05013722,Forest Hill,E14001333,Lewisham West and East Dulwich,UN1,Urban: Nearer to a major town or city,E09000023,535005,172368,E02000680,Lewisham 028,E01003259,Lewisham 028D,H,London,0,Does not apply,Does not apply,0,Not applicable,4,Local authority maintained schools,0,Not applicable,,,Not under a federation,,,,0,Not applicable,,0,Not applicable,,Not applicable,,,Not applicable,,Not applicable,Not applicable,Not applicable,,,Not applicable
Conisborough College,209,Lewisham,999,,4,Secondary,1,Community school,Not applicable,Not applicable,2,Closed,01/01/1900,0,Not applicable,31/03/2024,6,For Academy,100742,10015211,4249,,825,442,383,900,362,43.9,,,,,,Yes,,,,,,,,,Resourced provision,35,35,,,,Kate Mahar,John Cavadino,Headteacher,1.00E+11,,,Conisborough Crescent,Catford,,London,,SE6 2SE,,,,,Not applicable,,,,2,Does not have a sixth form,No Nursery Classes,11,16,2,No Special Classes,4,Non-selective,3,Mixed,,1,No boarders,18/01/2024,07/08/2024 00:00,E09000023,Lewisham,E05013717,Catford South,E14000787,Lewisham East,A1,(England/Wales) Urban major conurbation,E09000023,538361,172407,E02000682,Lewisham 030,E01003348,Lewisham 030B,H,London,0,Does not apply,Does not apply,0,Not applicable,4,Local authority maintained schools,0,Not applicable,,,Not under a federation,,,,0,Not applicable,,0,Not applicable,,Not applicable,,,Not applicable,,Not applicable,Not applicable,Not applicable,,,Not applicable
Sedgehill School,209,Lewisham,999,,4,Secondary,1,Community school,Not applicable,Not applicable,2,Closed,01/01/1900,0,Not applicable,31/08/2020,6,For Academy,100743,10005733,4267,,726,392,334,1711,203,30.1,,,,Yes,,,,,,,,,,,Resourced provision,,,,,Ms,Clare,Cassidy,Headteacher,1.00E+11,,,Sedgehill Road,,,London,,SE6 3QW,,,,,Not applicable,,,,1,Has a sixth form,No Nursery Classes,11,18,2,No Special Classes,4,Non-selective,3,Mixed,,1,No boarders,16/01/2020,31/8/2020 00:00:00,E09000023,Lewisham,E05000437,Bellingham,E14000788,Lewisham West and Penge,A1,(England/Wales) Urban major conurbation,E09000023,537552,171151,E02000686,Lewisham 034,E01003192,Lewisham 034D,H,London,0,Does not apply,Does not apply,0,Not applicable,4,Local authority maintained schools,0,Not applicable,,,Not under a federation,,,,0,Not applicable,,0,Not applicable,,Not applicable,,,Not applicable,,Not applicable,Not applicable,Not applicable,,,Not applicable
Malory School,209,Lewisham,999,,4,Secondary,1,Community school,Not applicable,Not applicable,2,Closed,,0,Not applicable,09/01/2005,6,For Academy,100744,,4274,,,,,950,,,,,,,,,,,,,,,,,,,,,,Mrs,M,Bond,Headteacher,1.00E+11,,,Launcelot Road,,,Bromley,Kent,BR1 5EB,,,,,Not applicable,,,,2,Does not have a sixth form,No Nursery Classes,11,16,2,No Special Classes,4,Non-selective,3,Mixed,,1,No boarders,,14/11/2018 00:00:00,E09000023,Lewisham,E05000442,Downham,E14000787,Lewisham East,A1,(England/Wales) Urban major conurbation,E09000023,540266,171826,E02006783,Lewisham 037,E01003237,Lewisham 037B,H,London,0,Does not apply,Does not apply,0,Not applicable,4,Local authority maintained schools,0,Not applicable,,,Not under a federation,,,,0,Not applicable,,0,Not applicable,,Not applicable,,,Not applicable,,Not applicable,Not applicable,Not applicable,,,Not applicable
Forest Hill School,209,Lewisham,999,,4,Secondary,1,Community school,Not applicable,Not applicable,1,Open,,0,Not applicable,,0,Not applicable,100745,10002536,4289,,1080,1064,16,1535,236,27.2,,,,,,,,,,,,,,,,,,,,Mr,Michael,Sullivan,Headteacher,1.00E+11,,,Dacres Road,Forest Hill,,London,,SE23 2XN,,http://www.foresthillschool.co.uk/,2086999343,,Not applicable,,,,1,Has a sixth form,No Nursery Classes,11,18,2,No Special Classes,4,Non-selective,1,Boys,,1,No boarders,15/01/2026,20/8/2026 00:00:00,E09000023,Lewisham,E05013729,Perry Vale,E14001333,Lewisham West and East Dulwich,UN1,Urban: Nearer to a major town or city,E09000023,535796,172139,E02000679,Lewisham 027,E01003313,Lewisham 027E,H,London,0,Does not apply,Does not apply,0,Not applicable,4,Local authority maintained schools,0,Not applicable,,,Not under a federation,,,,0,Not applicable,,0,Not applicable,,Not applicable,,,Not applicable,,Not applicable,Not applicable,Not applicable,,,Not applicable
Hatcham Wood School,209,Lewisham,999,,4,Secondary,1,Community school,Not applicable,Not applicable,2,Closed,,0,Not applicable,31/08/1999,0,Not applicable,100746,,4318,,,,,,,,,,,,,,,,,,,,,,,,,,,Ms,J,Jordan,Headteacher,10023231597,,,Wallbutton Road,Brockley,,London,,SE4 2NY,,,,,Not applicable,,,,0,Not applicable,Not applicable,11,18,2,No Special Classes,4,Non-selective,3,Mixed,,1,No boarders,,14/11/2018 00:00:00,E09000023,Lewisham,E05000453,Telegraph Hill,E14000789,"Lewisham, Deptford",A1,(England/Wales) Urban major conurbation,E09000023,536185,176113,E02000662,Lewisham 010,E01003344,Lewisham 010D,H,London,0,Does not apply,Does not apply,0,Not applicable,4,Local authority maintained schools,0,Not applicable,,,Not under a federation,,,,0,Not applicable,,0,Not applicable,,Not applicable,,,Not applicable,,Not applicable,Not applicable,Not applicable,,,Not applicable
Prendergast Ladywell School,209,Lewisham,999,,7,All-through,5,Foundation school,Not applicable,Not applicable,2,Closed,01/01/1900,0,Not applicable,31/12/2023,10,Academy Converter,100747,10001765,4323,,1278,745,533,1320,365,28.6,,,,,,,,,,,,,,,,,,,,Mr,Niall,Hand,Headteacher,1.00E+11,,,Manwood Road,Brockley,,Lewisham,,SE4 1SA,,,,,Not applicable,,,,2,Does not have a sixth form,Not applicable,4,16,2,No Special Classes,4,Non-selective,3,Mixed,,1,No boarders,19/01/2023,31/12/2023 00:00:00,E09000023,Lewisham,E05013718,Crofton Park,E14000789,"Lewisham, Deptford",A1,(England/Wales) Urban major conurbation,E09000023,537154,174148,E02000667,Lewisham 015,E01003225,Lewisham 015A,H,London,0,Does not apply,Does not apply,0,Not applicable,4,Local authority maintained schools,2,Not supported by a trust,,,Not under a federation,,,,0,Not applicable,,0,Not applicable,,Not applicable,,,Not applicable,,Not applicable,Not applicable,Not applicable,,,Not applicable
Addey and Stanhope School,209,Lewisham,999,,4,Secondary,2,Voluntary aided school,Not applicable,Not applicable,1,Open,,0,Not applicable,,0,Not applicable,100748,10000136,4600,,589,325,264,600,315,53.5,,,,,Yes,,,,,,,,,,Resourced provision,25,25,,,Mr,David,Murrells,Headteacher,1.00E+11,,,472 New Cross Road,New Cross,,London,,SE14 6TJ,,http://www.as.lewisham.sch.uk,2083056100,,Not applicable,,,,2,Does not have a sixth form,No Nursery Classes,11,16,1,Has Special Classes,4,Non-selective,3,Mixed,,1,No boarders,15/01/2026,31/8/2026 00:00:00,E09000023,Lewisham,E05013719,Deptford,E14001332,Lewisham North,UN1,Urban: Nearer to a major town or city,E09000023,537032,176920,E02000657,Lewisham 005,E01003207,Lewisham 005A,H,London,6,None,Does not apply,0,Not applicable,4,Local authority maintained schools,0,Not applicable,,,Not under a federation,,,,0,Not applicable,,0,Not applicable,,Not applicable,,,Not applicable,,Not applicable,Not applicable,Not applicable,,,Not applicable
"Trinity Church of England School, Lewisham",209,Lewisham,999,,7,All-through,2,Voluntary aided school,Not applicable,Not applicable,1,Open,,0,Not applicable,,0,Not applicable,100749,10016684,4636,,1048,553,495,1020,310,29.6,,,,,,,,,,,,,,,,,,,,Mr,David,Lucas,Executive Headteacher,2.00E+11,,,Taunton Road,,,London,,SE12 8PD,,www.trinitylewisham.org.uk,2088523191,,Not applicable,,,,2,Does not have a sixth form,No Nursery Classes,4,16,2,No Special Classes,4,Non-selective,3,Mixed,,1,No boarders,15/01/2026,29/6/2026 00:00:00,E09000023,Lewisham,E05013726,Lee Green,E14001331,Lewisham East,UN1,Urban: Nearer to a major town or city,E09000023,539574,174825,E02000665,Lewisham 013,E01003286,Lewisham 013D,H,London,2,Church of England,Does not apply,CE36,Diocese of Southwark,4,Local authority maintained schools,0,Not applicable,,,Not under a federation,,,,0,Not applicable,,0,Not applicable,,Not applicable,,,Not applicable,,Not applicable,Not applicable,Not applicable,,,Not applicable
Prendergast School,209,Lewisham,999,,4,Secondary,2,Voluntary aided school,Not applicable,Not applicable,2,Closed,01/01/1900,0,Not applicable,31/12/2023,10,Academy Converter,100750,10005193,4646,,958,91,867,1000,117,19.1,,,,,,,,,,,,,,,,,,,,Ms,Kelly,Lovegrove,Headteacher,1.00E+11,,,Adelaide Avenue,Brockley,,London,,SE4 1LE,,,,,Not applicable,,,,1,Has a sixth form,No Nursery Classes,11,18,2,No Special Classes,4,Non-selective,2,Girls,,1,No boarders,19/01/2023,31/12/2023 00:00:00,E09000023,Lewisham,E05013725,Ladywell,E14000789,"Lewisham, Deptford",A1,(England/Wales) Urban major conurbation,E09000023,537237,175236,E02000666,Lewisham 014,E01003276,Lewisham 014D,H,London,6,None,Does not apply,0,Not applicable,4,Local authority maintained schools,0,Not applicable,,,Not under a federation,,,,0,Not applicable,,0,Not applicable,,Not applicable,,,Not applicable,,Not applicable,Not applicable,Not applicable,,,Not applicable
St Joseph's Academy,209,Lewisham,999,,4,Secondary,2,Voluntary aided school,Not applicable,Not applicable,2,Closed,,0,Not applicable,31/08/2007,6,For Academy,100751,10017025,4664,,,,,683,,,,,,,,,,,,,,,,,,,,,,Ms,Ange,Tyler,Headteacher,,,,Lee Terrace,Blackheath,,London,,SE3 9TY,,,,,Not applicable,,,,2,Does not have a sixth form,Not applicable,11,16,2,No Special Classes,4,Non-selective,1,Boys,,1,No boarders,,14/11/2018 00:00:00,E09000023,Lewisham,E05000438,Blackheath,E14000787,Lewisham East,A1,(England/Wales) Urban major conurbation,E09000023,539174,175741,E02000661,Lewisham 009,E01003198,Lewisham 009A,H,London,3,Roman Catholic,Does not apply,RC19,Archdiocese of Southwark,4,Local authority maintained schools,0,Not applicable,,,Not under a federation,,,,0,Not applicable,,0,Not applicable,,Not applicable,,,Not applicable,,Not applicable,Not applicable,Not applicable,,,Not applicable
Bonus Pastor Catholic College,209,Lewisham,999,,4,Secondary,2,Voluntary aided school,Not applicable,Not applicable,2,Closed,,0,Not applicable,31/03/2024,10,Academy Converter,100752,10014886,4802,,918,521,397,900,211,23,,,,,,,,,,,,,,,,,,,,Mr,Jonathan,Ronan,Headteacher,1.00E+11,,,Winlaton Road,Downham,,Bromley,Kent,BR1 5PZ,,,,,Not applicable,,,,2,Does not have a sixth form,No Nursery Classes,11,16,2,No Special Classes,4,Non-selective,3,Mixed,,1,No boarders,18/01/2024,07/08/2024 00:00,E09000023,Lewisham,E05013717,Catford South,E14000787,Lewisham East,A1,(England/Wales) Urban major conurbation,E09000023,539024,171621,E02000682,Lewisham 030,E01003353,Lewisham 030E,H,London,3,Roman Catholic,Does not apply,RC19,Archdiocese of Southwark,4,Local authority maintained schools,0,Not applicable,,,Not under a federation,,,,0,Not applicable,,0,Not applicable,,Not applicable,,,Not applicable,,Not applicable,Not applicable,Not applicable,,,Not applicable
Turnham Primary Foundation School,209,Lewisham,999,,2,Primary,5,Foundation school,Not applicable,Not applicable,2,Closed,,0,Not applicable,31/07/2018,6,For Academy,100753,,5200,,418,227,191,576,79,18.9,,,,,,,,,,,,,,,,,,,,Miss,Davina,Belcher,Headteacher,1.00E+11,,,Turnham Road,Brockley,,London,,SE4 2HH,,,,,Not applicable,,,,2,Does not have a sixth form,Has Nursery Classes,3,11,2,No Special Classes,0,Not applicable,3,Mixed,,1,No boarders,18/01/2018,19/9/2018 00:00:00,E09000023,Lewisham,E05000453,Telegraph Hill,E14000789,"Lewisham, Deptford",A1,(England/Wales) Urban major conurbation,E09000023,536124,175140,E02000662,Lewisham 010,E01003336,Lewisham 010A,H,London,6,None,Does not apply,0,Not applicable,4,Local authority maintained schools,2,Not supported by a trust,,,Not under a federation,,,,0,Not applicable,,0,Not applicable,,Not applicable,,,Not applicable,,Not applicable,Not applicable,Not applicable,,,Not applicable
St Dunstan's College,209,Lewisham,999,,0,Not applicable,11,Other independent school,Not applicable,Not approved,1,Open,01/01/1904,0,Not applicable,,0,Not applicable,100754,10017245,6032,,1234,640,594,1250,,,0,257,,,,,,,,,,,,,,,,,,Ms,Jade,McLellan,Headmaster,1.00E+11,St Dunstan's Education Group,,Stanstead Road,Catford,,LONDON,,SE6 4TY,,www.stdunstans.org.uk,2085167200,ISI,Not applicable,,,,1,Has a sixth form,Has Nursery Classes,3,18,2,No Special Classes,2,Selective,3,Mixed,Does not have boarders,1,No boarders,18/01/2024,23/7/2026 00:00:00,E09000023,Lewisham,E05013730,Rushey Green,E14001331,Lewisham East,UN1,Urban: Nearer to a major town or city,E09000023,537093,173490,E02000672,Lewisham 020,E01034391,Lewisham 020G,H,London,2,Church of England,Church of England,0,Not applicable,3,Independent schools,0,Not applicable,,,Not applicable,,,,0,Not applicable,,0,Not applicable,,Not applicable,,,Not applicable,,Not applicable,Not applicable,Not applicable,,,Not applicable
Priory House Private School,209,Lewisham,999,,0,Not applicable,11,Other independent school,Not applicable,Not approved,2,Closed,,0,Not applicable,18/10/1999,0,Not applicable,100755,,6124,,,,,,,,,,,,,,,,,,,,,,,,,,,Mrs,S,Jenness,Headteacher,,,,61 Bromley Road,Catford,,London,,SE6 2UA,,,,,Not applicable,,,,0,Not applicable,Not applicable,2,11,2,No Special Classes,4,Non-selective,3,Mixed,,1,No boarders,,07/09/2019 00:00,E09000023,Lewisham,E05000440,Catford South,E14000787,Lewisham East,A1,(England/Wales) Urban major conurbation,E09000023,537698,173171,E02000677,Lewisham 025,E01003221,Lewisham 025C,H,London,6,None,Roman Catholic,0,Not applicable,3,Independent schools,0,Not applicable,,,Not applicable,,,,0,Not applicable,,0,Not applicable,,Not applicable,,,Not applicable,,Not applicable,Not applicable,Not applicable,,,Not applicable
Blackheath High School GDST,203,Greenwich,999,,0,Not applicable,11,Other independent school,Not applicable,Not approved,1,Open,30/09/1980,0,Not applicable,,0,Not applicable,100756,10008109,6295,,704,0,704,826,,,1,142,,,,,,,,,,,,,,,,,,Mrs,Natalie,Argile,Headteacher,10010201475,Girls' Day School Trust,,27 Vanbrugh Park,Blackheath,,,,SE3 7AG,United Kingdom,www.blackheathhighschool.gdst.net,2088532929,ISI,Not applicable,,,,1,Has a sixth form,Has Nursery Classes,3,18,2,No Special Classes,0,Not applicable,2,Girls,Does not have boarders,1,No boarders,18/01/2024,18/8/2026 00:00:00,E09000011,Greenwich,E05014073,Blackheath Westcombe,E14001257,Greenwich and Woolwich,UN1,Urban: Nearer to a major town or city,E09000011,540064,177357,E02000333,Greenwich 021,E01001580,Greenwich 021A,H,London,6,None,None,0,Not applicable,3,Independent schools,0,Not applicable,,,Not applicable,,,,0,Not applicable,,0,Not applicable,,Not applicable,,,Not applicable,,Not applicable,Not applicable,Not applicable,,,Not applicable
Sydenham & Dulwich Girls GDST,209,Lewisham,999,,0,Not applicable,11,Other independent school,Not applicable,Not approved,1,Open,22-02-1887,0,Not applicable,,0,Not applicable,100757,10008540,6309,,716,0,716,814,,,3,182,,,,,,,,,,,,,,,,,,Ms,Antonia,Geldeard,Headmistress,1.00E+11,Girls Day School Trust,,19 Westwood Hill,Sydenham,London,,,SE26 6BL,United Kingdom,https://www.sydenhamdulwichgirls.gdst.net/,2085577000,ISI,Not applicable,,,,1,Has a sixth form,No Nursery Classes,4,19,2,No Special Classes,2,Selective,2,Girls,Does not have boarders,1,No boarders,18/01/2024,18/8/2026 00:00:00,E09000023,Lewisham,E05013731,Sydenham,E14001333,Lewisham West and East Dulwich,UN1,Urban: Nearer to a major town or city,E09000023,534676,171482,E02000685,Lewisham 033,E01003332,Lewisham 033D,H,London,6,None,Inter- / non- denominational,0,Not applicable,3,Independent schools,0,Not applicable,,,Not applicable,,,,0,Not applicable,,0,Not applicable,,Not applicable,,,Not applicable,,Not applicable,Not applicable,Not applicable,,,Not applicable
The Shepherd's Community School,209,Lewisham,999,,0,Not applicable,11,Other independent school,Not applicable,Not approved,2,Closed,,0,Not applicable,07/12/1996,0,Not applicable,100758,,6340,,,,,,,,,,,,,,,,,,,,,,,,,,,,,,Headteacher,,,,71 Tressillian Road,Brockley,,London,,SE4 1YA,,,,,Not applicable,,,,0,Not applicable,Not applicable,2,9,2,No Special Classes,4,Non-selective,3,Mixed,,1,No boarders,,07/09/2019 00:00,E09000023,Lewisham,E05000439,Brockley,E14000789,"Lewisham, Deptford",A1,(England/Wales) Urban major conurbation,E09000023,537075,175596,E02000660,Lewisham 008,E01003213,Lewisham 008C,H,London,6,None,Roman Catholic,0,Not applicable,3,Independent schools,0,Not applicable,,,Not applicable,,,,0,Not applicable,,0,Not applicable,,Not applicable,,,Not applicable,,Not applicable,Not applicable,Not applicable,,,Not applicable
Haberdashers' Aske's Hatcham College,209,Lewisham,999,,0,Not applicable,6,City technology college,Not applicable,Not applicable,2,Closed,01/03/1992,0,Not applicable,31/08/2005,2,Closure,100759,,6900,,,,,,,,,,,,,,,,,,,,,,,,,,,Mrs,Michele,Adamson,Headteacher,,Haberdasherers Askes CTC,,Pepys Road,New Cross,,London,,SE14 5SF,,,,,Not applicable,,,,1,Has a sixth form,No Nursery Classes,11,18,2,No Special Classes,4,Non-selective,3,Mixed,,1,No boarders,,07/09/2019 00:00,E09000023,Lewisham,E05000453,Telegraph Hill,E14000789,"Lewisham, Deptford",A1,(England/Wales) Urban major conurbation,E09000023,535996,176135,E02000662,Lewisham 010,E01003342,Lewisham 010C,H,London,6,None,Does not apply,0,Not applicable,3,Independent schools,0,Not applicable,,,Not applicable,,,,0,Not applicable,,0,Not applicable,,Not applicable,,,Not applicable,,Not applicable,Not applicable,Not applicable,,,Not applicable
Brent Knoll School,209,Lewisham,999,,0,Not applicable,12,Foundation special school,Not applicable,Not applicable,1,Open,,0,Not applicable,,0,Not applicable,100760,10015159,7038,,181,143,38,162,103,58.9,,,,,Yes,Yes,,,,,,,,,Not applicable,,,,,Mr,Paul,Shaw,Interim Headteacher,1.00E+11,,,Perry Rise,,,London,,SE23 2QU,,www.brentknollschool.co.uk,2086991047,,Not applicable,,,,1,Has a sixth form,No Nursery Classes,4,17,1,Has Special Classes,0,Not applicable,3,Mixed,,1,No boarders,15/01/2026,09/01/2026 00:00,E09000023,Lewisham,E05013729,Perry Vale,E14001333,Lewisham West and East Dulwich,UN1,Urban: Nearer to a major town or city,E09000023,536369,172165,E02000681,Lewisham 029,E01003193,Lewisham 029A,H,London,0,Does not apply,Does not apply,0,Not applicable,5,Special schools,1,Supported by a trust,1520,*Co-op Brent Knoll and Watergate Co-operative Trust,Not under a federation,,,,0,Not applicable,,0,Not applicable,,Not applicable,,,Not applicable,,Not applicable,Not applicable,Not applicable,,,Not applicable
Anerley School for Boys,209,Lewisham,999,,0,Not applicable,7,Community special school,Not applicable,Not applicable,2,Closed,,0,Not applicable,31/08/2004,2,Closure,100761,,7076,,,,,,,,,,Yes,,Yes,Yes,,Yes,Yes,Yes,Yes,Yes,Yes,,,,,,,Mr,E,Milner,Headteacher,,,,Versailles Road,Anerley,,London,,SE20 8AX,,,,,Not applicable,,,,0,Not applicable,Not applicable,11,16,1,Has Special Classes,0,Not applicable,1,Boys,,1,No boarders,,14/11/2018 00:00:00,E09000006,Bromley,E05000116,Crystal Palace,E14000788,Lewisham West and Penge,A1,(England/Wales) Urban major conurbation,E09000023,534227,170080,E02000131,Bromley 005,E01000741,Bromley 005B,H,London,0,Does not apply,Does not apply,0,Not applicable,5,Special schools,0,Not applicable,,,Not under a federation,,,,0,Not applicable,,0,Not applicable,,Not applicable,,,Not applicable,,Not applicable,Not applicable,Not applicable,,,Not applicable
Pendragon School,209,Lewisham,999,,0,Not applicable,7,Community special school,Not applicable,Not applicable,2,Closed,,0,Not applicable,31/08/2012,2,Closure,100762,10017132,7105,,,,,,,,,,Yes,,Yes,Yes,Yes,Yes,Yes,,Yes,Yes,Yes,,,,,,,Mr,T,Stokes,Headteacher,,,,Leahurst Road,Hither Green,,London,,SE13 5HZ,,,,,Not applicable,,,,1,Has a sixth form,Not applicable,11,17,1,Has Special Classes,0,Not applicable,3,Mixed,,1,No boarders,,14/11/2018 00:00:00,E09000023,Lewisham,E05000447,Lee Green,E14000787,Lewisham East,A1,(England/Wales) Urban major conurbation,E09000023,540047,172372,E02000665,Lewisham 013,E01003282,Lewisham 013A,H,London,0,Does not apply,Does not apply,0,Not applicable,5,Special schools,0,Not applicable,,,Not under a federation,,,,0,Not applicable,,0,Not applicable,,Not applicable,,,Not applicable,,Not applicable,Not applicable,Not applicable,,,Not applicable
New Woodlands School,209,Lewisham,999,,0,Not applicable,7,Community special school,Not applicable,Not applicable,1,Open,,0,Not applicable,,0,Not applicable,100763,10022970,7141,,101,84,17,108,81,80.2,,,,,Yes,Yes,Yes,,,Yes,Yes,,Yes,Yes,Not applicable,,,,,Miss,Carlie,Warner,Headteacher,1.00E+11,,,Shroffold Road,,,Bromley,Kent,BR1 5PD,,www.newwoodlands.lewisham.sch.uk,2086952380,,Not applicable,,,,0,Not applicable,Not applicable,5,16,1,Has Special Classes,0,Not applicable,3,Mixed,,1,No boarders,15/01/2026,16/9/2026 00:00:00,E09000023,Lewisham,E05013720,Downham,E14001331,Lewisham East,UN1,Urban: Nearer to a major town or city,E09000023,539238,171938,E02006783,Lewisham 037,E01003239,Lewisham 037D,H,London,0,Does not apply,Does not apply,0,Not applicable,5,Special schools,0,Not applicable,,,Not under a federation,,,,0,Not applicable,,0,Not applicable,,Not applicable,,,Not applicable,,Not applicable,Not applicable,Not applicable,,,Not applicable
Meadowgate School,209,Lewisham,999,,0,Not applicable,7,Community special school,Not applicable,Not applicable,2,Closed,,0,Not applicable,31/08/2012,2,Closure,100764,,7149,,,,,,,,,,Yes,,Yes,Yes,Yes,Yes,Yes,,Yes,Yes,Yes,,,,,,,Mr,Cassim,Bakharia,Headteacher,,,,Revelon Road,Brockley,,London,,SE4 2PR,,,,,Not applicable,,,,0,Not applicable,Has Nursery Classes,4,11,1,Has Special Classes,0,Not applicable,3,Mixed,,1,No boarders,,14/11/2018 00:00:00,E09000023,Lewisham,E05000453,Telegraph Hill,E14000789,"Lewisham, Deptford",A1,(England/Wales) Urban major conurbation,E09000023,536086,175563,E02000662,Lewisham 010,E01003342,Lewisham 010C,H,London,0,Does not apply,Does not apply,0,Not applicable,5,Special schools,0,Not applicable,,,Not under a federation,,,,0,Not applicable,,0,Not applicable,,Not applicable,,,Not applicable,,Not applicable,Not applicable,Not applicable,,,Not applicable
Greenvale School,209,Lewisham,999,,0,Not applicable,7,Community special school,Not applicable,Not applicable,1,Open,,0,Not applicable,,0,Not applicable,100765,10015625,7180,,216,147,69,,82,55.8,,,Yes,,Yes,Yes,,Yes,Yes,,Yes,Yes,,,Not applicable,,,,,Mrs,Katie,Denton,Headteacher,1.00E+11,,,Waters Road,Catford,,London,,SE6 1UF,,www.greenvaleschool.co.uk,2084650740,,Not applicable,,,,1,Has a sixth form,Not applicable,11,19,0,Not applicable,0,Not applicable,3,Mixed,,1,No boarders,15/01/2026,29/6/2026 00:00:00,E09000023,Lewisham,E05013724,Hither Green,E14001331,Lewisham East,UN1,Urban: Nearer to a major town or city,E09000023,539380,172420,E02000682,Lewisham 030,E01003347,Lewisham 030A,H,London,0,Does not apply,Does not apply,0,Not applicable,5,Special schools,0,Not applicable,,,Not under a federation,,,,0,Not applicable,,0,Not applicable,,Not applicable,,,Not applicable,,Not applicable,Not applicable,Not applicable,,,Not applicable
Watergate School,209,Lewisham,999,,0,Not applicable,12,Foundation special school,Not applicable,Not applicable,1,Open,,0,Not applicable,,0,Not applicable,100766,10077050,7182,,185,139,46,186,80,43.2,,,Yes,,Yes,Yes,Yes,Yes,Yes,Yes,Yes,Yes,Yes,,Not applicable,,,,,Mrs,Linda,Matthews,Headteacher,10023226873,,,Lushington Road,Bellingham,,London,,SE6 3WG,,http://www.watergate.lewisham.sch.uk/,2086956555,,Not applicable,,,,0,Not applicable,No Nursery Classes,4,11,1,Has Special Classes,0,Not applicable,3,Mixed,,1,No boarders,15/01/2026,29/6/2026 00:00:00,E09000023,Lewisham,E05013714,Bellingham,E14001331,Lewisham East,UN1,Urban: Nearer to a major town or city,E09000023,537621,171451,E02000686,Lewisham 034,E01003192,Lewisham 034D,H,London,0,Does not apply,Does not apply,0,Not applicable,5,Special schools,1,Supported by a trust,1520,*Co-op Brent Knoll and Watergate Co-operative Trust,Not under a federation,,,,0,Not applicable,,0,Not applicable,,Not applicable,,,Not applicable,,Not applicable,Not applicable,Not applicable,,,Not applicable
Kintore Way Nursery School,210,Southwark,999,,1,Nursery,15,Local authority nursery school,Not applicable,Not applicable,1,Open,,0,Not applicable,,0,Not applicable,100767,,1000,,99,58,41,,5,15.2,,,,,,Yes,,,Yes,,Yes,Yes,,,Resourced provision,12,12,,,Ms,Rebecca,Sherwood,Headteacher,2.00E+11,,,97-102 Grange Road,,,London,,SE1 3BW,,http://www.kintoreway.com/,2075251196,,Not applicable,,,,0,Not applicable,Has Nursery Classes,2,4,1,Has Special Classes,0,Not applicable,3,Mixed,,1,No boarders,15/01/2026,09/07/2026 00:00,E09000028,Southwark,E05011116,South Bermondsey,E14001085,Bermondsey and Old Southwark,UN1,Urban: Nearer to a major town or city,E09000028,533656,179025,E02000810,Southwark 004,E01033872,Southwark 004I,H,London,0,Does not apply,Does not apply,0,Not applicable,4,Local authority maintained schools,0,Not applicable,,,Supported by a federation,17674,The Federation of Kintore Way Nursery School & The Grove Nursery School,,0,Not applicable,,0,Not applicable,,Not applicable,,,Not applicable,,Not applicable,Not applicable,Not applicable,,,Not applicable
Ann Bernadt Nursery School,210,Southwark,999,,1,Nursery,15,Local authority nursery school,Not applicable,Not applicable,2,Closed,01/01/1900,0,Not applicable,31/08/2024,5,Close Nursery School,100768,,1025,,40,21,19,,2,28.6,,,,,,,,,,,,,,,,,,,,Mrs,Levia,Ostrove-Pound,Executive Headteacher,10009791130,,,29 Chandler Way,,Peckham,London,,SE15 6DT,,,,,Not applicable,,,,0,Not applicable,Has Nursery Classes,2,5,0,Not applicable,0,Not applicable,3,Mixed,,1,No boarders,18/01/2024,31/8/2024 00:00:00,E09000028,Southwark,E05011110,Peckham,E14001421,Peckham,A1,(England/Wales) Urban major conurbation,E09000028,533573,177117,E02000825,Southwark 019,E01004011,Southwark 019B,H,London,0,Does not apply,Does not apply,0,Not applicable,4,Local authority maintained schools,0,Not applicable,,,Not under a federation,,,,0,Not applicable,,0,Not applicable,,Not applicable,,,Not applicable,,Not applicable,Not applicable,Not applicable,,,Not applicable
Dulwich Wood Nursery School,210,Southwark,999,,1,Nursery,15,Local authority nursery school,Not applicable,Not applicable,1,Open,,0,Not applicable,,0,Not applicable,100769,,1035,,81,41,40,,15,18.8,,,,,,,,,,,,,,,,,,,,Ms,Helen,Rowe,Headteacher,2.00E+11,,,Lyall Avenue,,Dulwich,London,,SE21 8QS,,www.dulwichwood.com,2075251192,,Not applicable,,,,0,Not applicable,Has Nursery Classes,2,5,0,Not applicable,0,Not applicable,3,Mixed,,1,No boarders,15/01/2026,09/01/2026 00:00,E09000028,Southwark,E05011101,Dulwich Wood,E14001205,Dulwich and West Norwood,UN1,Urban: Nearer to a major town or city,E09000028,533578,172013,E02000839,Southwark 033,E01003947,Southwark 033C,H,London,0,Does not apply,Does not apply,0,Not applicable,4,Local authority maintained schools,0,Not applicable,,,Not under a federation,,,,0,Not applicable,,0,Not applicable,,Not applicable,,,Not applicable,,Not applicable,Not applicable,Not applicable,,,Not applicable
Nell Gwynn Nursery School,210,Southwark,999,,1,Nursery,15,Local authority nursery school,Not applicable,Not applicable,1,Open,,0,Not applicable,,0,Not applicable,100770,,1044,,91,58,33,,3,11.5,,,,,,,,,,,,,,,Not applicable,,,,,Mr,Gregory,Doey,Executive Head Teacher,2.00E+11,,,Meeting House Lane,Peckham,,London,,SE15 2TT,,http://nellgwynn.southwark.sch.uk/,2072528265,,Not applicable,,,,0,Not applicable,Has Nursery Classes,2,5,2,No Special Classes,0,Not applicable,3,Mixed,,1,No boarders,15/01/2026,29/6/2026 00:00:00,E09000028,Southwark,E05011110,Peckham,E14001421,Peckham,UN1,Urban: Nearer to a major town or city,E09000028,534515,176877,E02000828,Southwark 022,E01033882,Southwark 022G,H,London,0,Does not apply,Does not apply,0,Not applicable,4,Local authority maintained schools,0,Not applicable,,,Not under a federation,,,,0,Not applicable,,0,Not applicable,,Not applicable,,,Not applicable,,Not applicable,Not applicable,Not applicable,,,Not applicable
The Grove Nursery School,210,Southwark,999,,1,Nursery,15,Local authority nursery school,Not applicable,Not applicable,1,Open,,0,Not applicable,,0,Not applicable,100771,,1050,,79,44,35,,7,20,,,,,,,,,,,,,,,,,,,,Miss,Rebecca,Sherwood,Headteacher,2.00E+11,,,Tower Mill Road,,,London,,SE15 6BY,,https://grovenurseryschool.co.uk,2077016629,,Not applicable,,,,0,Not applicable,Has Nursery Classes,2,4,0,Not applicable,0,Not applicable,3,Mixed,,1,No boarders,15/01/2026,09/09/2026 00:00,E09000028,Southwark,E05011115,St Giles,E14001421,Peckham,UN1,Urban: Nearer to a major town or city,E09000028,533288,177471,E02000826,Southwark 020,E01003916,Southwark 020B,H,London,0,Does not apply,Does not apply,0,Not applicable,4,Local authority maintained schools,0,Not applicable,,,Supported by a federation,17674,The Federation of Kintore Way Nursery School & The Grove Nursery School,,0,Not applicable,,0,Not applicable,,Not applicable,,,Not applicable,,Not applicable,Not applicable,Not applicable,,,Not applicable
Willowbank,210,Southwark,999,,0,Not applicable,14,Pupil referral unit,Not applicable,Not applicable,2,Closed,05/01/1994,0,Not applicable,31/08/2007,1,Result of Amalgamation/Merger,100772,10017231,1100,,,,,,,,,,,,,,,,,,,,,,,,,,,Ms,Jackie,Lane,Headteacher,10009794746,,,2 Davey Street,,,London,,SE15 6LF,,,,,Not applicable,,,,0,Not applicable,Not applicable,5,16,0,Not applicable,0,Not applicable,3,Mixed,,1,No boarders,,29/11/2019 00:00:00,E09000028,Southwark,E05011110,Peckham,E14000615,Camberwell and Peckham,A1,(England/Wales) Urban major conurbation,E09000028,533743,177638,E02000825,Southwark 019,E01004014,Southwark 019E,H,London,0,Does not apply,Does not apply,0,Not applicable,4,Local authority maintained schools,0,Not applicable,,,Not applicable,,,,0,Not applicable,,0,Not applicable,,Not applicable,,,Not applicable,,Not applicable,Not applicable,Not applicable,,,Not applicable
The Education Support Centre,210,Southwark,999,,0,Not applicable,14,Pupil referral unit,Not applicable,Not applicable,2,Closed,05/01/1994,0,Not applicable,31/08/2008,1,Result of Amalgamation/Merger,100773,10017058,1101,,,,,,,,,,,,,,,,,,,,,,,,,,,Ms,Beverley,Fielder-Rowe,Headteacher,,,,18 St Mary's Road,,,London,,SE15 2DW,,,,,Not applicable,,,,0,Not applicable,Not applicable,14,16,0,Not applicable,0,Not applicable,3,Mixed,,1,No boarders,,29/11/2019 00:00:00,E09000028,Southwark,E05011108,Nunhead & Queen's Road,E14000615,Camberwell and Peckham,A1,(England/Wales) Urban major conurbation,E09000028,535183,176578,E02000829,Southwark 023,E01004004,Southwark 023C,H,London,0,Does not apply,Does not apply,0,Not applicable,4,Local authority maintained schools,0,Not applicable,,,Not applicable,,,,0,Not applicable,,0,Not applicable,,Not applicable,,,Not applicable,,Not applicable,Not applicable,Not applicable,,,Not applicable
Albion Primary School,210,Southwark,999,,2,Primary,1,Community school,Not applicable,Not applicable,1,Open,,0,Not applicable,,0,Not applicable,100774,10074622,2003,,401,206,195,480,156,40.5,,,,,,,,,,,,,,,,,,,,Mr,K,Bardouille,Headteacher,2.00E+11,,,Albion Street,Rotherhithe,,London,,SE16 7JD,,www.albionprimaryschool.co.uk/,2072373738,,Not applicable,,,,2,Does not have a sixth form,Has Nursery Classes,3,11,2,No Special Classes,0,Not applicable,3,Mixed,,1,No boarders,15/01/2026,15/9/2026 00:00:00,E09000028,Southwark,E05011112,Rotherhithe,E14001085,Bermondsey and Old Southwark,UN1,Urban: Nearer to a major town or city,E09000028,535335,179689,E02000813,Southwark 007,E01004033,Southwark 007C,H,London,0,Does not apply,Does not apply,0,Not applicable,4,Local authority maintained schools,0,Not applicable,,,Not under a federation,,,,0,Not applicable,,0,Not applicable,,Not applicable,,,Not applicable,,Not applicable,Not applicable,Not applicable,,,Not applicable
Bellenden Primary School,210,Southwark,999,,2,Primary,1,Community school,Not applicable,Not applicable,1,Open,,0,Not applicable,,0,Not applicable,100775,10074621,2038,,221,103,118,210,97,47.8,,,,,,,,,,,,,,,,,,,,Mr,Gregory,Doey,Headteacher,10090747256,,,Dewar Street,,,London,,SE15 4JP,United Kingdom,www.bellenden.southwark.sch.uk/,2077327107,,Not applicable,,,,2,Does not have a sixth form,Has Nursery Classes,3,11,2,No Special Classes,0,Not applicable,3,Mixed,,1,No boarders,15/01/2026,09/02/2026 00:00,E09000028,Southwark,E05011113,Rye Lane,E14001421,Peckham,UN1,Urban: Nearer to a major town or city,E09000028,534319,175761,E02000831,Southwark 025,E01004062,Southwark 025B,H,London,0,Does not apply,Does not apply,0,Not applicable,4,Local authority maintained schools,0,Not applicable,,,Not under a federation,,,,0,Not applicable,,0,Not applicable,,Not applicable,,,Not applicable,,Not applicable,Not applicable,Not applicable,,,Not applicable
Bessemer Grange Junior School,210,Southwark,999,,2,Primary,1,Community school,Not applicable,Not applicable,2,Closed,,0,Not applicable,09/01/1996,0,Not applicable,100776,,2048,,,,,,,,,,,,,,,,,,,,,,,,,,,,,,Headteacher,,,,Dylways,,,London,,SE5 8HP,,,,,Not applicable,,,,0,Not applicable,No Nursery Classes,7,11,2,No Special Classes,0,Not applicable,3,Mixed,,1,No boarders,,29/11/2019 00:00:00,E09000028,Southwark,E05011097,Champion Hill,E14000615,Camberwell and Peckham,A1,(England/Wales) Urban major conurbation,E09000028,533015,175043,E02000833,Southwark 027,E01004048,Southwark 027C,H,London,0,Does not apply,Does not apply,0,Not applicable,4,Local authority maintained schools,0,Not applicable,,,Not under a federation,,,,0,Not applicable,,0,Not applicable,,Not applicable,,,Not applicable,,Not applicable,Not applicable,Not applicable,,,Not applicable
Bessemer Grange Infants' School,210,Southwark,999,,2,Primary,1,Community school,Not applicable,Not applicable,2,Closed,,0,Not applicable,09/01/1996,0,Not applicable,100777,,2049,,,,,,,,,,,,,,,,,,,,,,,,,,,,,,Headteacher,,,,Dylways,Denmark Hill Estate,,London,,SE5 8HP,,,,,Not applicable,,,,0,Not applicable,Has Nursery Classes,5,7,2,No Special Classes,0,Not applicable,3,Mixed,,1,No boarders,,29/11/2019 00:00:00,E09000028,Southwark,E05011097,Champion Hill,E14000615,Camberwell and Peckham,A1,(England/Wales) Urban major conurbation,E09000028,533015,175043,E02000833,Southwark 027,E01004048,Southwark 027C,H,London,0,Does not apply,Does not apply,0,Not applicable,4,Local authority maintained schools,0,Not applicable,,,Not under a federation,,,,0,Not applicable,,0,Not applicable,,Not applicable,,,Not applicable,,Not applicable,Not applicable,Not applicable,,,Not applicable
Brunswick Park Junior School,210,Southwark,999,,2,Primary,1,Community school,Not applicable,Not applicable,2,Closed,,0,Not applicable,31/08/1998,0,Not applicable,100778,,2074,,,,,,,,,,,,,Yes,,,,,,,,,Resourced provision,,,,,Mr,P,White,Headteacher,,,,Picton Street,,,London,,SE5 7QH,,,,,Not applicable,,,,0,Not applicable,No Nursery Classes,7,11,2,No Special Classes,0,Not applicable,3,Mixed,,1,No boarders,,29/11/2019 00:00:00,E09000028,Southwark,E05011096,Camberwell Green,E14000615,Camberwell and Peckham,A1,(England/Wales) Urban major conurbation,E09000028,532815,177147,E02000826,Southwark 020,E01003918,Southwark 020D,H,London,0,Does not apply,Does not apply,0,Not applicable,4,Local authority maintained schools,0,Not applicable,,,Not under a federation,,,,0,Not applicable,,0,Not applicable,,Not applicable,,,Not applicable,,Not applicable,Not applicable,Not applicable,,,Not applicable
Brunswick Park Infant School,210,Southwark,999,,2,Primary,1,Community school,Not applicable,Not applicable,2,Closed,,0,Not applicable,31/08/1998,0,Not applicable,100779,,2075,,,,,,,,,,,,,,,,,,,,,,,,,,,Ms,P,White,Headteacher,,,,Picton Street,,,London,,SE5 7QH,,,,,Not applicable,,,,0,Not applicable,Has Nursery Classes,3,7,2,No Special Classes,0,Not applicable,3,Mixed,,1,No boarders,,29/11/2019 00:00:00,E09000028,Southwark,E05011096,Camberwell Green,E14000615,Camberwell and Peckham,A1,(England/Wales) Urban major conurbation,E09000028,532815,177147,E02000826,Southwark 020,E01003918,Southwark 020D,H,London,0,Does not apply,Does not apply,0,Not applicable,4,Local authority maintained schools,0,Not applicable,,,Not under a federation,,,,0,Not applicable,,0,Not applicable,,Not applicable,,,Not applicable,,Not applicable,Not applicable,Not applicable,,,Not applicable
Bird In Bush School,210,Southwark,999,,2,Primary,1,Community school,Not applicable,Not applicable,1,Open,,0,Not applicable,,0,Not applicable,100780,10072916,2085,,381,179,202,525,227,59.6,,,,,,,,,,,,,,,Not applicable,,,,,Mr,James,Robinson,Headteacher,2.00E+11,,,Bird-in-Bush School,Bird-in-Bush Road,,Peckham,,SE15 1QP,,www.birdinbushprimary.co.uk/,2076390431,,Not applicable,,,,2,Does not have a sixth form,Has Nursery Classes,3,11,2,No Special Classes,0,Not applicable,3,Mixed,,1,No boarders,15/01/2026,25/9/2026 00:00:00,E09000028,Southwark,E05011109,Old Kent Road,E14001421,Peckham,UN1,Urban: Nearer to a major town or city,E09000028,534575,177497,E02000824,Southwark 018,E01003983,Southwark 018A,H,London,0,Does not apply,Does not apply,0,Not applicable,4,Local authority maintained schools,0,Not applicable,,,Not under a federation,,,,0,Not applicable,,0,Not applicable,,Not applicable,,,Not applicable,,Not applicable,Not applicable,Not applicable,,,Not applicable
Charles Dickens Primary School,210,Southwark,999,,2,Primary,5,Foundation school,Not applicable,Not applicable,2,Closed,,0,Not applicable,30/06/2020,10,Academy Converter,100781,10073066,2100,,483,272,211,420,140,29.8,,,,,,,,,,,,,,,,,,,,Mrs,Cassandra,Buchanan,Headteacher,2.00E+11,,,Toulmin Street,,,London,,SE1 1AF,,,,,Not applicable,,,,2,Does not have a sixth form,Has Nursery Classes,2,11,2,No Special Classes,0,Not applicable,3,Mixed,,1,No boarders,16/01/2020,08/03/2020 00:00,E09000028,Southwark,E05011095,Borough & Bankside,E14000553,Bermondsey and Old Southwark,A1,(England/Wales) Urban major conurbation,E09000028,532214,179740,E02000808,Southwark 002,E01003929,Southwark 002B,H,London,0,Does not apply,Does not apply,0,Not applicable,4,Local authority maintained schools,2,Not supported by a trust,,,Not under a federation,,,,0,Not applicable,,0,Not applicable,,Not applicable,,,Not applicable,,Not applicable,Not applicable,Not applicable,,,Not applicable
Cobourg Primary School,210,Southwark,999,,2,Primary,1,Community school,Not applicable,Not applicable,2,Closed,01/01/1900,13,Not Recorded,31/08/2023,1,Result of Amalgamation/Merger,100782,10074620,2116,,227,112,115,420,83,36.6,,,,,,,,,,,,,,,,,,,,Mr,James,Robinson,Consultant Headteacher,2.00E+11,,,Cobourg Road,,,London,,SE5 0JD,,,,,Not applicable,,,,2,Does not have a sixth form,Has Nursery Classes,3,11,2,No Special Classes,0,Not applicable,3,Mixed,,1,No boarders,19/01/2023,15/10/2024 00:00:00,E09000028,Southwark,E05011109,Old Kent Road,E14000553,Bermondsey and Old Southwark,A1,(England/Wales) Urban major conurbation,E09000028,533624,177958,E02000821,Southwark 015,E01033880,Southwark 015H,H,London,0,Does not apply,Does not apply,0,Not applicable,4,Local authority maintained schools,0,Not applicable,,,Not under a federation,,,,0,Not applicable,,0,Not applicable,,Not applicable,,,Not applicable,,Not applicable,Not applicable,Not applicable,,,Not applicable
Comber Grove School,210,Southwark,999,,2,Primary,1,Community school,Not applicable,Not applicable,2,Closed,01/01/1900,0,Not applicable,31/08/2024,2,Closure,100783,10074619,2123,,139,84,55,350,48,35,,,,,,,,,,,,,,,,,,,,Mr,Lorram,Black,Headteacher,2.00E+11,,,Comber Grove,Camberwell,,London,,SE5 0LQ,,,,,Not applicable,,,,2,Does not have a sixth form,Has Nursery Classes,3,11,2,No Special Classes,0,Not applicable,3,Mixed,,1,No boarders,18/01/2024,31/8/2024 00:00:00,E09000028,Southwark,E05011096,Camberwell Green,E14001559,Vauxhall and Camberwell Green,A1,(England/Wales) Urban major conurbation,E09000028,532228,177123,E02000827,Southwark 021,E01003920,Southwark 021B,H,London,0,Does not apply,Does not apply,0,Not applicable,4,Local authority maintained schools,0,Not applicable,,,Not under a federation,,,,0,Not applicable,,0,Not applicable,,Not applicable,,,Not applicable,,Not applicable,Not applicable,Not applicable,,,Not applicable
Crampton Primary,210,Southwark,999,,2,Primary,1,Community school,Not applicable,Not applicable,1,Open,,0,Not applicable,,0,Not applicable,100784,10079727,2138,,201,109,92,210,77,38.3,,,,,,,,,,,,,,,,,,,,Mr,Hafeez,Khan,Headteacher,2.00E+11,,,Iliffe Street,Walworth,,London,,SE17 3LE,,www.cramptonprimary.co.uk/,2077352219,,Not applicable,,,,2,Does not have a sixth form,No Nursery Classes,4,11,2,No Special Classes,0,Not applicable,3,Mixed,,1,No boarders,15/01/2026,18/9/2026 00:00:00,E09000028,Southwark,E05011105,Newington,E14001559,Vauxhall and Camberwell Green,UN1,Urban: Nearer to a major town or city,E09000028,531943,178490,E02000820,Southwark 014,E01003995,Southwark 014B,H,London,0,Does not apply,Does not apply,0,Not applicable,4,Local authority maintained schools,0,Not applicable,,,Not under a federation,,,,0,Not applicable,,0,Not applicable,,Not applicable,,,Not applicable,,Not applicable,Not applicable,Not applicable,,,Not applicable
Crawford Primary School,210,Southwark,999,,2,Primary,1,Community school,Not applicable,Not applicable,1,Open,,0,Not applicable,,99,,100785,10074618,2142,,285,154,131,630,144,51.1,,,,,,,,,,,,,,,,,,,,Ms,Vicky,Shires,Headteacher,2.00E+11,,,Crawford Road,,,London,,SE5 9NF,,https://www.crawfordprimary.co.uk,2072741046,,Not applicable,,,,2,Does not have a sixth form,Has Nursery Classes,3,11,2,No Special Classes,0,Not applicable,3,Mixed,,1,No boarders,15/01/2026,29/6/2026 00:00:00,E09000028,Southwark,E05011096,Camberwell Green,E14001559,Vauxhall and Camberwell Green,UN1,Urban: Nearer to a major town or city,E09000028,532360,176513,E02000827,Southwark 021,E01003922,Southwark 021D,H,London,0,Does not apply,Does not apply,0,Not applicable,4,Local authority maintained schools,0,Not applicable,,,Not under a federation,,,,0,Not applicable,,0,Not applicable,,Not applicable,,,Not applicable,,Not applicable,Not applicable,Not applicable,,,Not applicable
Dog Kennel Hill School,210,Southwark,999,,2,Primary,1,Community school,Not applicable,Not applicable,2,Closed,,0,Not applicable,30/09/2023,10,Academy Converter,100786,10074617,2161,,283,145,138,420,90,34.1,,,,,,,,,,,,,,,,,,,,Ms,Barbara,Ghezzi,Executive Headteacher,2.00E+11,,,Dog Kennel Hill,East Dulwich,,London,,SE22 8AB,,,,,Not applicable,,,,2,Does not have a sixth form,Has Nursery Classes,3,11,2,No Special Classes,0,Not applicable,3,Mixed,,1,No boarders,19/01/2023,30/9/2023 00:00:00,E09000028,Southwark,E05011097,Champion Hill,E14000615,Camberwell and Peckham,A1,(England/Wales) Urban major conurbation,E09000028,533269,175790,E02000830,Southwark 024,E01004052,Southwark 024E,H,London,0,Does not apply,Does not apply,0,Not applicable,4,Local authority maintained schools,0,Not applicable,,,Not under a federation,,,,0,Not applicable,,0,Not applicable,,Not applicable,,,Not applicable,,Not applicable,Not applicable,Not applicable,,,Not applicable
Dulwich Hamlet Junior School,210,Southwark,999,,2,Primary,1,Community school,Not applicable,Not applicable,2,Closed,,0,Not applicable,31/03/2011,10,Academy Converter,100787,,2169,,,,,360,,,,,,,,,,,,,,,,,,,,,,Mrs,Sonia,Case,Headteacher,,,,Dulwich Village,,,London,,SE21 7AL,,,,,Not applicable,,,,0,Not applicable,No Nursery Classes,7,11,2,No Special Classes,0,Not applicable,3,Mixed,,1,No boarders,,29/11/2019 00:00:00,E09000028,Southwark,E05011100,Dulwich Village,E14000673,Dulwich and West Norwood,A1,(England/Wales) Urban major conurbation,E09000028,532981,174097,E02000837,Southwark 031,E01004069,Southwark 031A,H,London,0,Does not apply,Does not apply,0,Not applicable,4,Local authority maintained schools,0,Not applicable,,,Not under a federation,,,,0,Not applicable,,0,Not applicable,,Not applicable,,,Not applicable,,Not applicable,Not applicable,Not applicable,,,Not applicable
Galleywall Primary School,210,Southwark,999,,2,Primary,1,Community school,Not applicable,Not applicable,2,Closed,,0,Not applicable,12/01/2005,2,Closure,100788,,2240,,,,,420,,,,,,,,,,,,,,,,,,,,,,Mr,P,Rawlinson,Headteacher,,,,Galleywall Road,,,London,,SE16 3PB,,,,,Not applicable,,,,2,Does not have a sixth form,Has Nursery Classes,3,11,2,No Special Classes,0,Not applicable,3,Mixed,,1,No boarders,,29/11/2019 00:00:00,E09000028,Southwark,E05011116,South Bermondsey,E14000553,Bermondsey and Old Southwark,A1,(England/Wales) Urban major conurbation,E09000028,534823,178551,E02000816,Southwark 010,E01004037,Southwark 010B,H,London,0,Does not apply,Does not apply,0,Not applicable,4,Local authority maintained schools,0,Not applicable,,,Not under a federation,,,,0,Not applicable,,0,Not applicable,,Not applicable,,,Not applicable,,Not applicable,Not applicable,Not applicable,,,Not applicable
Gloucester School,210,Southwark,999,,2,Primary,1,Community school,Not applicable,Not applicable,2,Closed,,0,Not applicable,31/01/2015,6,For Academy,100789,,2255,,,,,630,,,,,,,,,,,,,,,,,,,,,,Mr,Tim,Mills,Headteacher,10013531193,,,Burcher Gale Grove,,Peckham,London,,SE15 6FL,,,,,Not applicable,,,,2,Does not have a sixth form,Has Nursery Classes,3,11,2,No Special Classes,0,Not applicable,3,Mixed,,1,No boarders,,29/11/2019 00:00:00,E09000028,Southwark,E05011110,Peckham,E14000615,Camberwell and Peckham,A1,(England/Wales) Urban major conurbation,E09000028,533488,177465,E02000825,Southwark 019,E01004012,Southwark 019C,H,London,0,Does not apply,Does not apply,0,Not applicable,4,Local authority maintained schools,0,Not applicable,,,Not under a federation,,,,0,Not applicable,,0,Not applicable,,Not applicable,,,Not applicable,,Not applicable,Not applicable,Not applicable,,,Not applicable
Goodrich Community Primary School,210,Southwark,999,,2,Primary,1,Community school,Not applicable,Not applicable,1,Open,,0,Not applicable,,0,Not applicable,100790,10074616,2257,,421,212,209,630,91,22.5,,,,,,,,,,,,,,,,,,,,Ms,Sarah,Beard,Headteacher,,,,Dunstans Road,East Dulwich,,London,,SE22 0EP,,www.goodrich.org.uk/,2086931050,,Not applicable,,,,2,Does not have a sixth form,Has Nursery Classes,3,11,2,No Special Classes,0,Not applicable,3,Mixed,,1,No boarders,15/01/2026,08/05/2026 00:00,E09000028,Southwark,E05011099,Dulwich Hill,E14001333,Lewisham West and East Dulwich,UN1,Urban: Nearer to a major town or city,E09000028,534340,174098,E02000838,Southwark 032,E01003957,Southwark 032C,H,London,0,Does not apply,Does not apply,0,Not applicable,4,Local authority maintained schools,0,Not applicable,,,Not under a federation,,,,0,Not applicable,,0,Not applicable,,Not applicable,,,Not applicable,,Not applicable,Not applicable,Not applicable,,,Not applicable
Grange Primary School,210,Southwark,999,,2,Primary,1,Community school,Not applicable,Not applicable,1,Open,,0,Not applicable,,0,Not applicable,100791,10074615,2263,,275,139,136,420,150,56,,,,,,,,,,,,,,,,,,,,Miss,Rebecca,Benjamins,Co-Headteachers,2.00E+11,,,Webb Street,,,London,,SE1 4RP,,www.grange.southwark.sch.uk,2077716121,,Not applicable,,,,2,Does not have a sixth form,Has Nursery Classes,3,11,2,No Special Classes,0,Not applicable,3,Mixed,,1,No boarders,15/01/2026,29/6/2026 00:00:00,E09000028,Southwark,E05011104,London Bridge & West Bermondsey,E14001085,Bermondsey and Old Southwark,UN1,Urban: Nearer to a major town or city,E09000028,533244,179211,E02000812,Southwark 006,E01003979,Southwark 006E,H,London,0,Does not apply,Does not apply,0,Not applicable,4,Local authority maintained schools,0,Not applicable,,,Not under a federation,,,,0,Not applicable,,0,Not applicable,,Not applicable,,,Not applicable,,Not applicable,Not applicable,Not applicable,,,Not applicable
Grove Vale School,210,Southwark,999,,2,Primary,1,Community school,Not applicable,Not applicable,2,Closed,,0,Not applicable,14/04/2000,4,Fresh Start,100792,,2268,,,,,,,,,,,,,,,,,,,,,,,,,,,Mr,A,Murrell,Headteacher,,,,Grove Vale,Goose Green,East Dulwich,London,,SE22 8DT,,,,,Not applicable,,,,0,Not applicable,Has Nursery Classes,3,11,2,No Special Classes,0,Not applicable,3,Mixed,,1,No boarders,,29/11/2019 00:00:00,E09000028,Southwark,E05011103,Goose Green,E14000673,Dulwich and West Norwood,A1,(England/Wales) Urban major conurbation,E09000028,533642,175371,E02000834,Southwark 028,E01003953,Southwark 028A,H,London,0,Does not apply,Does not apply,0,Not applicable,4,Local authority maintained schools,0,Not applicable,,,Not under a federation,,,,0,Not applicable,,0,Not applicable,,Not applicable,,,Not applicable,,Not applicable,Not applicable,Not applicable,,,Not applicable
Heber Primary School,210,Southwark,999,,2,Primary,1,Community school,Not applicable,Not applicable,1,Open,,0,Not applicable,,0,Not applicable,100793,10074614,2293,,447,211,236,420,56,12.7,,,,,,,,,,,,,,,,,,,,Mrs,Vanessa,Kyprios,Headteacher,2.00E+11,,,Heber Road,East Dulwich,,London,,SE22 9LA,,www.heberprimaryschool.com/,2086932075,,Not applicable,,,,2,Does not have a sixth form,Has Nursery Classes,3,11,2,No Special Classes,0,Not applicable,3,Mixed,,1,No boarders,15/01/2026,09/09/2026 00:00,E09000028,Southwark,E05011103,Goose Green,E14001333,Lewisham West and East Dulwich,UN1,Urban: Nearer to a major town or city,E09000028,533949,174413,E02000836,Southwark 030,E01003956,Southwark 030C,H,London,0,Does not apply,Does not apply,0,Not applicable,4,Local authority maintained schools,0,Not applicable,,,Not under a federation,,,,0,Not applicable,,0,Not applicable,,Not applicable,,,Not applicable,,Not applicable,Not applicable,Not applicable,,,Not applicable
Hollydale Primary School,210,Southwark,999,,2,Primary,1,Community school,Not applicable,Not applicable,1,Open,,0,Not applicable,,0,Not applicable,100794,10079726,2308,,155,82,73,308,58,37.4,,,,,,,,,,,,,,,,,,,,Ms,Reema,Reid,Headteacher,2.00E+11,,,Hollydale Road,Nunhead,,London,,SE15 2AR,,www.hollydale.southwark.sch.uk/,2076392562,,Not applicable,,,,2,Does not have a sixth form,No Nursery Classes,4,11,2,No Special Classes,0,Not applicable,3,Mixed,,1,No boarders,15/01/2026,09/09/2026 00:00,E09000028,Southwark,E05011108,Nunhead & Queen's Road,E14001421,Peckham,UN1,Urban: Nearer to a major town or city,E09000028,535369,176100,E02000832,Southwark 026,E01004000,Southwark 026A,H,London,0,Does not apply,Does not apply,0,Not applicable,4,Local authority maintained schools,0,Not applicable,,,Not under a federation,,,,0,Not applicable,,0,Not applicable,,Not applicable,,,Not applicable,,Not applicable,Not applicable,Not applicable,,,Not applicable
Ilderton Primary School,210,Southwark,999,,2,Primary,1,Community school,Not applicable,Not applicable,1,Open,,0,Not applicable,,99,,100795,10074613,2323,,157,80,77,236,65,41.4,,,,,,,,,,,,,,,,,,,,Dr,Simon,Assig,Headteacher,2.00E+11,,,Varcoe Road,,,London,,SE16 3LA,,www.mayflowerfederation.org.uk/,2072373980,,Not applicable,,,,2,Does not have a sixth form,Has Nursery Classes,3,11,2,No Special Classes,0,Not applicable,3,Mixed,,1,No boarders,15/01/2026,15/9/2026 00:00:00,E09000028,Southwark,E05011109,Old Kent Road,E14001421,Peckham,UN1,Urban: Nearer to a major town or city,E09000028,535190,178023,E02000817,Southwark 011,E01003987,Southwark 011B,H,London,0,Does not apply,Does not apply,0,Not applicable,4,Local authority maintained schools,0,Not applicable,,,Not under a federation,,,,0,Not applicable,,0,Not applicable,,Not applicable,,,Not applicable,,Not applicable,Not applicable,Not applicable,,,Not applicable
Ivydale Primary School,210,Southwark,999,,2,Primary,1,Community school,Not applicable,Not applicable,1,Open,,0,Not applicable,,0,Not applicable,100796,10074612,2328,,463,231,232,540,91,20.5,,,,,,,,,,,,,,,Not applicable,,,,,Ms,Judith,Lambert,Headteacher,2.00E+11,,,Ivydale Road,Nunhead,,London,,SE15 3BU,,www.ivydaleschool.co.uk,2076392702,,Not applicable,,,,2,Does not have a sixth form,Has Nursery Classes,3,11,2,No Special Classes,0,Not applicable,3,Mixed,,1,No boarders,15/01/2026,09/09/2026 00:00,E09000028,Southwark,E05011111,Peckham Rye,E14001333,Lewisham West and East Dulwich,UN1,Urban: Nearer to a major town or city,E09000028,535830,175214,E02000835,Southwark 029,E01004002,Southwark 029A,H,London,0,Does not apply,Does not apply,0,Not applicable,4,Local authority maintained schools,0,Not applicable,,,Not under a federation,,,,0,Not applicable,,0,Not applicable,,Not applicable,,,Not applicable,,Not applicable,Not applicable,Not applicable,,,Not applicable
John Donne Primary School,210,Southwark,999,,2,Primary,1,Community school,Not applicable,Not applicable,2,Closed,,0,Not applicable,31/12/2013,10,Academy Converter,100797,,2335,,,,,416,,,,,,,,,,,,,,,,,,,,,,Mr,Nick,Tildesley,Headteacher,,,,Woods Road,,,London,,SE15 2SW,,,,,Not applicable,,,,2,Does not have a sixth form,Has Nursery Classes,3,11,2,No Special Classes,0,Not applicable,3,Mixed,,1,No boarders,,29/11/2019 00:00:00,E09000028,Southwark,E05011108,Nunhead & Queen's Road,E14000615,Camberwell and Peckham,A1,(England/Wales) Urban major conurbation,E09000028,534743,176680,E02000829,Southwark 023,E01004005,Southwark 023D,H,London,0,Does not apply,Does not apply,0,Not applicable,4,Local authority maintained schools,0,Not applicable,,,Not under a federation,,,,0,Not applicable,,0,Not applicable,,Not applicable,,,Not applicable,,Not applicable,Not applicable,Not applicable,,,Not applicable
John Ruskin Primary School and Language Classes,210,Southwark,999,,2,Primary,1,Community school,Not applicable,Not applicable,1,Open,,0,Not applicable,,0,Not applicable,100798,10072915,2339,,452,231,221,550,251,58.2,,,,,Yes,,,,,,,,,,SEN unit,,,24,24,Mr,Hamilton,Nwokolo,Co-Headteachers,,,,John Ruskin Street,Camberwell,,London,,SE5 0PQ,,www.johnruskin.southwark.sch.uk,2077035800,,Not applicable,,,,2,Does not have a sixth form,Has Nursery Classes,3,11,1,Has Special Classes,0,Not applicable,3,Mixed,,1,No boarders,15/01/2026,29/6/2026 00:00:00,E09000028,Southwark,E05011096,Camberwell Green,E14001559,Vauxhall and Camberwell Green,UN1,Urban: Nearer to a major town or city,E09000028,532224,177728,E02000823,Southwark 017,E01003923,Southwark 017A,H,London,0,Does not apply,Does not apply,0,Not applicable,4,Local authority maintained schools,0,Not applicable,,,Not under a federation,,,,0,Not applicable,,0,Not applicable,,Not applicable,,,Not applicable,,Not applicable,Not applicable,Not applicable,,,Not applicable
Joseph Lancaster Primary School,210,Southwark,999,,2,Primary,1,Community school,Not applicable,Not applicable,2,Closed,,0,Not applicable,31/08/2008,3,Change Religious Character,100799,,2344,,,,,315,,,,,,,,,,,,,,,,,,,,,,Mr,Richard,Slade,Acting Headteacher,,,,Harper Road,,,London,,SE1 6AF,,,,,Not applicable,,,,0,Not applicable,Has Nursery Classes,3,11,2,No Special Classes,0,Not applicable,3,Mixed,,1,No boarders,,29/11/2019 00:00:00,E09000028,Southwark,E05011098,Chaucer,E14000553,Bermondsey and Old Southwark,A1,(England/Wales) Urban major conurbation,E09000028,532518,179108,E02000812,Southwark 006,E01003942,Southwark 006D,H,London,0,Does not apply,Does not apply,0,Not applicable,4,Local authority maintained schools,0,Not applicable,,,Not under a federation,,,,0,Not applicable,,0,Not applicable,,Not applicable,,,Not applicable,,Not applicable,Not applicable,Not applicable,,,Not applicable
Keyworth Primary School,210,Southwark,999,,2,Primary,1,Community school,Not applicable,Not applicable,1,Open,,0,Not applicable,,0,Not applicable,100800,10074611,2351,,313,168,145,500,172,59.5,,,,,,,,,,,,,,,,,,,,Headteacher,Sarah,Beard,Executive Headteacher,2.00E+11,,,"Keyworth Primary School, Faunce Street",,,London,Surrey,SE17 3TR,,www.thegemfederation.co.uk/keyworth-primary,2077351701,,Not applicable,,,,2,Does not have a sixth form,Has Nursery Classes,2,11,2,No Special Classes,0,Not applicable,3,Mixed,,1,No boarders,15/01/2026,08/05/2026 00:00,E09000028,Southwark,E05011105,Newington,E14001559,Vauxhall and Camberwell Green,UN1,Urban: Nearer to a major town or city,E09000028,531692,178119,E02000820,Southwark 014,E01003999,Southwark 014E,H,London,0,Does not apply,Does not apply,0,Not applicable,4,Local authority maintained schools,0,Not applicable,,,Not under a federation,,,,0,Not applicable,,0,Not applicable,,Not applicable,,,Not applicable,,Not applicable,Not applicable,Not applicable,,,Not applicable
Dulwich Wood Primary School,210,Southwark,999,,2,Primary,1,Community school,Not applicable,Not applicable,1,Open,,0,Not applicable,,0,Not applicable,100801,10079725,2365,,417,207,210,420,110,26.4,,,,,,,,,,,,,,,,,,,,Ms,Helen,Rowe,Headteacher,2.00E+11,,,Bowen Drive,Kingswood Estate,West Dulwich,London,,SE21 8NS,,www.dulwichwood.com/,2086705470,,Not applicable,,,,2,Does not have a sixth form,No Nursery Classes,4,11,2,No Special Classes,0,Not applicable,3,Mixed,,1,No boarders,15/01/2026,09/01/2026 00:00,E09000028,Southwark,E05011101,Dulwich Wood,E14001205,Dulwich and West Norwood,UN1,Urban: Nearer to a major town or city,E09000028,533366,172068,E02000839,Southwark 033,E01003946,Southwark 033B,H,London,0,Does not apply,Does not apply,0,Not applicable,4,Local authority maintained schools,0,Not applicable,,,Not under a federation,,,,0,Not applicable,,0,Not applicable,,Not applicable,,,Not applicable,,Not applicable,Not applicable,Not applicable,,,Not applicable
Lyndhurst Primary School,210,Southwark,999,,2,Primary,1,Community school,Not applicable,Not applicable,2,Closed,,0,Not applicable,31/03/2021,10,Academy Converter,100802,10074610,2392,,422,224,198,420,63,15.2,,,,,Yes,Yes,,,,Yes,,,Yes,,Resourced provision,16,16,,,Mr,Nicholas,Hammill,Headteacher,2.00E+11,,,Grove Lane,,,London,,SE5 8SN,,,,,Not applicable,,,,2,Does not have a sixth form,Has Nursery Classes,3,11,2,No Special Classes,0,Not applicable,3,Mixed,,1,No boarders,21/01/2021,28/10/2024 00:00:00,E09000028,Southwark,E05011115,St Giles,E14000615,Camberwell and Peckham,A1,(England/Wales) Urban major conurbation,E09000028,532889,176333,E02000830,Southwark 024,E01003913,Southwark 024A,H,London,0,Does not apply,Does not apply,0,Not applicable,4,Local authority maintained schools,0,Not applicable,,,Not under a federation,,,,0,Not applicable,,0,Not applicable,,Not applicable,,,Not applicable,,Not applicable,Not applicable,Not applicable,,,Not applicable
Michael Faraday School,210,Southwark,999,,2,Primary,1,Community school,Not applicable,Not applicable,1,Open,,0,Not applicable,,0,Not applicable,100803,10074609,2411,,429,203,226,420,150,37.5,,,,,,,,,,,,,,,Not applicable,,,,,Ms,Riana,Gouws,Headteacher,2.00E+11,,,Portland Street,Walworth,Southwark,London,,SE17 2HR,,www.michaelfaradayschool.co.uk/,2077035806,,Not applicable,,,,2,Does not have a sixth form,Has Nursery Classes,3,11,2,No Special Classes,0,Not applicable,3,Mixed,,1,No boarders,15/01/2026,09/01/2026 00:00,E09000028,Southwark,E05011102,Faraday,E14001421,Peckham,UN1,Urban: Nearer to a major town or city,E09000028,532828,177988,E02000822,Southwark 016,E01033881,Southwark 016F,H,London,0,Does not apply,Does not apply,0,Not applicable,4,Local authority maintained schools,0,Not applicable,,,Not under a federation,,,,0,Not applicable,,0,Not applicable,,Not applicable,,,Not applicable,,Not applicable,Not applicable,Not applicable,,,Not applicable
Peckham Park Junior School,210,Southwark,999,,2,Primary,1,Community school,Not applicable,Not applicable,2,Closed,,0,Not applicable,09/01/1996,0,Not applicable,100804,,2460,,,,,,,,,,,,,,,,,,,,,,,,,,,,,,Headteacher,,,,Friary Road,,,London,,SE15 5UW,,,,,Not applicable,,,,0,Not applicable,No Nursery Classes,7,11,2,No Special Classes,0,Not applicable,3,Mixed,,1,No boarders,,29/11/2019 00:00:00,E09000028,Southwark,E05011110,Peckham,E14000615,Camberwell and Peckham,A1,(England/Wales) Urban major conurbation,E09000028,534499,177041,E02000828,Southwark 022,E01032805,Southwark 022F,H,London,0,Does not apply,Does not apply,0,Not applicable,4,Local authority maintained schools,0,Not applicable,,,Not under a federation,,,,0,Not applicable,,0,Not applicable,,Not applicable,,,Not applicable,,Not applicable,Not applicable,Not applicable,,,Not applicable
Peckham Park Infant School,210,Southwark,999,,2,Primary,1,Community school,Not applicable,Not applicable,2,Closed,,0,Not applicable,09/01/1996,0,Not applicable,100805,,2461,,,,,,,,,,,,,,,,,,,,,,,,,,,,,,Headteacher,,,,Friary Road,,,London,,SE15 5UW,,,,,Not applicable,,,,0,Not applicable,Has Nursery Classes,5,7,1,Has Special Classes,0,Not applicable,3,Mixed,,1,No boarders,,29/11/2019 00:00:00,E09000028,Southwark,E05011110,Peckham,E14000615,Camberwell and Peckham,A1,(England/Wales) Urban major conurbation,E09000028,534499,177041,E02000828,Southwark 022,E01032805,Southwark 022F,H,London,0,Does not apply,Does not apply,0,Not applicable,4,Local authority maintained schools,0,Not applicable,,,Not under a federation,,,,0,Not applicable,,0,Not applicable,,Not applicable,,,Not applicable,,Not applicable,Not applicable,Not applicable,,,Not applicable
Peckham Rye Primary School,210,Southwark,999,,2,Primary,1,Community school,Not applicable,Not applicable,2,Closed,,0,Not applicable,31/03/2005,4,Fresh Start,100806,,2462,,,,,420,,,,,,,,,,,,,,,,,,,,,,Miss,Virginia,Bridge,Headteacher,10013531193,,,Whorlton Road,Peckham,,London,,SE15 3PD,,,,,Not applicable,,,,2,Does not have a sixth form,Has Nursery Classes,3,11,2,No Special Classes,0,Not applicable,3,Mixed,,1,No boarders,,29/11/2019 00:00:00,E09000028,Southwark,E05011113,Rye Lane,E14000615,Camberwell and Peckham,A1,(England/Wales) Urban major conurbation,E09000028,534641,175729,E02000832,Southwark 026,E01004064,Southwark 026D,H,London,0,Does not apply,Does not apply,0,Not applicable,4,Local authority maintained schools,0,Not applicable,,,Not under a federation,,,,0,Not applicable,,0,Not applicable,,Not applicable,,,Not applicable,,Not applicable,Not applicable,Not applicable,,,Not applicable
Redriff Primary School,210,Southwark,999,,2,Primary,1,Community school,Not applicable,Not applicable,2,Closed,,0,Not applicable,31/10/2011,10,Academy Converter,100807,,2500,,,,,420,,,,,,,,Yes,,,,,,,,,Resourced provision,,,,,Mr,Michael,Kelly,Headteacher,2.00E+11,,,Salter Road,Rotherhithe,,London,,SE16 5LQ,,,,,Not applicable,,,,0,Not applicable,Has Nursery Classes,3,11,1,Has Special Classes,0,Not applicable,3,Mixed,,1,No boarders,,29/11/2019 00:00:00,E09000028,Southwark,E05011117,Surrey Docks,E14000553,Bermondsey and Old Southwark,A1,(England/Wales) Urban major conurbation,E09000028,536369,179935,E02000814,Southwark 008,E01004056,Southwark 008A,H,London,0,Does not apply,Does not apply,0,Not applicable,4,Local authority maintained schools,0,Not applicable,,,Not under a federation,,,,0,Not applicable,,0,Not applicable,,Not applicable,,,Not applicable,,Not applicable,Not applicable,Not applicable,,,Not applicable
Riverside Primary School,210,Southwark,999,,2,Primary,1,Community school,Not applicable,Not applicable,1,Open,,0,Not applicable,,0,Not applicable,100808,10074608,2514,,219,113,106,315,94,44.1,,,,,,,,,,,,,,,,,,,,Co Headteacher,J Lewis,S Alder,Headteacher,2.00E+11,,,Janeway Street,,,London,,SE16 4PS,,www.riverside.southwark.sch.uk/,2072373227,,Not applicable,,,,2,Does not have a sixth form,Has Nursery Classes,3,11,2,No Special Classes,0,Not applicable,3,Mixed,,1,No boarders,15/01/2026,29/6/2026 00:00:00,E09000028,Southwark,E05011106,North Bermondsey,E14001085,Bermondsey and Old Southwark,UN1,Urban: Nearer to a major town or city,E09000028,534423,179618,E02000810,Southwark 004,E01004023,Southwark 004D,H,London,0,Does not apply,Does not apply,0,Not applicable,4,Local authority maintained schools,0,Not applicable,,,Not under a federation,,,,0,Not applicable,,0,Not applicable,,Not applicable,,,Not applicable,,Not applicable,Not applicable,Not applicable,,,Not applicable
Robert Browning Primary School,210,Southwark,999,,2,Primary,1,Community school,Not applicable,Not applicable,1,Open,,0,Not applicable,,0,Not applicable,100809,10074607,2516,,185,86,99,236,106,62,,,,,,Yes,,,,,,,,,Resourced provision,14,14,,,Ms,Katherine,Wooder,Headteacher,10000811654,,,King and Queen Street,Walworth,,London,,SE17 1DQ,,www.thebridgesfederation.org.uk,2077083456,,Not applicable,,,,2,Does not have a sixth form,Has Nursery Classes,3,11,1,Has Special Classes,0,Not applicable,3,Mixed,,1,No boarders,15/01/2026,09/04/2026 00:00,E09000028,Southwark,E05011107,North Walworth,E14001421,Peckham,UN1,Urban: Nearer to a major town or city,E09000028,532525,178379,E02000822,Southwark 016,E01003963,Southwark 016A,H,London,0,Does not apply,Does not apply,0,Not applicable,4,Local authority maintained schools,0,Not applicable,,,Supported by a federation,15741,The Bridges Federation,,0,Not applicable,,0,Not applicable,,Not applicable,,,Not applicable,,Not applicable,Not applicable,Not applicable,,,Not applicable
Rotherhithe Primary School,210,Southwark,999,,2,Primary,1,Community school,Not applicable,Not applicable,2,Closed,,0,Not applicable,30/09/2023,10,Academy Converter,100810,10074606,2526,,336,170,166,460,133,42.4,,,,,,,,,,,,,,,,,,,,Mrs,Galiema,Amien-Cloete,Headteacher,10096036037,,,61 Hawkstone Road,,,London,,SE16 2PE,United Kingdom,,,,Not applicable,,,,2,Does not have a sixth form,Has Nursery Classes,3,11,2,No Special Classes,0,Not applicable,3,Mixed,,1,No boarders,19/01/2023,30/9/2023 00:00:00,E09000028,Southwark,E05011112,Rotherhithe,E14000553,Bermondsey and Old Southwark,A1,(England/Wales) Urban major conurbation,E09000028,535484,178762,E02000813,Southwark 007,E01004031,Southwark 007B,H,London,0,Does not apply,Does not apply,0,Not applicable,4,Local authority maintained schools,0,Not applicable,,,Not under a federation,,,,0,Not applicable,,0,Not applicable,,Not applicable,,,Not applicable,,Not applicable,Not applicable,Not applicable,,,Not applicable
Snowsfields Primary School,210,Southwark,999,,2,Primary,1,Community school,Not applicable,Not applicable,1,Open,,0,Not applicable,,0,Not applicable,100811,10072914,2560,,180,89,91,222,89,52,,,,,,Yes,,,,,,,,,Resourced provision,14,14,,,Ms,Katherine,Wooder,Headteacher,2.00E+11,,,Kirby Grove,,,London,,SE1 3TD,,www.thebridgesfederation.org.uk,2075259065,,Not applicable,,,,2,Does not have a sixth form,Has Nursery Classes,3,11,1,Has Special Classes,0,Not applicable,3,Mixed,,1,No boarders,15/01/2026,09/04/2026 00:00,E09000028,Southwark,E05011104,London Bridge & West Bermondsey,E14001085,Bermondsey and Old Southwark,UN1,Urban: Nearer to a major town or city,E09000028,533094,179804,E02000812,Southwark 006,E01003981,Southwark 006F,H,London,0,Does not apply,Does not apply,0,Not applicable,4,Local authority maintained schools,0,Not applicable,,,Supported by a federation,15741,The Bridges Federation,,0,Not applicable,,0,Not applicable,,Not applicable,,,Not applicable,,Not applicable,Not applicable,Not applicable,,,Not applicable
Southwark Park Primary School,210,Southwark,999,,2,Primary,1,Community school,Not applicable,Not applicable,1,Open,,0,Not applicable,,0,Not applicable,100812,10074605,2562,,386,215,171,470,199,54.4,,,,,,,,,,,,,,,Not applicable,,,,,Mr,Carl,Vernalls,Headteacher,10091837496,,,383 Southwark Park Road,Bermondsey,Southwark,London,,SE16 2JH,,www.southwarkparkschool.co.uk,2073944000,,Not applicable,,,,2,Does not have a sixth form,Has Nursery Classes,3,11,2,No Special Classes,0,Not applicable,3,Mixed,,1,No boarders,15/01/2026,09/09/2026 00:00,E09000028,Southwark,E05011106,North Bermondsey,E14001085,Bermondsey and Old Southwark,UN1,Urban: Nearer to a major town or city,E09000028,534910,179032,E02000817,Southwark 011,E01004024,Southwark 011C,H,London,0,Does not apply,Does not apply,0,Not applicable,4,Local authority maintained schools,0,Not applicable,,,Not under a federation,,,,0,Not applicable,,0,Not applicable,,Not applicable,,,Not applicable,,Not applicable,Not applicable,Not applicable,,,Not applicable
Tower Bridge Primary School,210,Southwark,999,,2,Primary,1,Community school,Not applicable,Not applicable,1,Open,,0,Not applicable,,0,Not applicable,100813,10074604,2607,,190,96,94,236,109,63,,,,,,,,,,,,,,,,,,,,Ms,Katherine,Wooder,Executive Headteacher,2.00E+11,,,Fair Street,,,London,,SE1 2AE,,www.thebridgesfederation.org.uk,2074072959,,Not applicable,,,,2,Does not have a sixth form,Has Nursery Classes,3,11,2,No Special Classes,0,Not applicable,3,Mixed,,1,No boarders,15/01/2026,09/04/2026 00:00,E09000028,Southwark,E05011104,London Bridge & West Bermondsey,E14001085,Bermondsey and Old Southwark,UN1,Urban: Nearer to a major town or city,E09000028,533570,179825,E02006942,Southwark 036,E01033885,Southwark 036A,H,London,0,Does not apply,Does not apply,0,Not applicable,4,Local authority maintained schools,0,Not applicable,,,Supported by a federation,15741,The Bridges Federation,,0,Not applicable,,0,Not applicable,,Not applicable,,,Not applicable,,Not applicable,Not applicable,Not applicable,,,Not applicable
Townsend Primary School,210,Southwark,999,,2,Primary,1,Community school,Not applicable,Not applicable,2,Closed,01/01/1900,0,Not applicable,31/08/2023,2,Closure,100814,10074603,2609,,111,59,52,210,61,55,,,,,,,,,,,,,,,,,,,,Mrs,Anne,Stonell,Headteacher,2.00E+11,,,Townsend Street,,,London,,SE17 1HJ,,,,,Not applicable,,,,2,Does not have a sixth form,Has Nursery Classes,3,11,2,No Special Classes,0,Not applicable,3,Mixed,,1,No boarders,19/01/2023,21/9/2023 00:00:00,E09000028,Southwark,E05011107,North Walworth,E14000553,Bermondsey and Old Southwark,A1,(England/Wales) Urban major conurbation,E09000028,533028,178832,E02000818,Southwark 012,E01003960,Southwark 012A,H,London,0,Does not apply,Does not apply,0,Not applicable,4,Local authority maintained schools,0,Not applicable,,,Not under a federation,,,,0,Not applicable,,0,Not applicable,,Not applicable,,,Not applicable,,Not applicable,Not applicable,Not applicable,,,Not applicable
Victory Primary School,210,Southwark,999,,2,Primary,1,Community school,Not applicable,Not applicable,1,Open,,0,Not applicable,,0,Not applicable,100815,10074602,2621,,112,67,45,164,60,56.6,,,,,,,,,,,,,,,,,,,,Mrs,Makeda,Williams-Pinnock,Headteacher,2.00E+11,,,Elba Place,Rodney Road,,London,,SE17 1PT,,www.victory.southwark.sch.uk/,2077035722,,Not applicable,,,,2,Does not have a sixth form,Has Nursery Classes,3,11,2,No Special Classes,0,Not applicable,3,Mixed,,1,No boarders,15/01/2026,29/6/2026 00:00:00,E09000028,Southwark,E05011107,North Walworth,E14001421,Peckham,UN1,Urban: Nearer to a major town or city,E09000028,532497,178834,E02000818,Southwark 012,E01033875,Southwark 012G,H,London,0,Does not apply,Does not apply,0,Not applicable,4,Local authority maintained schools,0,Not applicable,,,Not under a federation,,,,0,Not applicable,,0,Not applicable,,Not applicable,,,Not applicable,,Not applicable,Not applicable,Not applicable,,,Not applicable
Charlotte Sharman Primary School,210,Southwark,999,,2,Primary,5,Foundation school,Not applicable,Not applicable,2,Closed,01/01/1900,0,Not applicable,31/08/2025,2,Closure,100816,10057393,5207,,165,80,85,236,71,46.1,,,,,,,,,,,,,,,,,,,,Ms,Nicola,Metcalfe,Headteacher,2.00E+11,,,St George's Road,West Square,,London,,SE11 4SN,,,,,Not applicable,,,,2,Does not have a sixth form,Has Nursery Classes,3,11,2,No Special Classes,0,Not applicable,3,Mixed,,1,No boarders,16/01/2025,23/10/2025 00:00:00,E09000028,Southwark,E05011114,St George's,E14001085,Bermondsey and Old Southwark,UN1,Urban: Nearer to a major town or city,E09000028,531591,179128,E02006802,Southwark 034,E01003933,Southwark 034C,H,London,6,None,Does not apply,0,Not applicable,4,Local authority maintained schools,2,Not supported by a trust,,,Not under a federation,,,,0,Not applicable,,0,Not applicable,,Not applicable,,,Not applicable,,Not applicable,Not applicable,Not applicable,,,Not applicable
Phoenix Primary School,210,Southwark,999,,2,Primary,1,Community school,Not applicable,Not applicable,1,Open,,0,Not applicable,,99,,100817,10074601,2848,,480,238,242,682,209,43.5,,,,,,,,,,,,,,,,,,,,Dr,Simon,Assig,Headteacher,2.00E+11,,,Marlborough Grove,,,London,,SE1 5JT,,www.mayflowerfederation.org.uk,2072318622,,Not applicable,,,,2,Does not have a sixth form,Has Nursery Classes,3,11,2,No Special Classes,0,Not applicable,3,Mixed,,1,No boarders,15/01/2026,15/9/2026 00:00:00,E09000028,Southwark,E05011109,Old Kent Road,E14001421,Peckham,UN1,Urban: Nearer to a major town or city,E09000028,534192,178136,E02000816,Southwark 010,E01004038,Southwark 010C,H,London,0,Does not apply,Does not apply,0,Not applicable,4,Local authority maintained schools,0,Not applicable,,,Not under a federation,,,,0,Not applicable,,0,Not applicable,,Not applicable,,,Not applicable,,Not applicable,Not applicable,Not applicable,,,Not applicable
Pilgrims' Way Primary School,210,Southwark,999,,2,Primary,1,Community school,Not applicable,Not applicable,1,Open,,0,Not applicable,,0,Not applicable,100818,10074600,2852,,171,89,82,210,92,57.9,,,,,,,,,,,,,,,,,,,,Mr,Gregory,Doey,Executive Headteacher,10000811929,,,Tustin Estate,Manor Grove,Peckham,London,,SE15 1EF,,www.pilgrimsway.southwark.sch.uk,2076391995,,Not applicable,,,,2,Does not have a sixth form,Has Nursery Classes,3,11,2,No Special Classes,0,Not applicable,3,Mixed,,1,No boarders,15/01/2026,09/01/2026 00:00,E09000028,Southwark,E05011109,Old Kent Road,E14001421,Peckham,UN1,Urban: Nearer to a major town or city,E09000028,535095,177517,E02000824,Southwark 018,E01003988,Southwark 018B,H,London,0,Does not apply,Does not apply,0,Not applicable,4,Local authority maintained schools,0,Not applicable,,,Not under a federation,,,,0,Not applicable,,0,Not applicable,,Not applicable,,,Not applicable,,Not applicable,Not applicable,Not applicable,,,Not applicable
Alfred Salter Primary School,210,Southwark,999,,2,Primary,1,Community school,Not applicable,Not applicable,1,Open,,0,Not applicable,,0,Not applicable,100819,10072913,2853,,403,196,207,420,104,26.7,,,,,,,,,,,,,,,Not applicable,,,,,Ms,Eleanor,Prestage,Headteacher,2.00E+11,,,Quebec Way,Rotherhithe,,London,,SE16 7LP,,www.alfredsalter.com,2072523676,,Not applicable,,,,2,Does not have a sixth form,Has Nursery Classes,3,11,2,No Special Classes,0,Not applicable,3,Mixed,,1,No boarders,15/01/2026,29/6/2026 00:00:00,E09000028,Southwark,E05011112,Rotherhithe,E14001085,Bermondsey and Old Southwark,UN1,Urban: Nearer to a major town or city,E09000028,535897,179666,E02000807,Southwark 001,E01004032,Southwark 001B,H,London,0,Does not apply,Does not apply,0,Not applicable,4,Local authority maintained schools,0,Not applicable,,,Not under a federation,,,,0,Not applicable,,0,Not applicable,,Not applicable,,,Not applicable,,Not applicable,Not applicable,Not applicable,,,Not applicable
Alma Primary School,210,Southwark,999,,2,Primary,1,Community school,Not applicable,Not applicable,2,Closed,,0,Not applicable,31/08/2011,1,Result of Amalgamation/Merger,100820,,2854,,,,,210,,,,,,,,,,,,,,,,,,,,,,Mr,Thomas,Wilson,Headteacher,,,,Alexis Street,Bermondsey,,London,,SE16 3XF,,,,,Not applicable,,,,0,Not applicable,No Nursery Classes,5,11,1,Has Special Classes,0,Not applicable,3,Mixed,,1,No boarders,,29/11/2019 00:00:00,E09000028,Southwark,E05011116,South Bermondsey,E14000553,Bermondsey and Old Southwark,A1,(England/Wales) Urban major conurbation,E09000028,534264,178907,E02000816,Southwark 010,E01004042,Southwark 010D,H,London,0,Does not apply,Does not apply,0,Not applicable,4,Local authority maintained schools,0,Not applicable,,,Not under a federation,,,,0,Not applicable,,0,Not applicable,,Not applicable,,,Not applicable,,Not applicable,Not applicable,Not applicable,,,Not applicable
Oliver Goldsmith Primary School,210,Southwark,999,,2,Primary,1,Community school,Not applicable,Not applicable,1,Open,,0,Not applicable,,0,Not applicable,100821,10074599,2855,,358,186,172,480,199,58.5,,,,,,,,,,,,,,,,,,,,Ms,Wendy,Thangarajah,Headteacher,2.00E+11,,,Peckham Road,Camberwell,,London,,SE5 8UH,,www.olivergoldsmith.southwark.sch.uk,2077034894,,Not applicable,,,,2,Does not have a sixth form,Has Nursery Classes,3,11,2,No Special Classes,0,Not applicable,3,Mixed,,1,No boarders,15/01/2026,09/10/2026 00:00,E09000028,Southwark,E05011115,St Giles,E14001421,Peckham,UN1,Urban: Nearer to a major town or city,E09000028,533566,176849,E02000830,Southwark 024,E01003914,Southwark 024B,H,London,0,Does not apply,Does not apply,0,Not applicable,4,Local authority maintained schools,0,Not applicable,,,Not under a federation,,,,0,Not applicable,,0,Not applicable,,Not applicable,,,Not applicable,,Not applicable,Not applicable,Not applicable,,,Not applicable
Boutcher Church of England Primary School,210,Southwark,999,,2,Primary,2,Voluntary aided school,Not applicable,Not applicable,1,Open,,0,Not applicable,,0,Not applicable,100822,10076249,3313,,201,92,109,210,69,34.3,,,,,,,,,,,,,,,,,,,,Mrs,Eilidh,Verhoeven,Headteacher,2.00E+11,,,93 Grange Road,Bermondsey,,London,,SE1 3BW,,www.boutcher.southwark.sch.uk/,2072372149,,Not applicable,,,,2,Does not have a sixth form,No Nursery Classes,5,11,2,No Special Classes,0,Not applicable,3,Mixed,,1,No boarders,15/01/2026,29/6/2026 00:00:00,E09000028,Southwark,E05011116,South Bermondsey,E14001085,Bermondsey and Old Southwark,UN1,Urban: Nearer to a major town or city,E09000028,533647,178966,E02000810,Southwark 004,E01033872,Southwark 004I,H,London,2,Church of England,Does not apply,CE36,Diocese of Southwark,4,Local authority maintained schools,0,Not applicable,,,Not under a federation,,,,0,Not applicable,,0,Not applicable,,Not applicable,,,Not applicable,,Not applicable,Not applicable,Not applicable,,,Not applicable
Dulwich Village Church of England Infants' School,210,Southwark,999,,2,Primary,2,Voluntary aided school,Not applicable,Not applicable,1,Open,,0,Not applicable,,0,Not applicable,100823,10079612,3337,,265,133,132,270,20,7.5,,,,,,,,,,,,,,,,,,,,Mrs,Helen,Poyton,Headteacher,2.00E+11,,,Dulwich Village,,,London,,SE21 7BU,United Kingdom,www.dulwichvillageinfants.co.uk,2075259233,,Not applicable,,,,2,Does not have a sixth form,No Nursery Classes,4,7,2,No Special Classes,0,Not applicable,3,Mixed,,1,No boarders,15/01/2026,24/9/2026 00:00:00,E09000028,Southwark,E05011100,Dulwich Village,E14001205,Dulwich and West Norwood,UN1,Urban: Nearer to a major town or city,E09000028,533049,174311,E02000837,Southwark 031,E01004070,Southwark 031B,H,London,2,Church of England,Does not apply,CE36,Diocese of Southwark,4,Local authority maintained schools,0,Not applicable,,,Not under a federation,,,,0,Not applicable,,0,Not applicable,,Not applicable,,,Not applicable,,Not applicable,Not applicable,Not applicable,,,Not applicable
English Martyrs' Roman Catholic Primary School,210,Southwark,999,,2,Primary,2,Voluntary aided school,Not applicable,Not applicable,1,Open,,0,Not applicable,,0,Not applicable,100824,10071709,3341,,299,143,156,300,131,47,,,,,,,,,,,,,,,,,,,,Mr,John,Camilleri,Headteacher,2.00E+11,,,Flint Street,,,London,,SE17 1RB,United Kingdom,www.englishmartyrsprimary.school,2077034726,,Not applicable,,,,2,Does not have a sixth form,Has Nursery Classes,4,11,2,No Special Classes,0,Not applicable,3,Mixed,,1,No boarders,15/01/2026,09/11/2026 00:00,E09000028,Southwark,E05011107,North Walworth,E14001421,Peckham,UN1,Urban: Nearer to a major town or city,E09000028,532817,178587,E02000818,Southwark 012,E01003961,Southwark 012B,H,London,3,Roman Catholic,Does not apply,RC19,Archdiocese of Southwark,4,Local authority maintained schools,0,Not applicable,,,Not under a federation,,,,0,Not applicable,,0,Not applicable,,Not applicable,,,Not applicable,,Not applicable,Not applicable,Not applicable,,,Not applicable
St James the Great Roman Catholic Primary School,210,Southwark,999,,2,Primary,2,Voluntary aided school,Not applicable,Not applicable,1,Open,,0,Not applicable,,0,Not applicable,100825,10071708,3399,,228,123,105,210,92,43,,,,,,,,,,,,,,,,,,,,Co Headteacher,Janice  Babb,Denis O'Regan,Headteacher,2.00E+11,,,Peckham Road,,St James the Great Catholic Pr,London,,SE15 5LP,,www.stjamesthegreat.southwark.sch.uk,2077035870,,Not applicable,,,,2,Does not have a sixth form,Has Nursery Classes,3,11,2,No Special Classes,0,Not applicable,3,Mixed,,1,No boarders,15/01/2026,25/9/2026 00:00:00,E09000028,Southwark,E05011110,Peckham,E14001421,Peckham,UN1,Urban: Nearer to a major town or city,E09000028,533921,176804,E02000828,Southwark 022,E01004010,Southwark 022D,H,London,3,Roman Catholic,Does not apply,RC19,Archdiocese of Southwark,4,Local authority maintained schools,0,Not applicable,,,Supported by a federation,16053,The Federation of St James the Great and St John's,,0,Not applicable,,0,Not applicable,,Not applicable,,,Not applicable,,Not applicable,Not applicable,Not applicable,,,Not applicable
St Francis RC Primary School,210,Southwark,999,,2,Primary,2,Voluntary aided school,Not applicable,Not applicable,1,Open,,0,Not applicable,,0,Not applicable,100826,10071707,3435,,253,132,121,416,110,43.5,,,,,,,,,,,,,,,,,,,,Ms,Sonia,Miguez Jorge,Headteacher,2.00E+11,,,Friary Road,Peckham,,London,,SE15 1RQ,,www.stfrancispeckham.co.uk,2076390187,,Not applicable,,,,2,Does not have a sixth form,Has Nursery Classes,3,11,2,No Special Classes,0,Not applicable,3,Mixed,,1,No boarders,15/01/2026,09/01/2026 00:00,E09000028,Southwark,E05011109,Old Kent Road,E14001421,Peckham,UN1,Urban: Nearer to a major town or city,E09000028,534323,177446,E02000824,Southwark 018,E01003983,Southwark 018A,H,London,3,Roman Catholic,Does not apply,RC19,Archdiocese of Southwark,4,Local authority maintained schools,0,Not applicable,,,Not under a federation,,,,0,Not applicable,,0,Not applicable,,Not applicable,,,Not applicable,,Not applicable,Not applicable,Not applicable,,,Not applicable
St George's Church of England Primary School,210,Southwark,999,,2,Primary,2,Voluntary aided school,Not applicable,Not applicable,1,Open,,0,Not applicable,,0,Not applicable,100827,10074723,3445,,136,85,51,210,82,60.3,,,,,,,,,,,,,,,Not applicable,,,,,Mr,Andrew,Rojas,Headteacher,2.00E+11,,,Coleman Road,Camberwell,,London,,SE5 7TF,,https://www.stgeorgesprimary.school,2077034772,,Not applicable,,,,2,Does not have a sixth form,No Nursery Classes,4,11,2,No Special Classes,0,Not applicable,3,Mixed,,1,No boarders,15/01/2026,09/03/2026 00:00,E09000028,Southwark,E05011115,St Giles,E14001421,Peckham,UN1,Urban: Nearer to a major town or city,E09000028,533123,177455,E02000826,Southwark 020,E01003916,Southwark 020B,H,London,2,Church of England,Does not apply,CE36,Diocese of Southwark,4,Local authority maintained schools,0,Not applicable,,,Not under a federation,,,,0,Not applicable,,0,Not applicable,,Not applicable,,,Not applicable,,Not applicable,Not applicable,Not applicable,,,Not applicable
St George's Cathedral Catholic Primary School,210,Southwark,999,,2,Primary,2,Voluntary aided school,Not applicable,Not applicable,2,Closed,,0,Not applicable,28/02/2025,10,Academy Converter,100828,10071706,3447,,178,99,79,235,61,36.5,,,,,,,,,,,,,,,,,,,,Mrs,Louise,Chabvuka (nee. Grabowski),Headteacher,10009796442,,,28 Lambeth Road,,,London,,SE1 6HR,United Kingdom,,,,Not applicable,,,,2,Does not have a sixth form,Has Nursery Classes,3,11,2,No Special Classes,0,Not applicable,3,Mixed,,1,No boarders,16/01/2025,07/07/2025 00:00,E09000028,Southwark,E05011114,St George's,E14001085,Bermondsey and Old Southwark,A1,(England/Wales) Urban major conurbation,E09000028,531527,179415,E02006802,Southwark 034,E01003930,Southwark 034A,H,London,3,Roman Catholic,Does not apply,RC19,Archdiocese of Southwark,4,Local authority maintained schools,0,Not applicable,,,Not under a federation,,,,0,Not applicable,,0,Not applicable,,Not applicable,,,Not applicable,,Not applicable,Not applicable,Not applicable,,,Not applicable
St James' Church of England Primary School,210,Southwark,999,,2,Primary,2,Voluntary aided school,Not applicable,Not applicable,1,Open,,0,Not applicable,,0,Not applicable,100829,10076248,3452,,403,212,191,420,277,73.3,,,,,,,,,,,,,,,,,,,,Mr,Michael,Oliver,Headteacher,2.00E+11,,,Old Jamaica Road,Bermondsey,,London,,SE16 4SU,,www.stjamesschoolbermondsey.com,2072373111,,Not applicable,,,,2,Does not have a sixth form,Has Nursery Classes,3,11,2,No Special Classes,0,Not applicable,3,Mixed,,1,No boarders,15/01/2026,09/03/2026 00:00,E09000028,Southwark,E05011106,North Bermondsey,E14001085,Bermondsey and Old Southwark,UN1,Urban: Nearer to a major town or city,E09000028,534223,179425,E02000810,Southwark 004,E01033869,Southwark 004F,H,London,2,Church of England,Does not apply,CE36,Diocese of Southwark,4,Local authority maintained schools,0,Not applicable,,,Not under a federation,,,,0,Not applicable,,0,Not applicable,,Not applicable,,,Not applicable,,Not applicable,Not applicable,Not applicable,,,Not applicable
St John's and St Clement's Church of England Primary School,210,Southwark,999,,2,Primary,2,Voluntary aided school,Not applicable,Not applicable,1,Open,,0,Not applicable,,0,Not applicable,100830,10071434,3460,,400,206,194,420,64,16,,,,Yes,,,,,,,,,,,Resourced provision,10,10,,,Miss,Alli,Crank,Headteacher,2.00E+11,,,Adys Road,Peckham,,London,,SE15 4DY,,www.stjohnsandstclements.org,2075259210,,Not applicable,,,,2,Does not have a sixth form,No Nursery Classes,5,11,2,No Special Classes,0,Not applicable,3,Mixed,,1,No boarders,15/01/2026,29/6/2026 00:00:00,E09000028,Southwark,E05011103,Goose Green,E14001333,Lewisham West and East Dulwich,UN1,Urban: Nearer to a major town or city,E09000028,534049,175559,E02000831,Southwark 025,E01004065,Southwark 025D,H,London,2,Church of England,Does not apply,CE36,Diocese of Southwark,4,Local authority maintained schools,0,Not applicable,,,Not under a federation,,,,0,Not applicable,,0,Not applicable,,Not applicable,,,Not applicable,,Not applicable,Not applicable,Not applicable,,,Not applicable
St John's Walworth Church of England Primary School,210,Southwark,999,,2,Primary,2,Voluntary aided school,Not applicable,Not applicable,2,Closed,01/01/1900,0,Not applicable,31/08/2021,2,Closure,100831,10074722,3468,,144,66,78,210,60,41.7,,,,,,,,,,,,,,,Not applicable,,,,,Mr,Matthew,Velada-Billson,Headteacher,2.00E+11,,,Larcom Street,,,London,,SE17 1NQ,,,,,Not applicable,,,,2,Does not have a sixth form,No Nursery Classes,4,11,2,No Special Classes,0,Not applicable,3,Mixed,,1,No boarders,21/01/2021,31/8/2021 00:00:00,E09000028,Southwark,E05011107,North Walworth,E14000553,Bermondsey and Old Southwark,A1,(England/Wales) Urban major conurbation,E09000028,532297,178577,E02000818,Southwark 012,E01033876,Southwark 012H,H,London,2,Church of England,Does not apply,CE36,Diocese of Southwark,4,Local authority maintained schools,0,Not applicable,,,Not under a federation,,,,0,Not applicable,,0,Not applicable,,Not applicable,,,Not applicable,,Not applicable,Not applicable,Not applicable,,,Not applicable
St Joseph's Roman Catholic Primary School,210,Southwark,999,,2,Primary,2,Voluntary aided school,Not applicable,Not applicable,2,Closed,,0,Not applicable,30/11/2022,10,Academy Converter,100832,10071705,3475,,334,184,150,345,84,25.1,,,,,,,,,,,,,,,,,,,,Mr,Thomas,Hoyes,Headteacher,2.00E+11,,,George Row,Bermondsey,,London,,SE16 4UP,,,,,Not applicable,,,,2,Does not have a sixth form,Has Nursery Classes,3,11,2,No Special Classes,0,Not applicable,3,Mixed,,1,No boarders,20/01/2022,30/11/2022 00:00:00,E09000028,Southwark,E05011106,North Bermondsey,E14000553,Bermondsey and Old Southwark,A1,(England/Wales) Urban major conurbation,E09000028,534097,179619,E02000810,Southwark 004,E01004028,Southwark 004E,H,London,3,Roman Catholic,Does not apply,RC19,Archdiocese of Southwark,4,Local authority maintained schools,0,Not applicable,,,Not under a federation,,,,0,Not applicable,,0,Not applicable,,Not applicable,,,Not applicable,,Not applicable,Not applicable,Not applicable,,,Not applicable
St Joseph's Catholic Primary School,210,Southwark,999,,2,Primary,2,Voluntary aided school,Not applicable,Not applicable,2,Closed,01/01/1900,0,Not applicable,28/02/2025,10,Academy Converter,100833,10071704,3476,,225,111,114,210,57,25.7,,,,,,,,,,,,,,,,,,,,Mrs,Catherine,McLoughlin,Headteacher,2.00E+11,,,Gomm Road,Lower Road,Rotherhithe,London,,SE16 2TY,,,,,Not applicable,,,,2,Does not have a sixth form,Has Nursery Classes,3,11,2,No Special Classes,0,Not applicable,3,Mixed,,1,No boarders,16/01/2025,07/07/2025 00:00,E09000028,Southwark,E05011112,Rotherhithe,E14001085,Bermondsey and Old Southwark,A1,(England/Wales) Urban major conurbation,E09000028,535330,179141,E02000813,Southwark 007,E01004031,Southwark 007B,H,London,3,Roman Catholic,Does not apply,RC19,Archdiocese of Southwark,4,Local authority maintained schools,0,Not applicable,,,Not under a federation,,,,0,Not applicable,,0,Not applicable,,Not applicable,,,Not applicable,,Not applicable,Not applicable,Not applicable,,,Not applicable
"Saint Joseph's Catholic Primary School, the Borough",210,Southwark,999,,2,Primary,2,Voluntary aided school,Not applicable,Not applicable,1,Open,,0,Not applicable,,0,Not applicable,100834,10075798,3484,,175,79,96,225,90,51.4,,,,,,,,,,,,,,,Not applicable,,,,,Ms,Catherine,Fulton,Headteacher,2.00E+11,,,Little Dorrit Court,,Redcross Way,London,,SE1 1NJ,,www.saintjosephsborough.co.uk,2074072642,,Not applicable,,,,2,Does not have a sixth form,Has Nursery Classes,3,11,2,No Special Classes,4,Non-selective,3,Mixed,,1,No boarders,15/01/2026,29/6/2026 00:00:00,E09000028,Southwark,E05011095,Borough & Bankside,E14001085,Bermondsey and Old Southwark,UN1,Urban: Nearer to a major town or city,E09000028,532485,179893,E02000808,Southwark 002,E01003929,Southwark 002B,H,London,3,Roman Catholic,Does not apply,RC19,Archdiocese of Southwark,4,Local authority maintained schools,0,Not applicable,,,Not under a federation,,,,0,Not applicable,,0,Not applicable,,Not applicable,,,Not applicable,,Not applicable,Not applicable,Not applicable,,,Not applicable
St Jude's Church of England Primary School,210,Southwark,999,,2,Primary,2,Voluntary aided school,Not applicable,Not applicable,1,Open,,0,Not applicable,,0,Not applicable,100835,10071433,3492,,65,28,37,210,54,83.1,,,,,,,,,,,,,,,,,,,,,Casey,Penn,Headteacher,2.00E+11,,,Colnbrook Street,,,London,,SE1 6HA,,http://www.stjudessouthwark.co.uk,2079285484,,Not applicable,,,,2,Does not have a sixth form,Has Nursery Classes,3,11,2,No Special Classes,0,Not applicable,3,Mixed,,1,No boarders,15/01/2026,09/09/2026 00:00,E09000028,Southwark,E05011114,St George's,E14001085,Bermondsey and Old Southwark,UN1,Urban: Nearer to a major town or city,E09000028,531616,179248,E02006802,Southwark 034,E01003930,Southwark 034A,H,London,2,Church of England,Does not apply,CE36,Diocese of Southwark,4,Local authority maintained schools,0,Not applicable,,,Not under a federation,,,,0,Not applicable,,0,Not applicable,,Not applicable,,,Not applicable,,Not applicable,Not applicable,Not applicable,,,Not applicable
St Mary Magdalene Church of England Primary School,210,Southwark,999,,2,Primary,2,Voluntary aided school,Not applicable,Not applicable,2,Closed,01/01/1900,0,Not applicable,31/08/2025,2,Closure,100836,10074721,3508,,93,55,38,210,41,44.1,,,,,,,,,,,,,,,,,,,,Mrs,Anna,Harding,Headteacher,2.00E+11,,,48 Brayards Road,West Square,,London,,SE15 3RA,,,,,Not applicable,,,,2,Does not have a sixth form,Has Nursery Classes,3,11,2,No Special Classes,0,Not applicable,3,Mixed,,1,No boarders,16/01/2025,23/10/2025 00:00:00,E09000028,Southwark,E05011113,Rye Lane,E14001421,Peckham,UN1,Urban: Nearer to a major town or city,E09000028,534646,176177,E02000832,Southwark 026,E01004068,Southwark 026E,H,London,2,Church of England,Does not apply,CE36,Diocese of Southwark,4,Local authority maintained schools,0,Not applicable,,,Not under a federation,,,,0,Not applicable,,0,Not applicable,,Not applicable,,,Not applicable,,Not applicable,Not applicable,Not applicable,,,Not applicable
Peter Hills with St Mary's and St Paul's CofE Primary School,210,Southwark,999,,2,Primary,2,Voluntary aided school,Not applicable,Not applicable,1,Open,,0,Not applicable,,0,Not applicable,100837,10074023,3516,,84,42,42,210,43,51.2,,,,,,Yes,,,,,,,,,Resourced provision,10,10,,,Mrs,Casey,Penn,Headteacher,2.00E+11,,,2 Beatson Walk,Rotherhithe,,London,,SE16 5ED,,www.peterhillsschool.co.uk,2072372654,,Not applicable,,,,2,Does not have a sixth form,Has Nursery Classes,3,11,1,Has Special Classes,0,Not applicable,3,Mixed,,1,No boarders,15/01/2026,25/9/2026 00:00:00,E09000028,Southwark,E05011117,Surrey Docks,E14001085,Bermondsey and Old Southwark,UN1,Urban: Nearer to a major town or city,E09000028,535947,180402,E02000807,Southwark 001,E01004055,Southwark 001E,H,London,2,Church of England,Does not apply,CE36,Diocese of Southwark,4,Local authority maintained schools,0,Not applicable,,,Not under a federation,,,,0,Not applicable,,0,Not applicable,,Not applicable,,,Not applicable,,Not applicable,Not applicable,Not applicable,,,Not applicable
"St Paul's Church of England Primary School, Walworth",210,Southwark,999,,2,Primary,2,Voluntary aided school,Not applicable,Not applicable,2,Closed,01/01/1900,0,Not applicable,31/01/2019,6,For Academy,100838,10074022,3573,,258,129,129,315,59,23.1,,,,,,,,,,,,,,,,,,,,Mrs,Tracey,Crannitch,Headteacher,2.00E+11,,,Penrose Street,Walworth,,London,,SE17 3DT,,,,,Not applicable,,,,2,Does not have a sixth form,Has Nursery Classes,3,11,2,No Special Classes,0,Not applicable,3,Mixed,,1,No boarders,17/01/2019,28/10/2024 00:00:00,E09000028,Southwark,E05011105,Newington,E14000553,Bermondsey and Old Southwark,A1,(England/Wales) Urban major conurbation,E09000028,532078,178089,E02000818,Southwark 012,E01003994,Southwark 012E,H,London,2,Church of England,Does not apply,CE36,Diocese of Southwark,4,Local authority maintained schools,0,Not applicable,,,Not under a federation,,,,0,Not applicable,,0,Not applicable,,Not applicable,,,Not applicable,,Not applicable,Not applicable,Not applicable,,,Not applicable
St Peter's Church of England Primary School,210,Southwark,999,,2,Primary,2,Voluntary aided school,Not applicable,Not applicable,1,Open,,0,Not applicable,,0,Not applicable,100839,10074021,3586,,134,69,65,210,63,48.1,,,,,,,,,,,,,,,,,,,,Mrs,Casey,Penn,Headteacher,2.00E+11,,,Liverpool Grove,Walworth,,London,,SE17 2HH,,www.stpeterswalworth.co.uk,2077034881,,Not applicable,,,,2,Does not have a sixth form,Has Nursery Classes,3,11,2,No Special Classes,0,Not applicable,3,Mixed,,1,No boarders,15/01/2026,25/9/2026 00:00:00,E09000028,Southwark,E05011102,Faraday,E14001421,Peckham,UN1,Urban: Nearer to a major town or city,E09000028,532484,178081,E02000823,Southwark 017,E01003969,Southwark 017B,H,London,2,Church of England,Does not apply,CE36,Diocese of Southwark,4,Local authority maintained schools,0,Not applicable,,,Not under a federation,,,,0,Not applicable,,0,Not applicable,,Not applicable,,,Not applicable,,Not applicable,Not applicable,Not applicable,,,Not applicable
The Cathedral School of St Saviour and St Mary Overie,210,Southwark,999,,2,Primary,2,Voluntary aided school,Not applicable,Not applicable,1,Open,,0,Not applicable,,0,Not applicable,100840,10074020,3593,,217,106,111,210,44,20.3,,,,,,,,,,,,,,,,,,,,Mrs,Filiz,Scott,Headteacher,2.00E+11,,,Redcross Way,Southwark,,LONDON,,SE1 1HG,,https://www.thecathedralschool.co.uk,2074072600,,Not applicable,,,,2,Does not have a sixth form,Has Nursery Classes,3,11,2,No Special Classes,0,Not applicable,3,Mixed,,1,No boarders,15/01/2026,29/6/2026 00:00:00,E09000028,Southwark,E05011095,Borough & Bankside,E14001085,Bermondsey and Old Southwark,UN1,Urban: Nearer to a major town or city,E09000028,532389,179937,E02000808,Southwark 002,E01003929,Southwark 002B,H,London,2,Church of England,Does not apply,CE36,Diocese of Southwark,4,Local authority maintained schools,0,Not applicable,,,Not under a federation,,,,0,Not applicable,,0,Not applicable,,Not applicable,,,Not applicable,,Not applicable,Not applicable,Not applicable,,,Not applicable
St John's Roman Catholic Primary School,210,Southwark,999,,2,Primary,2,Voluntary aided school,Not applicable,Not applicable,1,Open,,0,Not applicable,,0,Not applicable,100841,10071703,3669,,240,125,115,240,68,28.6,,,,,,,,,,,,,,,,,,,,Ms,Emily,Phipps,Executive Headteacher,2.00E+11,,,St Elmo's Road,Rotherhithe,,London,,SE16 6SD,,www.stjohnsrotherhithe.co.uk/,2072521859,,Not applicable,,,,2,Does not have a sixth form,Has Nursery Classes,3,11,2,No Special Classes,0,Not applicable,3,Mixed,,1,No boarders,15/01/2026,18/9/2026 00:00:00,E09000028,Southwark,E05011117,Surrey Docks,E14001085,Bermondsey and Old Southwark,UN1,Urban: Nearer to a major town or city,E09000028,536038,179747,E02000814,Southwark 008,E01004057,Southwark 008B,H,London,3,Roman Catholic,Does not apply,RC19,Archdiocese of Southwark,4,Local authority maintained schools,0,Not applicable,,,Supported by a federation,16053,The Federation of St James the Great and St John's,,0,Not applicable,,0,Not applicable,,Not applicable,,,Not applicable,,Not applicable,Not applicable,Not applicable,,,Not applicable
Aylwin Girls' School,210,Southwark,999,,4,Secondary,1,Community school,Not applicable,Not applicable,2,Closed,,0,Not applicable,31/08/2006,6,For Academy,100842,,4009,,,,,900,,,,,,,,,,,,,,,,,,,,,,Mrs,Catharine,Loxton,Headteacher,,,,55 Southwark Park Road,,,London,,SE16 3TZ,,,,,Not applicable,,,,2,Does not have a sixth form,Not applicable,11,16,2,No Special Classes,4,Non-selective,2,Girls,,1,No boarders,,29/11/2019 00:00:00,E09000028,Southwark,E05011116,South Bermondsey,E14000553,Bermondsey and Old Southwark,A1,(England/Wales) Urban major conurbation,E09000028,534017,178910,E02000816,Southwark 010,E01003977,Southwark 010A,H,London,0,Does not apply,Does not apply,0,Not applicable,4,Local authority maintained schools,0,Not applicable,,,Not under a federation,,,,0,Not applicable,,0,Not applicable,,Not applicable,,,Not applicable,,Not applicable,Not applicable,Not applicable,,,Not applicable
Walworth School,210,Southwark,999,,4,Secondary,1,Community school,Not applicable,Not applicable,2,Closed,,0,Not applicable,31/08/2007,6,For Academy,100843,10007329,4215,,,,,1200,,,,,,,,,,,,,,,,,,,,,,Mr,Devon,Hanson,Principal,,,,Shorncliffe Road,,,London,,SE1 5UJ,,,,,Not applicable,,,,1,Has a sixth form,Not applicable,11,16,2,No Special Classes,4,Non-selective,3,Mixed,,1,No boarders,,29/11/2019 00:00:00,E09000028,Southwark,E05011102,Faraday,E14000553,Bermondsey and Old Southwark,A1,(England/Wales) Urban major conurbation,E09000028,533441,178209,E02000821,Southwark 015,E01003964,Southwark 015A,H,London,0,Does not apply,Does not apply,0,Not applicable,4,Local authority maintained schools,0,Not applicable,,,Not under a federation,,,,0,Not applicable,,0,Not applicable,,Not applicable,,,Not applicable,,Not applicable,Not applicable,Not applicable,,,Not applicable
Kingsdale Foundation School,210,Southwark,999,,4,Secondary,5,Foundation school,Not applicable,Not applicable,2,Closed,,0,Not applicable,31/10/2010,10,Academy Converter,100844,10003667,4265,,,,,1200,,,,,,,,,,,,,,,,,,,,,,Mr,S,Morrison,Headteacher,2.00E+11,,,Alleyn Park,Dulwich,,London,,SE21 8SQ,,,,,Not applicable,,,,1,Has a sixth form,Not applicable,11,18,2,No Special Classes,4,Non-selective,3,Mixed,,1,No boarders,,29/11/2019 00:00:00,E09000028,Southwark,E05011101,Dulwich Wood,E14000673,Dulwich and West Norwood,A1,(England/Wales) Urban major conurbation,E09000028,533216,172108,E02000839,Southwark 033,E01003946,Southwark 033B,H,London,6,None,Does not apply,0,Not applicable,4,Local authority maintained schools,2,Not supported by a trust,,,Not under a federation,,,,0,Not applicable,,0,Not applicable,,Not applicable,,,Not applicable,,Not applicable,Not applicable,Not applicable,,,Not applicable
Dulwich High School for Boys,210,Southwark,999,,4,Secondary,1,Community school,Not applicable,Not applicable,2,Closed,,0,Not applicable,07/01/1999,2,Closure,100845,,4281,,,,,,,,,,,,,,,,,,,,,,,,,,,,,,Headteacher,,,,Red Post Hill,,,London,,SE24 9JH,,,,,Not applicable,,,,0,Not applicable,Not applicable,11,16,2,No Special Classes,4,Non-selective,1,Boys,,1,No boarders,,29/11/2019 00:00:00,E09000028,Southwark,E05011097,Champion Hill,E14000615,Camberwell and Peckham,A1,(England/Wales) Urban major conurbation,E09000028,532849,174779,E02000833,Southwark 027,E01004048,Southwark 027C,H,London,0,Does not apply,Does not apply,0,Not applicable,4,Local authority maintained schools,0,Not applicable,,,Not under a federation,,,,0,Not applicable,,0,Not applicable,,Not applicable,,,Not applicable,,Not applicable,Not applicable,Not applicable,,,Not applicable
Waverley School,210,Southwark,999,,4,Secondary,1,Community school,Not applicable,Not applicable,2,Closed,,0,Not applicable,31/08/2006,6,For Academy,100846,,4303,,,,,900,,,,,,,,,,,,,,,,,,,,,,Ms,Lesley,Day,Headteacher,,,,Homestall Road,Southwark,,London,,SE22 0NR,,,,,Not applicable,,,,1,Has a sixth form,Not applicable,11,16,2,No Special Classes,4,Non-selective,2,Girls,,1,No boarders,,29/11/2019 00:00:00,E09000028,Southwark,E05011111,Peckham Rye,E14000615,Camberwell and Peckham,A1,(England/Wales) Urban major conurbation,E09000028,535230,174963,E02000835,Southwark 029,E01004020,Southwark 029D,H,London,0,Does not apply,Does not apply,0,Not applicable,4,Local authority maintained schools,0,Not applicable,,,Not under a federation,,,,0,Not applicable,,0,Not applicable,,Not applicable,,,Not applicable,,Not applicable,Not applicable,Not applicable,,,Not applicable
Geoffrey Chaucer Technology College,210,Southwark,999,,4,Secondary,1,Community school,Not applicable,Not applicable,2,Closed,,0,Not applicable,31/08/2008,6,For Academy,100847,10015305,4313,,,,,900,,,,,,,,,,,,,,,,,,,,,,Co Headteacher,G and P,Jones and Edwards,Headteacher,,,,Harper Road,,,London,,SE1 6AG,,,,,Not applicable,,,,2,Does not have a sixth form,Not applicable,11,16,2,No Special Classes,4,Non-selective,3,Mixed,,1,No boarders,,29/11/2019 00:00:00,E09000028,Southwark,E05011098,Chaucer,E14000553,Bermondsey and Old Southwark,A1,(England/Wales) Urban major conurbation,E09000028,532629,179134,E02000812,Southwark 006,E01003942,Southwark 006D,H,London,0,Does not apply,Does not apply,0,Not applicable,4,Local authority maintained schools,0,Not applicable,,,Not under a federation,,,,0,Not applicable,,0,Not applicable,,Not applicable,,,Not applicable,,Not applicable,Not applicable,Not applicable,,,Not applicable
Warwick Park School,210,Southwark,999,,4,Secondary,1,Community school,Not applicable,Not applicable,2,Closed,,0,Not applicable,31/08/2003,6,For Academy,100848,,4316,,,,,,,,,,,,,,,,,,,,,,,,,,,Mr,Peter,Crook,Headteacher,2.00E+11,,,Peckham Road,,,London,,SE15 5DZ,,,,,Not applicable,,,,2,Does not have a sixth form,Not applicable,11,16,2,No Special Classes,4,Non-selective,3,Mixed,,1,No boarders,,29/11/2019 00:00:00,E09000028,Southwark,E05011113,Rye Lane,E14000615,Camberwell and Peckham,A1,(England/Wales) Urban major conurbation,E09000028,533853,176621,E02000831,Southwark 025,E01004066,Southwark 025E,H,London,0,Does not apply,Does not apply,0,Not applicable,4,Local authority maintained schools,0,Not applicable,,,Not under a federation,,,,0,Not applicable,,0,Not applicable,,Not applicable,,,Not applicable,,Not applicable,Not applicable,Not applicable,,,Not applicable
St Saviour's and St Olave's Church of England School,210,Southwark,999,,4,Secondary,2,Voluntary aided school,Not applicable,Not applicable,1,Open,,0,Not applicable,,0,Not applicable,100849,10006256,4680,,620,0,620,825,264,53.4,,,,,,,,,,,,,,,Not applicable,,,,,Ms,Michelle,Ferguson,Headteacher,2.00E+11,,,New Kent Road,,,London,,SE1 4AN,,www.ssso.southwark.sch.uk,2074071843,,Not applicable,,,,1,Has a sixth form,No Nursery Classes,11,18,2,No Special Classes,4,Non-selective,2,Girls,,1,No boarders,15/01/2026,09/01/2026 00:00,E09000028,Southwark,E05011098,Chaucer,E14001085,Bermondsey and Old Southwark,UN1,Urban: Nearer to a major town or city,E09000028,532857,179036,E02000812,Southwark 006,E01003942,Southwark 006D,H,London,2,Church of England,Does not apply,CE36,Diocese of Southwark,4,Local authority maintained schools,0,Not applicable,,,Not under a federation,,,,0,Not applicable,,0,Not applicable,,Not applicable,,,Not applicable,,Not applicable,Not applicable,Not applicable,,,Not applicable
Archbishop Michael Ramsey Technology College,210,Southwark,999,,4,Secondary,2,Voluntary aided school,Not applicable,Not applicable,2,Closed,,0,Not applicable,31/08/2007,6,For Academy,100850,10000343,4725,,,,,927,,,,,,,,,,,,,,,,,,,,,,Mr,M,Morrall,Headteacher,2.00E+11,,,Farmers Road,Camberwell,,London,,SE5 0UB,,,,,Not applicable,,,,1,Has a sixth form,Not applicable,11,18,2,No Special Classes,4,Non-selective,3,Mixed,,1,No boarders,,29/11/2019 00:00:00,E09000028,Southwark,E05011096,Camberwell Green,E14000615,Camberwell and Peckham,A1,(England/Wales) Urban major conurbation,E09000028,532010,177196,E02000827,Southwark 021,E01003919,Southwark 021A,H,London,2,Church of England,Does not apply,CE36,Diocese of Southwark,4,Local authority maintained schools,0,Not applicable,,,Not under a federation,,,,0,Not applicable,,0,Not applicable,,Not applicable,,,Not applicable,,Not applicable,Not applicable,Not applicable,,,Not applicable
St Francesca Cabrini Primary School,210,Southwark,999,,2,Primary,2,Voluntary aided school,Not applicable,Not applicable,2,Closed,01/01/1900,99,,31/08/2023,2,Closure,100851,10071702,5200,,89,44,45,210,31,36.9,,,,,,,,,,,,,,,Not applicable,,,,,Mrs,Maria,Lawton-Quin,Headteacher,2.00E+11,,,Forest Hill Road,Honor Oak,,London,,SE23 3LE,,,,,Not applicable,,,,2,Does not have a sixth form,Has Nursery Classes,3,11,2,No Special Classes,0,Not applicable,3,Mixed,,1,No boarders,19/01/2023,21/2/2024 00:00:00,E09000028,Southwark,E05011111,Peckham Rye,E14000615,Camberwell and Peckham,A1,(England/Wales) Urban major conurbation,E09000028,535351,174032,E02000835,Southwark 029,E01004017,Southwark 029C,H,London,3,Roman Catholic,Does not apply,RC19,Archdiocese of Southwark,4,Local authority maintained schools,0,Not applicable,,,Not under a federation,,,,0,Not applicable,,0,Not applicable,,Not applicable,,,Not applicable,,Not applicable,Not applicable,Not applicable,,,Not applicable
St Anthony's Catholic Primary School,210,Southwark,999,,2,Primary,2,Voluntary aided school,Not applicable,Not applicable,2,Closed,,0,Not applicable,30/04/2024,10,Academy Converter,100852,10071701,5201,,437,217,220,450,117,26.8,,,,,,,,,,,,,,,,,,,,Mrs,Joanne,Hawthorne,Headteacher,2.00E+11,,,Etherow Street,Dulwich,,London,,SE22 0LA,,,,,Not applicable,,,,2,Does not have a sixth form,Has Nursery Classes,3,11,2,No Special Classes,0,Not applicable,3,Mixed,,1,No boarders,18/01/2024,07/08/2024 00:00,E09000028,Southwark,E05011099,Dulwich Hill,E14000673,Dulwich and West Norwood,A1,(England/Wales) Urban major conurbation,E09000028,534062,174062,E02000838,Southwark 032,E01003958,Southwark 032D,H,London,3,Roman Catholic,Does not apply,RC19,Archdiocese of Southwark,4,Local authority maintained schools,0,Not applicable,,,Not under a federation,,,,0,Not applicable,,0,Not applicable,,Not applicable,,,Not applicable,,Not applicable,Not applicable,Not applicable,,,Not applicable
St Joseph's Catholic Junior School,210,Southwark,999,,2,Primary,2,Voluntary aided school,Not applicable,Not applicable,1,Open,,0,Not applicable,,0,Not applicable,100853,10075797,5203,,209,101,108,240,106,50.7,,,,,,,,,,,,,,,Not applicable,,,,,Miss,Delia,Jameson,Head of School,2.00E+11,,,Pitman Street,Camberwell,,London,,SE5 0TS,,http://www.stjosephs.southwark.sch.uk,2077033455,,Not applicable,,,,2,Does not have a sixth form,No Nursery Classes,7,11,2,No Special Classes,4,Non-selective,3,Mixed,,1,No boarders,15/01/2026,29/6/2026 00:00:00,E09000028,Southwark,E05011096,Camberwell Green,E14001559,Vauxhall and Camberwell Green,UN1,Urban: Nearer to a major town or city,E09000028,532109,177303,E02000827,Southwark 021,E01003926,Southwark 021F,H,London,3,Roman Catholic,Does not apply,RC19,Archdiocese of Southwark,4,Local authority maintained schools,0,Not applicable,,,Supported by a federation,2006,St Joseph's Camberwell Catholic Schools' Federation,,0,Not applicable,,0,Not applicable,,Not applicable,,,Not applicable,,Not applicable,Not applicable,Not applicable,,,Not applicable
St Joseph's Catholic Infants School,210,Southwark,999,,2,Primary,2,Voluntary aided school,Not applicable,Not applicable,1,Open,,0,Not applicable,,0,Not applicable,100854,10079611,5204,,147,73,74,210,43,31.6,,,,,,,,,,,,,,,Not applicable,,,,,Ms,Delia,Jameson,Headteacher,2.00E+11,,,Pitman Street,Camberwell,,London,,SE5 0TS,,www.stjosephs.southwark.sch.uk/,2077039264,,Not applicable,,,,2,Does not have a sixth form,Has Nursery Classes,3,7,0,Not applicable,0,Not applicable,3,Mixed,,1,No boarders,15/01/2026,29/6/2026 00:00:00,E09000028,Southwark,E05011096,Camberwell Green,E14001559,Vauxhall and Camberwell Green,UN1,Urban: Nearer to a major town or city,E09000028,532109,177303,E02000827,Southwark 021,E01003926,Southwark 021F,H,London,3,Roman Catholic,Does not apply,RC19,Archdiocese of Southwark,4,Local authority maintained schools,0,Not applicable,,,Supported by a federation,2006,St Joseph's Camberwell Catholic Schools' Federation,,0,Not applicable,,0,Not applicable,,Not applicable,,,Not applicable,,Not applicable,Not applicable,Not applicable,,,Not applicable
Friars Primary Foundation School,210,Southwark,999,,2,Primary,5,Foundation school,Not applicable,Not applicable,1,Open,,0,Not applicable,,0,Not applicable,100855,10069598,5205,,194,101,93,210,81,43.8,,,,,,,,,,,,,,,,,,,,Miss,Joanna,Wratten,Headteacher,2.00E+11,,,Webber Street,Blackfriars,,London,,SE1 0RF,,https://friarsprimaryschool.com/,2072071807,,Not applicable,,,,2,Does not have a sixth form,Has Nursery Classes,3,11,2,No Special Classes,0,Not applicable,3,Mixed,,1,No boarders,15/01/2026,31/8/2026 00:00:00,E09000028,Southwark,E05011095,Borough & Bankside,E14001085,Bermondsey and Old Southwark,UN1,Urban: Nearer to a major town or city,E09000028,531739,179767,E02006802,Southwark 034,E01032583,Southwark 034D,H,London,6,None,Does not apply,0,Not applicable,4,Local authority maintained schools,2,Not supported by a trust,,,Not under a federation,,,,0,Not applicable,,0,Not applicable,,Not applicable,,,Not applicable,,Not applicable,Not applicable,Not applicable,,,Not applicable
Surrey Square School,210,Southwark,999,,2,Primary,5,Foundation school,Not applicable,Not applicable,2,Closed,,0,Not applicable,09/01/1997,0,Not applicable,100856,,5206,,,,,,,,,,,,,,,,,,,,,,,,,,,,,,Headteacher,,,,Surrey Square,Walworth,,London,,SE17 2JY,,,,,Not applicable,,,,0,Not applicable,Has Nursery Classes,3,11,2,No Special Classes,0,Not applicable,3,Mixed,,1,No boarders,,29/11/2019 00:00:00,E09000028,Southwark,E05011102,Faraday,E14000553,Bermondsey and Old Southwark,A1,(England/Wales) Urban major conurbation,E09000028,533192,178386,E02000821,Southwark 015,E01003964,Southwark 015A,H,London,6,None,Does not apply,0,Not applicable,4,Local authority maintained schools,2,Not supported by a trust,,,Not under a federation,,,,0,Not applicable,,0,Not applicable,,Not applicable,,,Not applicable,,Not applicable,Not applicable,Not applicable,,,Not applicable
The St Thomas the Apostle College,210,Southwark,999,,4,Secondary,2,Voluntary aided school,Not applicable,Not applicable,1,Open,,0,Not applicable,,0,Not applicable,100857,10016208,5402,,1140,1032,108,1000,385,46.4,,,,,,,,,,,,,,,,,,,,Mr,Eamon,Connolly,Headteacher,2.00E+11,,,Hollydale Road,Nunhead,,London,,SE15 2EB,,http://www.stac.uk.com/,2076390106,,Not applicable,,,,1,Has a sixth form,No Nursery Classes,11,18,2,No Special Classes,4,Non-selective,1,Boys,,1,No boarders,15/01/2026,09/02/2026 00:00,E09000028,Southwark,E05011108,Nunhead & Queen's Road,E14001421,Peckham,UN1,Urban: Nearer to a major town or city,E09000028,535096,176433,E02000829,Southwark 023,E01004004,Southwark 023C,H,London,3,Roman Catholic,Does not apply,RC19,Archdiocese of Southwark,4,Local authority maintained schools,0,Not applicable,,,Not under a federation,,,,0,Not applicable,,0,Not applicable,,Not applicable,,,Not applicable,,Not applicable,Not applicable,Not applicable,,,Not applicable
St Michael's Catholic College,210,Southwark,999,,4,Secondary,2,Voluntary aided school,Not applicable,Not applicable,2,Closed,,0,Not applicable,11/01/2012,10,Academy Converter,100858,10013573,5403,,,,,750,,,,,,,,,,,,,,,,,,,,,,Mrs,Grainne,Grabowski,Headteacher,,,,Llewellyn Street,Bermondsey,,London,,SE16 4UN,,,,,Not applicable,,,,1,Has a sixth form,No Nursery Classes,11,18,2,No Special Classes,4,Non-selective,3,Mixed,,1,No boarders,,29/11/2019 00:00:00,E09000028,Southwark,E05011106,North Bermondsey,E14000553,Bermondsey and Old Southwark,A1,(England/Wales) Urban major conurbation,E09000028,534205,179715,E02000810,Southwark 004,E01004028,Southwark 004E,H,London,3,Roman Catholic,Does not apply,RC19,Archdiocese of Southwark,4,Local authority maintained schools,0,Not applicable,,,Not under a federation,,,,0,Not applicable,,0,Not applicable,,Not applicable,,,Not applicable,,Not applicable,Not applicable,Not applicable,,,Not applicable
Notre Dame Roman Catholic Girls' School,210,Southwark,999,,4,Secondary,2,Voluntary aided school,Not applicable,Not applicable,2,Closed,,0,Not applicable,30/11/2022,10,Academy Converter,100859,10016723,5404,,532,0,532,620,181,34,,,,,,,,,,,,,,,,,,,,Sister,Anne Marie,Niblock,Headteacher,2.00E+11,,,118 St George's Road,,,London,,SE1 6EX,,,,,Not applicable,,,,2,Does not have a sixth form,No Nursery Classes,11,16,2,No Special Classes,4,Non-selective,2,Girls,,1,No boarders,20/01/2022,30/11/2022 00:00:00,E09000028,Southwark,E05011114,St George's,E14000553,Bermondsey and Old Southwark,A1,(England/Wales) Urban major conurbation,E09000028,531562,179260,E02006802,Southwark 034,E01003930,Southwark 034A,H,London,3,Roman Catholic,Does not apply,RC19,Archdiocese of Southwark,4,Local authority maintained schools,0,Not applicable,,,Not under a federation,,,,0,Not applicable,,0,Not applicable,,Not applicable,,,Not applicable,,Not applicable,Not applicable,Not applicable,,,Not applicable
Sacred Heart Roman Catholic Secondary School,210,Southwark,999,,4,Secondary,2,Voluntary aided school,Not applicable,Not applicable,2,Closed,,0,Not applicable,11/01/2012,10,Academy Converter,100860,10010937,5405,,,,,750,,,,,,,,Yes,,,,,,,,,,,,,,Mr,Serge,Cefai,Headteacher,,,,Camberwell New Road,,,London,,SE5 0RP,,,,,Not applicable,,,,1,Has a sixth form,No Nursery Classes,11,18,1,Has Special Classes,4,Non-selective,3,Mixed,,1,No boarders,,29/11/2019 00:00:00,E09000028,Southwark,E05011096,Camberwell Green,E14000615,Camberwell and Peckham,A1,(England/Wales) Urban major conurbation,E09000028,532238,176847,E02000827,Southwark 021,E01003919,Southwark 021A,H,London,3,Roman Catholic,Does not apply,RC19,Archdiocese of Southwark,4,Local authority maintained schools,0,Not applicable,,,Not under a federation,,,,0,Not applicable,,0,Not applicable,,Not applicable,,,Not applicable,,Not applicable,Not applicable,Not applicable,,,Not applicable
Dulwich College,210,Southwark,999,,0,Not applicable,11,Other independent school,Not applicable,Not approved,1,Open,01/01/1908,0,Not applicable,,0,Not applicable,100861,10015447,6000,,1923,1855,68,1950,,,4,387,,,,,,,,,,,,,,,,,,Mr,Robert,Milne,Master,2.00E+11,Dulwich College Trust,,Dulwich Common,Dulwich,,London,,SE21 7LD,,www.dulwich.org.uk,2086933601,ISI,Not applicable,,,,1,Has a sixth form,Has Nursery Classes,0,19,2,No Special Classes,0,Not applicable,3,Mixed,Has boarders,3,Boarding school,18/01/2024,24/9/2026 00:00:00,E09000028,Southwark,E05011101,Dulwich Wood,E14001205,Dulwich and West Norwood,UN1,Urban: Nearer to a major town or city,E09000028,533191,172993,E02000839,Southwark 033,E01003951,Southwark 033E,H,London,6,None,None,0,Not applicable,3,Independent schools,0,Not applicable,,,Not applicable,,,,0,Not applicable,,0,Not applicable,,Not applicable,,,Not applicable,,Not applicable,Not applicable,Not applicable,,,Not applicable
Dulwich Prep & Senior,210,Southwark,999,,0,Not applicable,11,Other independent school,Not applicable,Not approved,1,Open,01/01/1920,0,Not applicable,,0,Not applicable,100862,10015655,6001,,808,786,22,999,,,4,291,,,,,,,,,,,,,,,,,,Miss,Louise,Davidson,Headteacher,2.00E+11,Dulwich Prep and Senior,,38-42 ALLEYN PARK,LONDON,,,,SE21 7AA,,www.dulwichprepsenior.org.uk,2087665500,ISI,Not applicable,,,,2,Does not have a sixth form,Has Nursery Classes,2,16,2,No Special Classes,2,Selective,1,Boys,Has boarders,3,Boarding school,18/01/2024,23/9/2026 00:00:00,E09000028,Southwark,E05011101,Dulwich Wood,E14001205,Dulwich and West Norwood,UN1,Urban: Nearer to a major town or city,E09000028,533196,172317,E02000839,Southwark 033,E01003946,Southwark 033B,H,London,6,None,None,0,Not applicable,3,Independent schools,0,Not applicable,,,Not applicable,,,,0,Not applicable,,0,Not applicable,,Not applicable,,,Not applicable,,Not applicable,Not applicable,Not applicable,,,Not applicable
James Allen's Girls' School,210,Southwark,999,,0,Not applicable,11,Other independent school,Not applicable,Not approved,1,Open,01/01/1907,0,Not applicable,,0,Not applicable,100863,10008297,6002,,1223,0,1223,1265,,,1,216,,,,,,,,,,,,,,,,,,Mrs,Alex,Hutchinson,Headteacher,2.00E+11,The Governors of James Allens,,East Dulwich Grove,,,London,,SE22 8TE,,www.jags.org.uk,2086931181,ISI,Not applicable,,,,1,Has a sixth form,No Nursery Classes,4,18,2,No Special Classes,0,Not applicable,2,Girls,Does not have boarders,1,No boarders,18/01/2024,23/7/2026 00:00:00,E09000028,Southwark,E05011100,Dulwich Village,E14001205,Dulwich and West Norwood,UN1,Urban: Nearer to a major town or city,E09000028,533103,174616,E02000837,Southwark 031,E01004070,Southwark 031B,H,London,6,None,Church of England,0,Not applicable,3,Independent schools,0,Not applicable,,,Not applicable,,,,0,Not applicable,,0,Not applicable,,Not applicable,,,Not applicable,,Not applicable,Not applicable,Not applicable,,,Not applicable
Alleyn's School,210,Southwark,999,,0,Not applicable,11,Other independent school,Not applicable,Not approved,1,Open,30/09/1980,0,Not applicable,,0,Not applicable,100864,10008065,6312,,1453,689,764,1475,,,0,345,,,,,,,,,,,,,,,,,,Mrs,Jane,Lunnon,Headteacher,2.00E+11,Alleyn's School,,Townley Road,Dulwich,Greater London,London,,SE22 8SU,,www.alleyns.org.uk,2085571500,ISI,Not applicable,,,,1,Has a sixth form,No Nursery Classes,4,18,2,No Special Classes,2,Selective,3,Mixed,Does not have boarders,1,No boarders,18/01/2024,23/7/2026 00:00:00,E09000028,Southwark,E05011103,Goose Green,E14001333,Lewisham West and East Dulwich,UN1,Urban: Nearer to a major town or city,E09000028,533359,174611,E02000836,Southwark 030,E01004072,Southwark 030E,H,London,6,None,Church of England,0,Not applicable,3,Independent schools,0,Not applicable,,,Not applicable,,,,0,Not applicable,,0,Not applicable,,Not applicable,,,Not applicable,,Not applicable,Not applicable,Not applicable,,,Not applicable
Highway Christian School,210,Southwark,999,,0,Not applicable,11,Other independent school,Not applicable,Not approved,2,Closed,,0,Not applicable,27/04/1999,0,Not applicable,100865,,6325,,,,,,,,,,,,,,,,,,,,,,,,,,,Pastor,,Aniereobi,Headteacher,,,,Union Chapel,255 Tooley Street,,London,,SE1 2LA,,,,,Not applicable,,,,0,Not applicable,Not applicable,4,11,2,No Special Classes,4,Non-selective,3,Mixed,,1,No boarders,,29/11/2019 00:00:00,E09000028,Southwark,E05011106,North Bermondsey,E14000553,Bermondsey and Old Southwark,A1,(England/Wales) Urban major conurbation,E09000028,533726,179769,E02000809,Southwark 003,E01032637,Southwark 035E,H,London,6,None,Roman Catholic,0,Not applicable,3,Independent schools,0,Not applicable,,,Not applicable,,,,0,Not applicable,,0,Not applicable,,Not applicable,,,Not applicable,,Not applicable,Not applicable,Not applicable,,,Not applicable
Herne Hill School,210,Southwark,999,,0,Not applicable,11,Other independent school,Not applicable,Not approved,1,Open,17/02/1989,0,Not applicable,,0,Not applicable,100866,10080808,6375,,304,152,152,430,,,7,39,,,,,,,,,,,,,,,,,,Mrs,Ngaire,Telford,Headteacher,10013530623,Dominik Magyar,,127 Herne Hill,Herne Hill,,London,,SE24 9LY,,www.hernehillschool.co.uk,2072746336,ISI,Not applicable,,,,2,Does not have a sixth form,Has Nursery Classes,2,7,2,No Special Classes,0,Not applicable,3,Mixed,Does not have boarders,1,No boarders,18/01/2024,22/9/2026 00:00:00,E09000028,Southwark,E05011100,Dulwich Village,E14001205,Dulwich and West Norwood,UN1,Urban: Nearer to a major town or city,E09000028,532186,174572,E02000837,Southwark 031,E01004074,Southwark 031D,H,London,6,None,None,0,Not applicable,3,Independent schools,0,Not applicable,,,Not applicable,,,,0,Not applicable,,0,Not applicable,,Not applicable,,,Not applicable,,Not applicable,Not applicable,Not applicable,,,Not applicable
Alpha Community School At Springfield Methodist Church,210,Southwark,999,,0,Not applicable,11,Other independent school,Not applicable,Not approved,2,Closed,07/06/1989,0,Not applicable,28/11/1997,0,Not applicable,100867,,6376,,,,,,,,,,,,,,,,,,,,,,,,,,,,,,Headteacher,,,,Wandsworth Road,South Lambeth,,London,,SW8 2JU,,,,,Not applicable,,,,0,Not applicable,Not applicable,4,11,2,No Special Classes,4,Non-selective,3,Mixed,,1,No boarders,,07/09/2019 00:00,E09000022,Lambeth,E05000429,Stockwell,E14001008,Vauxhall,A1,(England/Wales) Urban major conurbation,E09000028,529879,176879,E02000621,Lambeth 004,E01003122,Lambeth 004D,H,London,6,None,Roman Catholic,0,Not applicable,3,Independent schools,0,Not applicable,,,Not applicable,,,,0,Not applicable,,0,Not applicable,,Not applicable,,,Not applicable,,Not applicable,Not applicable,Not applicable,,,Not applicable
Hope Primary School,210,Southwark,999,,0,Not applicable,11,Other independent school,Not applicable,Not approved,2,Closed,21/01/1992,0,Not applicable,26/07/2006,2,Closure,100868,,6383,,,,,49,,,0,13,,,,,,,,,,,,,,,,,,Ms,S,Stone,Headteacher,,Hope Primary School,,Wells Way Church Hall,Wells Way,Camberwell,London,,SE5 7SY,,,,,Not applicable,,,,0,Not applicable,Not applicable,5,10,2,No Special Classes,4,Non-selective,3,Mixed,,1,No boarders,,29/11/2019 00:00:00,E09000028,Southwark,E05011115,St Giles,E14000615,Camberwell and Peckham,A1,(England/Wales) Urban major conurbation,E09000028,533027,177290,E02000826,Southwark 020,E01003916,Southwark 020B,H,London,6,None,Christian,0,Not applicable,3,Independent schools,0,Not applicable,,,Not applicable,,,,0,Not applicable,,0,Not applicable,,Not applicable,,,Not applicable,,Not applicable,Not applicable,Not applicable,,,Not applicable
Southwark Small School,210,Southwark,999,,0,Not applicable,11,Other independent school,Not applicable,Not approved,2,Closed,,0,Not applicable,05/01/1998,0,Not applicable,100869,,6385,,,,,,,,,,,,,,,,,,,,,,,,,,,,,,Headteacher,,,,14 Derwent Grove,East Dulwich,,London,,SE22 8EA,,,,,Not applicable,,,,0,Not applicable,Not applicable,3,11,2,No Special Classes,4,Non-selective,3,Mixed,,1,No boarders,,29/11/2019 00:00:00,E09000028,Southwark,E05011103,Goose Green,E14000673,Dulwich and West Norwood,A1,(England/Wales) Urban major conurbation,E09000028,533552,175275,E02000834,Southwark 028,E01003953,Southwark 028A,H,London,6,None,None,0,Not applicable,3,Independent schools,0,Not applicable,,,Not applicable,,,,0,Not applicable,,0,Not applicable,,Not applicable,,,Not applicable,,Not applicable,Not applicable,Not applicable,,,Not applicable
Chrysolyte Independent Christian School,210,Southwark,999,,0,Not applicable,11,Other independent school,Not applicable,Not approved,2,Closed,20/02/1995,0,Not applicable,17/09/2014,2,Closure,100870,,6386,,,,,125,,,2,4,,,,,,,,,,,,,,,,,,Mrs,Raliat,Ikiebe,Headteacher,10000811707,Mrs Raliat Ikiebe,,Bethel House,Lansdowne Place,,London,,SE1 4XH,,,,Bridge Schools' Inspectorate,Not applicable,,,,2,Does not have a sixth form,Has Nursery Classes,2,14,2,No Special Classes,4,Non-selective,3,Mixed,,1,No boarders,,29/11/2019 00:00:00,E09000028,Southwark,E05011098,Chaucer,E14000553,Bermondsey and Old Southwark,A1,(England/Wales) Urban major conurbation,E09000028,532913,179245,E02000812,Southwark 006,E01003940,Southwark 006B,H,London,6,None,Christian,0,Not applicable,3,Independent schools,0,Not applicable,,,Not applicable,,,,0,Not applicable,,0,Not applicable,,Not applicable,,,Not applicable,,Not applicable,Not applicable,Not applicable,,,Not applicable
Bacon's College,210,Southwark,999,,0,Not applicable,6,City technology college,Not applicable,Not applicable,2,Closed,15/11/1991,0,Not applicable,31/08/2007,6,For Academy,100871,10017069,6900,,,,,,,,,,,,,,,,,,,,,,,,,,,Mr,T,Perry,Headteacher,,Bacons CTC,,Timber Pond Road,Rotherhithe,,London,,SE16 6AT,,,,,Not applicable,,,,1,Has a sixth form,Not applicable,10,19,2,No Special Classes,4,Non-selective,3,Mixed,,1,No boarders,,29/11/2019 00:00:00,E09000028,Southwark,E05011112,Rotherhithe,E14000553,Bermondsey and Old Southwark,A1,(England/Wales) Urban major conurbation,E09000028,536060,179931,E02000807,Southwark 001,E01004053,Southwark 001C,H,London,6,None,Does not apply,0,Not applicable,3,Independent schools,0,Not applicable,,,Not applicable,,,,0,Not applicable,,0,Not applicable,,Not applicable,,,Not applicable,,Not applicable,Not applicable,Not applicable,,,Not applicable
Highshore School,210,Southwark,999,,0,Not applicable,7,Community special school,Not applicable,Not applicable,1,Open,,0,Not applicable,,0,Not applicable,100872,10015744,7007,,163,98,65,165,76,71.7,,,Yes,Yes,Yes,Yes,,Yes,Yes,Yes,Yes,Yes,Yes,Yes,Not applicable,,,,,Dr,Evelina,Dimopoulou,Headteacher,10091664698,,,135 Farmers Road,Camberwell,,London,,SE5 0TW,,www.highshore.southwark.sch.uk,2077086790,,Not applicable,,,,1,Has a sixth form,Not applicable,11,19,1,Has Special Classes,0,Not applicable,3,Mixed,,1,No boarders,15/01/2026,29/6/2026 00:00:00,E09000028,Southwark,E05011096,Camberwell Green,E14001559,Vauxhall and Camberwell Green,UN1,Urban: Nearer to a major town or city,E09000028,531952,177212,E02000827,Southwark 021,E01003926,Southwark 021F,H,London,0,Does not apply,Does not apply,0,Not applicable,5,Special schools,0,Not applicable,,,Not under a federation,,,,0,Not applicable,,0,Not applicable,,Not applicable,,,Not applicable,,Not applicable,Not applicable,Not applicable,,,Not applicable
Spa School,210,Southwark,999,,0,Not applicable,7,Community special school,Not applicable,Not applicable,2,Closed,,0,Not applicable,31/08/2018,10,Academy Converter,100873,10017673,7048,,97,79,18,100,29,45.3,,,,,,Yes,,,,,,,,,,,,,,Mr,Simon,Eccles,Headteacher,2.00E+11,,,Monnow Road,,,London,,SE1 5RN,,,,,Not applicable,,,,1,Has a sixth form,Not applicable,11,19,1,Has Special Classes,0,Not applicable,3,Mixed,,1,No boarders,18/01/2018,29/11/2019 00:00:00,E09000028,Southwark,E05011116,South Bermondsey,E14000553,Bermondsey and Old Southwark,A1,(England/Wales) Urban major conurbation,E09000028,534252,178747,E02000816,Southwark 010,E01004043,Southwark 010E,H,London,0,Does not apply,Does not apply,0,Not applicable,5,Special schools,0,Not applicable,,,Not under a federation,,,,0,Not applicable,,0,Not applicable,,Not applicable,,,Not applicable,,Not applicable,Not applicable,Not applicable,,,Not applicable
Newlands School,210,Southwark,999,,0,Not applicable,7,Community special school,Not applicable,Not applicable,2,Closed,,0,Not applicable,31/08/2013,10,Academy Converter,100874,10015141,7064,,,,,70,,,,,,,,,Yes,,,,,,,,,,,,,Mr,A,Ramsey,Headteacher,,,,Stuart Road,Peckham Rye,,London,,SE15 3AZ,,,,,Not applicable,,,,0,Not applicable,Not applicable,11,16,1,Has Special Classes,0,Not applicable,1,Boys,,1,No boarders,,29/11/2019 00:00:00,E09000028,Southwark,E05011111,Peckham Rye,E14000615,Camberwell and Peckham,A1,(England/Wales) Urban major conurbation,E09000028,535594,175114,E02000835,Southwark 029,E01004016,Southwark 029B,H,London,0,Does not apply,Does not apply,0,Not applicable,5,Special schools,0,Not applicable,,,Not under a federation,,,,0,Not applicable,,0,Not applicable,,Not applicable,,,Not applicable,,Not applicable,Not applicable,Not applicable,,,Not applicable
Evelina Hospital School,210,Southwark,999,,0,Not applicable,7,Community special school,Not applicable,Not applicable,1,Open,,0,Not applicable,,0,Not applicable,100875,10017014,7066,,117,56,61,,,,,,,,,,,,,,,,,,,,,,,Mr,Andrew,Baldock,Headteacher,2.00E+11,,,Westminster Bridge Road,St Thomas' Hospital,,London,,SE1 7EH,,www.evelina.southwark.sch.uk,2071882267,,Not applicable,,,,1,Has a sixth form,Has Nursery Classes,2,19,1,Has Special Classes,0,Not applicable,3,Mixed,,1,No boarders,15/01/2026,09/02/2026 00:00,E09000022,Lambeth,E05014118,Waterloo & South Bank,E14001559,Vauxhall and Camberwell Green,UN1,Urban: Nearer to a major town or city,E09000028,530620,179339,E02006801,Lambeth 036,E01003013,Lambeth 036A,H,London,0,Does not apply,Does not apply,0,Not applicable,5,Special schools,0,Not applicable,,,Not under a federation,,,,0,Not applicable,,0,Not applicable,,Not applicable,,,Not applicable,,Not applicable,Not applicable,Not applicable,,,Not applicable
Maudsley and Bethlem Hospital School,210,Southwark,999,,0,Not applicable,7,Community special school,Not applicable,Not applicable,2,Closed,,0,Not applicable,31/08/2025,10,Academy Converter,100876,10014853,7073,,45,16,29,,,,,,,,,,Yes,,,,,,,,Not applicable,,,,,Mr,Maarten,Crommelin,Headteacher,2.00E+11,,,"1st Floor, Mapother House, Maudsley Hospital",De Crespigny Park,Camberwell,London,,SE5 8AZ,United Kingdom,,,,Not applicable,,,,1,Has a sixth form,Not applicable,4,19,1,Has Special Classes,0,Not applicable,3,Mixed,,1,No boarders,16/01/2025,16/9/2025 00:00:00,E09000028,Southwark,E05011115,St Giles,E14001421,Peckham,UN1,Urban: Nearer to a major town or city,E09000028,532680,176269,E02000830,Southwark 024,E01003913,Southwark 024A,H,London,0,Does not apply,Does not apply,0,Not applicable,5,Special schools,0,Not applicable,,,Not under a federation,,,,0,Not applicable,,0,Not applicable,,Not applicable,,,Not applicable,,Not applicable,Not applicable,Not applicable,,,Not applicable
Dromenagh School,210,Southwark,999,,0,Not applicable,7,Community special school,Not applicable,Not applicable,2,Closed,,0,Not applicable,09/01/1996,0,Not applicable,100877,,7089,,,,,,,,,,,,,,,,,,,,,,,,,,,,,,Headteacher,10003235954,,,Seven Hills Road,Iver Heath,,Iver,Buckinghamshire,SL0 0PA,,,,,Not applicable,,,,0,Not applicable,Not applicable,7,12,1,Has Special Classes,0,Not applicable,1,Boys,,1,No boarders,,29/11/2019 00:00:00,E07000006,South Bucks,E05010576,Iver Heath,E14000550,Beaconsfield,F1,(England/Wales) Rural hamlet and isolated dwellings,E09000028,502847,184606,E02003695,Buckinghamshire 067,E01017824,Buckinghamshire 067A,H,London,0,Does not apply,Does not apply,0,Not applicable,5,Special schools,0,Not applicable,,,Not under a federation,,,,0,Not applicable,,0,Not applicable,,Not applicable,,,Not applicable,,Not applicable,Not applicable,Not applicable,,,Not applicable
Haymerle School,210,Southwark,999,,0,Not applicable,7,Community special school,Not applicable,Not applicable,1,Open,,0,Not applicable,,0,Not applicable,100878,10077049,7126,,77,52,25,77,58,75.3,,,,,,Yes,,,,,,,,,Not applicable,,,,,Mr,Nathan,Taylor,Headteacher,2.00E+11,,,Haymerle Road,,,London,,SE15 6SY,,www.haymerle.southwark.sch.uk,2076396080,,Not applicable,,,,0,Not applicable,No Nursery Classes,5,11,1,Has Special Classes,0,Not applicable,3,Mixed,,1,No boarders,15/01/2026,09/09/2026 00:00,E09000028,Southwark,E05011109,Old Kent Road,E14001421,Peckham,UN1,Urban: Nearer to a major town or city,E09000028,534130,177566,E02000824,Southwark 018,E01003990,Southwark 018D,H,London,0,Does not apply,Does not apply,0,Not applicable,5,Special schools,0,Not applicable,,,Not under a federation,,,,0,Not applicable,,0,Not applicable,,Not applicable,,,Not applicable,,Not applicable,Not applicable,Not applicable,,,Not applicable
Beormund Primary School,210,Southwark,999,,0,Not applicable,7,Community special school,Not applicable,Not applicable,1,Open,,0,Not applicable,,0,Not applicable,100879,10077048,7167,,37,30,7,,26,70.3,,,,,,,Yes,,,,,,,,,,,,,Mrs,Lisa,Noel,Headteacher,2.00E+11,,,Crosby Row,Long Lane,,London,,SE1 3PS,,www.beormundschool.co.uk,2075259027,,Not applicable,,,,0,Not applicable,Not applicable,5,11,1,Has Special Classes,0,Not applicable,3,Mixed,,1,No boarders,15/01/2026,29/6/2026 00:00:00,E09000028,Southwark,E05011104,London Bridge & West Bermondsey,E14001085,Bermondsey and Old Southwark,UN1,Urban: Nearer to a major town or city,E09000028,532777,179711,E02000812,Southwark 006,E01003981,Southwark 006F,H,London,0,Does not apply,Does not apply,0,Not applicable,5,Special schools,0,Not applicable,,,Not under a federation,,,,0,Not applicable,,0,Not applicable,,Not applicable,,,Not applicable,,Not applicable,Not applicable,Not applicable,,,Not applicable
Tuke School,210,Southwark,999,,0,Not applicable,7,Community special school,Not applicable,Not applicable,1,Open,,0,Not applicable,,0,Not applicable,100880,10015953,7174,,102,74,28,90,41,67.2,,,,,,Yes,,Yes,,,Yes,Yes,,,Not applicable,,,,,Ms,Heidi,Tully,Headteacher,10090284182,,,Daniel Gardens,Peckham,,London,,SE15 6ER,,http://www.tukeschool.co.uk/,2075258002,,Not applicable,,,,1,Has a sixth form,Not applicable,11,19,1,Has Special Classes,0,Not applicable,3,Mixed,,1,No boarders,15/01/2026,29/6/2026 00:00:00,E09000028,Southwark,E05011110,Peckham,E14001421,Peckham,UN1,Urban: Nearer to a major town or city,E09000028,533550,177449,E02000825,Southwark 019,E01004012,Southwark 019C,H,London,0,Does not apply,Does not apply,0,Not applicable,5,Special schools,0,Not applicable,,,Not under a federation,,,,0,Not applicable,,0,Not applicable,,Not applicable,,,Not applicable,,Not applicable,Not applicable,Not applicable,,,Not applicable
Cherry Garden School,210,Southwark,999,,0,Not applicable,7,Community special school,Not applicable,Not applicable,1,Open,,0,Not applicable,,0,Not applicable,100881,10077047,7186,,112,64,48,113,67,60.9,,,Yes,Yes,Yes,Yes,,Yes,Yes,,Yes,Yes,Yes,,Not applicable,,,,,Ms,Kelly,Hawker,Headteacher,10094085846,,,41 Bellenden Road,,,London,,SE15 5BB,United Kingdom,https://www.cherrygardenschool.co.uk/,2072374050,,Not applicable,,,,0,Not applicable,Has Nursery Classes,2,11,1,Has Special Classes,0,Not applicable,3,Mixed,,1,No boarders,15/01/2026,09/02/2026 00:00,E09000028,Southwark,E05011113,Rye Lane,E14001421,Peckham,UN1,Urban: Nearer to a major town or city,E09000028,533976,176559,E02000828,Southwark 022,E01004067,Southwark 022E,H,London,0,Does not apply,Does not apply,0,Not applicable,5,Special schools,0,Not applicable,,,Not under a federation,,,,0,Not applicable,,0,Not applicable,,Not applicable,,,Not applicable,,Not applicable,Not applicable,Not applicable,,,Not applicable
Childrens House Nursery School,211,Tower Hamlets,999,,1,Nursery,15,Local authority nursery school,Not applicable,Not applicable,1,Open,,0,Not applicable,,0,Not applicable,100882,,1012,,145,74,71,,2,5.9,,,,Yes,,,,,,,,,,,Resourced provision,6,12,,,Mr,Gary,Palmer,Headteacher,6071074,,,92 Bruce Road,Bow,,London,,E3 3HL,,opchfederation.co.uk,2089804662,,Not applicable,,,,0,Not applicable,Has Nursery Classes,2,5,0,Not applicable,4,Non-selective,3,Mixed,,1,No boarders,15/01/2026,29/6/2026 00:00:00,E09000030,Tower Hamlets,E05009321,Bromley North,E14001525,Stratford and Bow,UN1,Urban: Nearer to a major town or city,E09000030,537629,182680,E02000871,Tower Hamlets 008,E01004236,Tower Hamlets 008B,H,London,0,Does not apply,Does not apply,0,Not applicable,4,Local authority maintained schools,0,Not applicable,,,Supported by a federation,17859,Old Palace Primary School and Children's House Nursery School Federation,,0,Not applicable,,0,Not applicable,,Not applicable,,,Not applicable,,Not applicable,Not applicable,Not applicable,,,Not applicable
Elizabeth Landsbury Nursery School,211,Tower Hamlets,999,,1,Nursery,15,Local authority nursery school,Not applicable,Not applicable,2,Closed,,0,Not applicable,31/03/2002,5,Close Nursery School,100883,,1013,,,,,,,,,,,,,,,,,,,,,,,,,,,Mrs,Frances,Wimpress,Headteacher,6007611,,,Cordelia Street,Poplar,,London,,E14 6DZ,,,,,Not applicable,,,,0,Not applicable,Not applicable,3,5,0,Not applicable,0,Not applicable,3,Mixed,,1,No boarders,,14/11/2018 00:00:00,E09000030,Tower Hamlets,E05009325,Lansbury,E14000882,Poplar and Limehouse,A1,(England/Wales) Urban major conurbation,E09000030,537693,181255,E02000883,Tower Hamlets 020,E01004244,Tower Hamlets 020B,H,London,0,Does not apply,Does not apply,0,Not applicable,4,Local authority maintained schools,0,Not applicable,,,Not under a federation,,,,0,Not applicable,,0,Not applicable,,Not applicable,,,Not applicable,,Not applicable,Not applicable,Not applicable,,,Not applicable
Columbia Market Nursery School,211,Tower Hamlets,999,,1,Nursery,15,Local authority nursery school,Not applicable,Not applicable,1,Open,,0,Not applicable,,0,Not applicable,100884,,1024,,56,40,16,,2,9.5,,,,,,,,,,,,,,,,,,,,Headteacher,Kim,Waters,Executive Headteacher,6005101,,,Columbia Road,Bethnal Green,,London,,E2 7PG,,www.columbiamarket.towerhamlets.sch.uk,2077394518,,Not applicable,,,,0,Not applicable,Has Nursery Classes,2,5,0,Not applicable,0,Not applicable,3,Mixed,,1,No boarders,15/01/2026,09/09/2026 00:00,E09000030,Tower Hamlets,E05009335,Weavers,E14001086,Bethnal Green and Stepney,UN1,Urban: Nearer to a major town or city,E09000030,533684,182811,E02000869,Tower Hamlets 006,E01004311,Tower Hamlets 006A,H,London,0,Does not apply,Does not apply,0,Not applicable,4,Local authority maintained schools,0,Not applicable,,,Not under a federation,,,,0,Not applicable,,0,Not applicable,,Not applicable,,,Not applicable,,Not applicable,Not applicable,Not applicable,,,Not applicable
Old Church Nursery School,211,Tower Hamlets,999,,1,Nursery,15,Local authority nursery school,Not applicable,Not applicable,2,Closed,01/01/1900,0,Not applicable,30/08/2022,1,Result of Amalgamation/Merger,100885,,1031,,120,69,51,,6,14.6,,,,,,,,,,,,,,,,,,,,Mrs,Sarah,Helm,Headteacher,6029749,,,Walter Terrace,Stepney,,London,,E1 0RJ,,,,,Not applicable,,,,0,Not applicable,Has Nursery Classes,2,5,0,Not applicable,0,Not applicable,3,Mixed,,1,No boarders,20/01/2022,26/1/2023 00:00:00,E09000030,Tower Hamlets,E05009334,Stepney Green,E14000555,Bethnal Green and Bow,A1,(England/Wales) Urban major conurbation,E09000030,535782,181478,E02000882,Tower Hamlets 019,E01004288,Tower Hamlets 019D,H,London,0,Does not apply,Does not apply,0,Not applicable,4,Local authority maintained schools,0,Not applicable,,,Not under a federation,,,,0,Not applicable,,0,Not applicable,,Not applicable,,,Not applicable,,Not applicable,Not applicable,Not applicable,,,Not applicable
Rachel Keeling Nursery School,211,Tower Hamlets,999,,1,Nursery,15,Local authority nursery school,Not applicable,Not applicable,2,Closed,01/01/1900,0,Not applicable,31/08/2025,1,Result of Amalgamation/Merger,100886,,1032,,67,33,34,,1,5.9,,,,,,,,,,,,,,,,,,,,Mrs,Becky,Dolamore,Headteacher,6038799,,,Bullards Place,Morpeth Street,Bethnal Green,London,,E2 0PS,,,,,Not applicable,,,,0,Not applicable,Has Nursery Classes,2,5,0,Not applicable,0,Not applicable,3,Mixed,,1,No boarders,16/01/2025,11/07/2025 00:00,E09000030,Tower Hamlets,E05009317,Bethnal Green East,E14001086,Bethnal Green and Stepney,UN1,Urban: Nearer to a major town or city,E09000030,535568,182775,E02000870,Tower Hamlets 007,E01004260,Tower Hamlets 007B,H,London,0,Does not apply,Does not apply,0,Not applicable,4,Local authority maintained schools,0,Not applicable,,,Not under a federation,,,,0,Not applicable,,0,Not applicable,,Not applicable,,,Not applicable,,Not applicable,Not applicable,Not applicable,,,Not applicable
Alice Model Nursery School,211,Tower Hamlets,999,,1,Nursery,15,Local authority nursery school,Not applicable,Not applicable,1,Open,,0,Not applicable,,0,Not applicable,100887,,1040,,56,35,21,,2,9.1,,,,,,,,,,,,,,,Not applicable,,,,,Mrs,Kim,Waters,Headteacher,6036396,,,14 Beaumont Grove,Stepney,,London,,E1 4NQ,,,2077905425,,Not applicable,,,,0,Not applicable,Has Nursery Classes,2,5,0,Not applicable,0,Not applicable,3,Mixed,,1,No boarders,15/01/2026,09/10/2026 00:00,E09000030,Tower Hamlets,E05009329,St Dunstan's,E14001086,Bethnal Green and Stepney,UN1,Urban: Nearer to a major town or city,E09000030,535617,182047,E02000879,Tower Hamlets 016,E01004290,Tower Hamlets 016D,H,London,0,Does not apply,Does not apply,0,Not applicable,4,Local authority maintained schools,0,Not applicable,,,Not under a federation,,,,0,Not applicable,,0,Not applicable,,Not applicable,,,Not applicable,,Not applicable,Not applicable,Not applicable,,,Not applicable
Harry Roberts Nursery School,211,Tower Hamlets,999,,1,Nursery,15,Local authority nursery school,Not applicable,Not applicable,2,Closed,01/01/1900,0,Not applicable,31/12/2021,1,Result of Amalgamation/Merger,100888,,1041,,81,48,33,,2,8.7,,,,,,,,,,,,,,,,,,,,Ms,Alexandra,Law,Headteacher,6049032,,,Harford Street,Stepney,,London,,E1 4PZ,,,,,Not applicable,,,,0,Not applicable,Has Nursery Classes,3,5,0,Not applicable,0,Not applicable,3,Mixed,,1,No boarders,21/01/2021,26/1/2022 00:00:00,E09000030,Tower Hamlets,E05009329,St Dunstan's,E14000555,Bethnal Green and Bow,A1,(England/Wales) Urban major conurbation,E09000030,536179,182059,E02000882,Tower Hamlets 019,E01035680,Tower Hamlets 019E,H,London,0,Does not apply,Does not apply,0,Not applicable,4,Local authority maintained schools,0,Not applicable,,,Not under a federation,,,,0,Not applicable,,0,Not applicable,,Not applicable,,,Not applicable,,Not applicable,Not applicable,Not applicable,,,Not applicable
London East Alternative Provision,211,Tower Hamlets,999,,0,Not applicable,14,Pupil referral unit,Not applicable,Not applicable,1,Open,,0,Not applicable,,0,Not applicable,100889,10016925,1100,,101,60,41,,39,48.8,,,,,,,,,,,,,,,,,,,,Mr,Afrooz,Hannan,Headteacher,6129806,,,21 Tollet Street,Stepney,,London,,E1 4EE,,http://www.londoneastap.org.uk,2077917720,,Not applicable,,,,0,Not applicable,Not applicable,5,19,0,Not applicable,0,Not applicable,3,Mixed,,1,No boarders,15/01/2026,09/07/2026 00:00,E09000030,Tower Hamlets,E05009317,Bethnal Green East,E14001086,Bethnal Green and Stepney,UN1,Urban: Nearer to a major town or city,E09000030,535593,182316,E02000870,Tower Hamlets 007,E01004263,Tower Hamlets 007C,H,London,0,Does not apply,Does not apply,0,Not applicable,4,Local authority maintained schools,0,Not applicable,,,Not applicable,,,,0,Not applicable,,0,Not applicable,,Not applicable,,,Provides places for Teen Mothers,,Does not have child care facilities,PRU Does have Provision for SEN,PRU Does not have EBD provision,224,PRU offers full time provision,PRU does offer tuition by another provider
Ben Jonson Primary School,211,Tower Hamlets,999,,2,Primary,1,Community school,Not applicable,Not applicable,1,Open,,0,Not applicable,,0,Not applicable,100890,10079724,2043,,591,305,286,697,229,40.8,,,,,,,,,,,,,,,Not applicable,,,,,Ms,Norma,Marshall,Headteacher,6049032,,,Harford Street,Stepney,,London,,E1 4PZ,,www.benjonson.towerhamlets.sch.uk,2077904110,,Not applicable,,,,2,Does not have a sixth form,Has Nursery Classes,3,11,2,No Special Classes,0,Not applicable,3,Mixed,,9,,15/01/2026,29/6/2026 00:00:00,E09000030,Tower Hamlets,E05009329,St Dunstan's,E14001086,Bethnal Green and Stepney,UN1,Urban: Nearer to a major town or city,E09000030,536179,182059,E02000882,Tower Hamlets 019,E01035680,Tower Hamlets 019E,H,London,0,Does not apply,Does not apply,0,Not applicable,4,Local authority maintained schools,0,Not applicable,,,Not under a federation,,,,0,Not applicable,,0,Not applicable,,Not applicable,,,Not applicable,,Not applicable,Not applicable,Not applicable,,,Not applicable
Bonner Primary School,211,Tower Hamlets,999,,2,Primary,1,Community school,Not applicable,Not applicable,1,Open,,0,Not applicable,,0,Not applicable,100891,10070038,2056,,640,344,296,840,254,40.8,,,,,,,,,,,,,,,,,,,,Ms,Nicola,Denton-Dash,Headteacher,6038359,,,Stainsbury Street,Bethnal Green,,London,,E2 0NF,,www.bonner.towerhamlets.sch.uk/,2089801004,,Not applicable,,,,2,Does not have a sixth form,Has Nursery Classes,4,11,2,No Special Classes,0,Not applicable,3,Mixed,,1,No boarders,15/01/2026,29/6/2026 00:00:00,E09000030,Tower Hamlets,E05009317,Bethnal Green East,E14001086,Bethnal Green and Stepney,UN1,Urban: Nearer to a major town or city,E09000030,535452,183006,E02000870,Tower Hamlets 007,E01004266,Tower Hamlets 007D,H,London,0,Does not apply,Does not apply,0,Not applicable,4,Local authority maintained schools,0,Not applicable,,,Not under a federation,,,,0,Not applicable,,0,Not applicable,,Not applicable,,,Not applicable,,Not applicable,Not applicable,Not applicable,,,Not applicable
Old Palace Primary School,211,Tower Hamlets,999,,2,Primary,1,Community school,Not applicable,Not applicable,1,Open,,0,Not applicable,,0,Not applicable,100892,10079723,2059,,386,194,192,420,116,30.1,,,,,,,,,,,,,,,,,,,,Mr,Gary,Palmer,Headteacher,6070383,,,St Leonard's Street,Bow,,London,,E3 3BT,,https://childrenshousenursery.co.uk,2089803020,,Not applicable,,,,2,Does not have a sixth form,No Nursery Classes,4,11,2,No Special Classes,0,Not applicable,3,Mixed,,1,No boarders,15/01/2026,09/09/2026 00:00,E09000030,Tower Hamlets,E05009321,Bromley North,E14001525,Stratford and Bow,UN1,Urban: Nearer to a major town or city,E09000030,537853,182838,E02000871,Tower Hamlets 008,E01004236,Tower Hamlets 008B,H,London,0,Does not apply,Does not apply,0,Not applicable,4,Local authority maintained schools,0,Not applicable,,,Supported by a federation,17859,Old Palace Primary School and Children's House Nursery School Federation,,0,Not applicable,,0,Not applicable,,Not applicable,,,Not applicable,,Not applicable,Not applicable,Not applicable,,,Not applicable
Canon Barnett Primary School,211,Tower Hamlets,999,,2,Primary,1,Community school,Not applicable,Not applicable,2,Closed,,0,Not applicable,31/05/2023,10,Academy Converter,100893,10074598,2091,,197,101,96,240,86,45.7,,,,,,,,,,,,,,,,,,,,Ms,Sarah Jane,Bellerby,Headteacher,6129881,,,Gunthorpe Street,Aldgate,,London,,E1 7RQ,,,,,Not applicable,,,,2,Does not have a sixth form,Has Nursery Classes,3,11,2,No Special Classes,0,Not applicable,3,Mixed,,1,No boarders,19/01/2023,09/11/2023 00:00,E09000030,Tower Hamlets,E05009333,Spitalfields & Banglatown,E14000555,Bethnal Green and Bow,A1,(England/Wales) Urban major conurbation,E09000030,533888,181473,E02000878,Tower Hamlets 015,E01004309,Tower Hamlets 015D,H,London,0,Does not apply,Does not apply,0,Not applicable,4,Local authority maintained schools,0,Not applicable,,,Not under a federation,,,,0,Not applicable,,0,Not applicable,,Not applicable,,,Not applicable,,Not applicable,Not applicable,Not applicable,,,Not applicable
Cayley Primary School,211,Tower Hamlets,999,,2,Primary,1,Community school,Not applicable,Not applicable,1,Open,,0,Not applicable,,0,Not applicable,100894,10061422,2097,,388,194,194,492,202,55.5,,,,,,,,,,,,,,,,,,,,Mr,Tom,Foster,Headteacher,6047332,,,Aston Street,Stepney,,London,,E14 7NG,,www.cayley.towerhamlets.sch.uk/,2077901490,,Not applicable,,,,2,Does not have a sixth form,Has Nursery Classes,3,11,2,No Special Classes,0,Not applicable,3,Mixed,,1,No boarders,15/01/2026,09/01/2026 00:00,E09000030,Tower Hamlets,E05009329,St Dunstan's,E14001086,Bethnal Green and Stepney,UN1,Urban: Nearer to a major town or city,E09000030,536206,181504,E02000882,Tower Hamlets 019,E01035683,Tower Hamlets 019H,H,London,0,Does not apply,Does not apply,0,Not applicable,4,Local authority maintained schools,0,Not applicable,,,Not under a federation,,,,0,Not applicable,,0,Not applicable,,Not applicable,,,Not applicable,,Not applicable,Not applicable,Not applicable,,,Not applicable
Blue Gate Fields Junior School,211,Tower Hamlets,999,,2,Primary,1,Community school,Not applicable,Not applicable,1,Open,,0,Not applicable,,0,Not applicable,100895,10075068,2099,,350,190,160,360,132,37.7,,,,,,,,,,,,,,,,,,,,Ms,Sian,Acreman,Headteacher,6024901,,,King David Lane,Wapping,,London,,E1 0EH,,www.bluegatefields-jun.towerhamlets.sch.uk/,2077903616,,Not applicable,,,,2,Does not have a sixth form,No Nursery Classes,7,11,2,No Special Classes,0,Not applicable,3,Mixed,,1,No boarders,15/01/2026,18/9/2026 00:00:00,E09000030,Tower Hamlets,E05009332,Shadwell,E14001086,Bethnal Green and Stepney,UN1,Urban: Nearer to a major town or city,E09000030,535119,180864,E02000888,Tower Hamlets 025,E01004303,Tower Hamlets 025D,H,London,0,Does not apply,Does not apply,0,Not applicable,4,Local authority maintained schools,0,Not applicable,,,Not under a federation,,,,0,Not applicable,,0,Not applicable,,Not applicable,,,Not applicable,,Not applicable,Not applicable,Not applicable,,,Not applicable
Chisenhale Primary School,211,Tower Hamlets,999,,2,Primary,1,Community school,Not applicable,Not applicable,1,Open,,0,Not applicable,,0,Not applicable,100896,10074597,2110,,322,180,142,351,61,19.7,,,,,,,,,,,,,,,,,,,,Mrs,Gemma,Anidi,Headteacher,6052143,,,Chisenhale Road,Bow,Chisenhale Rd,London,,E3 5QY,,www.chisenhale.towerhamlets.sch.uk/,2089802584,,Not applicable,,,,2,Does not have a sixth form,Has Nursery Classes,3,11,2,No Special Classes,0,Not applicable,3,Mixed,,1,No boarders,15/01/2026,09/04/2026 00:00,E09000030,Tower Hamlets,E05009320,Bow West,E14001525,Stratford and Bow,UN1,Urban: Nearer to a major town or city,E09000030,536115,183374,E02000866,Tower Hamlets 003,E01004234,Tower Hamlets 003E,H,London,0,Does not apply,Does not apply,0,Not applicable,4,Local authority maintained schools,0,Not applicable,,,Not under a federation,,,,0,Not applicable,,0,Not applicable,,Not applicable,,,Not applicable,,Not applicable,Not applicable,Not applicable,,,Not applicable
Columbia Primary School,211,Tower Hamlets,999,,2,Primary,1,Community school,Not applicable,Not applicable,2,Closed,,0,Not applicable,31/08/2024,10,Academy Converter,100897,10074596,2118,,427,201,226,450,100,24,,,,,,,,,,,,,,,,,,,,Mr,Oliver,Woodward,Headteacher,6004932,,,Columbia Road,Bethnal Green,,London,Avon,E2 7RG,,,,,Not applicable,,,,2,Does not have a sixth form,Has Nursery Classes,3,11,2,No Special Classes,0,Not applicable,3,Mixed,,1,No boarders,18/01/2024,31/8/2024 00:00:00,E09000030,Tower Hamlets,E05009335,Weavers,E14001086,Bethnal Green and Stepney,A1,(England/Wales) Urban major conurbation,E09000030,533972,182914,E02000869,Tower Hamlets 006,E01035664,Tower Hamlets 006E,H,London,0,Does not apply,Does not apply,0,Not applicable,4,Local authority maintained schools,0,Not applicable,,,Not under a federation,,,,0,Not applicable,,0,Not applicable,,Not applicable,,,Not applicable,,Not applicable,Not applicable,Not applicable,,,Not applicable
Cubitt Town Primary School,211,Tower Hamlets,999,,2,Primary,1,Community school,Not applicable,Not applicable,1,Open,,0,Not applicable,,0,Not applicable,100898,10075067,2144,,679,352,327,700,342,56.2,,,,,,,,,,,,,,,,,,,,Ms,Robyn,Bruce,Headteacher,6081722,,,Manchester Road,Isle of Dogs,"Cubitt Town Primary School, Manchester Road",London,,E14 3NE,,https://www.ctpschool.org/,2079874362,,Not applicable,,,,2,Does not have a sixth form,Has Nursery Classes,3,11,2,No Special Classes,0,Not applicable,3,Mixed,,1,No boarders,15/01/2026,29/6/2026 00:00:00,E09000030,Tower Hamlets,E05009318,Blackwall & Cubitt Town,E14001430,Poplar and Limehouse,UN1,Urban: Nearer to a major town or city,E09000030,538254,179195,E02007114,Tower Hamlets 036,E01035705,Tower Hamlets 036D,H,London,0,Does not apply,Does not apply,0,Not applicable,4,Local authority maintained schools,0,Not applicable,,,Not under a federation,,,,0,Not applicable,,0,Not applicable,,Not applicable,,,Not applicable,,Not applicable,Not applicable,Not applicable,,,Not applicable
Culloden Primary School,211,Tower Hamlets,999,,2,Primary,1,Community school,Not applicable,Not applicable,2,Closed,,0,Not applicable,31/08/2013,10,Academy Converter,100899,,2145,,,,,630,,,,,,Yes,,,,,,,,,,,SEN unit,,,11,26,Ms,L,Kinsella,Headteacher,6135945,,,Dee Street,Poplar,,London,,E14 0PT,,,,,Not applicable,,,,2,Does not have a sixth form,Has Nursery Classes,3,11,2,No Special Classes,0,Not applicable,3,Mixed,,1,No boarders,,14/11/2018 00:00:00,E09000030,Tower Hamlets,E05009325,Lansbury,E14000882,Poplar and Limehouse,A1,(England/Wales) Urban major conurbation,E09000030,538399,181277,E02000883,Tower Hamlets 020,E01004243,Tower Hamlets 020A,H,London,0,Does not apply,Does not apply,0,Not applicable,4,Local authority maintained schools,0,Not applicable,,,Not under a federation,,,,0,Not applicable,,0,Not applicable,,Not applicable,,,Not applicable,,Not applicable,Not applicable,Not applicable,,,Not applicable
Cyril Jackson Primary School,211,Tower Hamlets,999,,2,Primary,1,Community school,Not applicable,Not applicable,2,Closed,,0,Not applicable,31/08/2021,10,Academy Converter,100900,10072912,2147,,465,234,231,492,147,34.1,,,,,Yes,,,,,,,,,,Resourced provision,,,,20,Mrs,Hodo,Dirir,Headteacher,6143097,,,51 Three Colt Street,Limehouse,,London,,E14 8HH,,,,,Not applicable,,,,2,Does not have a sixth form,Has Nursery Classes,3,11,2,No Special Classes,0,Not applicable,3,Mixed,,1,No boarders,21/01/2021,28/10/2024 00:00:00,E09000030,Tower Hamlets,E05009326,Limehouse,E14000882,Poplar and Limehouse,A1,(England/Wales) Urban major conurbation,E09000030,536813,180888,E02000886,Tower Hamlets 023,E01004255,Tower Hamlets 023C,H,London,0,Does not apply,Does not apply,0,Not applicable,4,Local authority maintained schools,0,Not applicable,,,Not under a federation,,,,0,Not applicable,,0,Not applicable,,Not applicable,,,Not applicable,,Not applicable,Not applicable,Not applicable,,,Not applicable
The Clara Grant Primary School,211,Tower Hamlets,999,,2,Primary,1,Community school,Not applicable,Not applicable,2,Closed,,0,Not applicable,28/02/2018,10,Academy Converter,100901,,2159,,492,244,248,497,112,24.4,,,,,,,,,,,,,,,,,,,,Ms,Susan,Ward,Headteacher,6070384,,,Knapp Road,Bow,,London,,E3 4BU,,,,,Not applicable,,,,2,Does not have a sixth form,Has Nursery Classes,3,11,2,No Special Classes,0,Not applicable,3,Mixed,,1,No boarders,18/01/2018,19/9/2018 00:00:00,E09000030,Tower Hamlets,E05009322,Bromley South,E14000882,Poplar and Limehouse,A1,(England/Wales) Urban major conurbation,E09000030,537486,182177,E02000875,Tower Hamlets 012,E01004241,Tower Hamlets 012B,H,London,0,Does not apply,Does not apply,0,Not applicable,4,Local authority maintained schools,0,Not applicable,,,Not under a federation,,,,0,Not applicable,,0,Not applicable,,Not applicable,,,Not applicable,,Not applicable,Not applicable,Not applicable,,,Not applicable
Globe Primary School,211,Tower Hamlets,999,,2,Primary,1,Community school,Not applicable,Not applicable,1,Open,,0,Not applicable,,0,Not applicable,100902,10072911,2254,,412,201,211,430,131,36.9,,,,,Yes,,,,,,,,,,Resourced provision,30,30,,,Mr,Euan,Williams,Headteacher,6038802,,,Gawber Street,Bethnal Green,,London,,E2 0JH,,www.globeschool.org.uk,2089801738,,Not applicable,,,,2,Does not have a sixth form,Has Nursery Classes,2,11,1,Has Special Classes,0,Not applicable,3,Mixed,,1,No boarders,15/01/2026,09/01/2026 00:00,E09000030,Tower Hamlets,E05009317,Bethnal Green East,E14001086,Bethnal Green and Stepney,UN1,Urban: Nearer to a major town or city,E09000030,535260,182916,E02000870,Tower Hamlets 007,E01004266,Tower Hamlets 007D,H,London,0,Does not apply,Does not apply,0,Not applicable,4,Local authority maintained schools,0,Not applicable,,,Not under a federation,,,,0,Not applicable,,0,Not applicable,,Not applicable,,,Not applicable,,Not applicable,Not applicable,Not applicable,,,Not applicable
Hague Primary School,211,Tower Hamlets,999,,2,Primary,1,Community school,Not applicable,Not applicable,1,Open,,0,Not applicable,,0,Not applicable,100903,10072910,2270,,205,109,96,228,63,33.7,,,,Yes,,,,,,,,,,,Resourced provision,16,16,,,Mrs,Judith,Knappett,Headteacher,6015888,,,Wilmot Street,,,London,,E2 0BP,,shhfederation.org,2077399574,,Not applicable,,,,2,Does not have a sixth form,Has Nursery Classes,3,11,2,No Special Classes,0,Not applicable,3,Mixed,,1,No boarders,15/01/2026,25/9/2026 00:00:00,E09000030,Tower Hamlets,E05009331,Bethnal Green West,E14001086,Bethnal Green and Stepney,UN1,Urban: Nearer to a major town or city,E09000030,534743,182456,E02000876,Tower Hamlets 013,E01004211,Tower Hamlets 013D,H,London,0,Does not apply,Does not apply,0,Not applicable,4,Local authority maintained schools,0,Not applicable,,,Supported by a federation,17742,Weavers Federation,,0,Not applicable,,0,Not applicable,,Not applicable,,,Not applicable,,Not applicable,Not applicable,Not applicable,,,Not applicable
Harbinger Primary School,211,Tower Hamlets,999,,2,Primary,1,Community school,Not applicable,Not applicable,1,Open,,0,Not applicable,,0,Not applicable,100904,10074595,2281,,300,148,152,360,128,46.5,,,,,,,,,,,,,,,Not applicable,,,,,Ms,Nimesha,Nagahawatte,Headteacher,6107574,,,Cahir Street,,,London,,E14 3QP,,https://www.harbinger.org.uk,2079871924,,Not applicable,,,,2,Does not have a sixth form,Has Nursery Classes,3,11,1,Has Special Classes,0,Not applicable,3,Mixed,,1,No boarders,15/01/2026,31/8/2026 00:00:00,E09000030,Tower Hamlets,E05009324,Island Gardens,E14001430,Poplar and Limehouse,UN1,Urban: Nearer to a major town or city,E09000030,537560,178580,E02000894,Tower Hamlets 031,E01004275,Tower Hamlets 031B,H,London,0,Does not apply,Does not apply,0,Not applicable,4,Local authority maintained schools,0,Not applicable,,,Not under a federation,,,,0,Not applicable,,0,Not applicable,,Not applicable,,,Not applicable,,Not applicable,Not applicable,Not applicable,,,Not applicable
Harry Gosling Junior Mixed School,211,Tower Hamlets,999,,2,Primary,1,Community school,Not applicable,Not applicable,2,Closed,,0,Not applicable,09/01/1998,0,Not applicable,100905,,2284,,,,,,,,,,,,,,,,,,,,,,,,,,,,,,Headteacher,,,,Henriques Street,,,London,,E1 1NB,,,,,Not applicable,,,,0,Not applicable,No Nursery Classes,7,11,2,No Special Classes,0,Not applicable,3,Mixed,,1,No boarders,,14/11/2018 00:00:00,E09000030,Tower Hamlets,E05009336,Whitechapel,E14000555,Bethnal Green and Bow,A1,(England/Wales) Urban major conurbation,E09000030,534346,181242,E02000884,Tower Hamlets 021,E01004321,Tower Hamlets 021C,H,London,0,Does not apply,Does not apply,0,Not applicable,4,Local authority maintained schools,0,Not applicable,,,Not under a federation,,,,0,Not applicable,,0,Not applicable,,Not applicable,,,Not applicable,,Not applicable,Not applicable,Not applicable,,,Not applicable
John Scurr Primary School,211,Tower Hamlets,999,,2,Primary,1,Community school,Not applicable,Not applicable,1,Open,,0,Not applicable,,0,Not applicable,100906,10074594,2341,,494,263,231,540,174,42.4,,,,,,,,,,,,,,,Not applicable,,,,,Ms,Nicola,Denton Dash,Headteacher,6036658,,,Cephas Street,Stepney Green,,London,,E1 4AX,,https://www.johnscurr.towerhamlets.sch.uk,2077903647,,Not applicable,,,,2,Does not have a sixth form,Has Nursery Classes,2,11,2,No Special Classes,0,Not applicable,3,Mixed,,1,No boarders,15/01/2026,09/10/2026 00:00,E09000030,Tower Hamlets,E05009317,Bethnal Green East,E14001086,Bethnal Green and Stepney,UN1,Urban: Nearer to a major town or city,E09000030,535216,182155,E02000874,Tower Hamlets 011,E01004207,Tower Hamlets 011A,H,London,0,Does not apply,Does not apply,0,Not applicable,4,Local authority maintained schools,0,Not applicable,,,Not under a federation,,,,0,Not applicable,,0,Not applicable,,Not applicable,,,Not applicable,,Not applicable,Not applicable,Not applicable,,,Not applicable
Lawdale Junior School,211,Tower Hamlets,999,,2,Primary,1,Community school,Not applicable,Not applicable,1,Open,,0,Not applicable,,0,Not applicable,100907,10075066,2377,,205,95,110,240,116,56.6,,,,,,,,,,,,,,,,,,,,Ms,Annette,Rook,Headteacher,6020069,,,Mansford Street,Bethnal Green,,London,,E2 6LS,,https://lawdalejuniorschool.co.uk/,2077396258,,Not applicable,,,,2,Does not have a sixth form,No Nursery Classes,7,11,2,No Special Classes,0,Not applicable,3,Mixed,,1,No boarders,15/01/2026,09/02/2026 00:00,E09000030,Tower Hamlets,E05009331,Bethnal Green West,E14001086,Bethnal Green and Stepney,UN1,Urban: Nearer to a major town or city,E09000030,534502,182835,E02000868,Tower Hamlets 005,E01004204,Tower Hamlets 005D,H,London,0,Does not apply,Does not apply,0,Not applicable,4,Local authority maintained schools,0,Not applicable,,,Not under a federation,,,,0,Not applicable,,0,Not applicable,,Not applicable,,,Not applicable,,Not applicable,Not applicable,Not applicable,,,Not applicable
Elizabeth Selby Infants' School,211,Tower Hamlets,999,,2,Primary,1,Community school,Not applicable,Not applicable,1,Open,,0,Not applicable,,0,Not applicable,100908,10071957,2378,,258,139,119,277,73,39.5,,,,,,Yes,,,,,,,,,Resourced provision and SEN unit,10,10,10,10,Mr,Shahi,Ahmed,Headteacher,6118439,,,Old Bethnal Green Road,Bethnal Green,Elizabeth Selby Infant School,London,,E2 6PP,,https://www.elizabethselby.co.uk/,2077396187,,Not applicable,,,,2,Does not have a sixth form,Has Nursery Classes,2,7,0,Not applicable,0,Not applicable,3,Mixed,,1,No boarders,15/01/2026,29/6/2026 00:00:00,E09000030,Tower Hamlets,E05009331,Bethnal Green West,E14001086,Bethnal Green and Stepney,UN1,Urban: Nearer to a major town or city,E09000030,534427,182833,E02000868,Tower Hamlets 005,E01004204,Tower Hamlets 005D,H,London,0,Does not apply,Does not apply,0,Not applicable,4,Local authority maintained schools,0,Not applicable,,,Not under a federation,,,,0,Not applicable,,0,Not applicable,,Not applicable,,,Not applicable,,Not applicable,Not applicable,Not applicable,,,Not applicable
Malmesbury Junior School,211,Tower Hamlets,999,,2,Primary,1,Community school,Not applicable,Not applicable,2,Closed,,0,Not applicable,31/08/2003,1,Result of Amalgamation/Merger,100909,,2394,,,,,,,,,,,,,,,,,,,,,,,,,,,Ms,S,Aspinall,Headteacher,6048420,,,Coborn Street,,,London,,E3 2AB,,,,,Not applicable,,,,0,Not applicable,No Nursery Classes,7,11,2,No Special Classes,0,Not applicable,3,Mixed,,1,No boarders,,14/11/2018 00:00:00,E09000030,Tower Hamlets,E05009320,Bow West,E14000555,Bethnal Green and Bow,A1,(England/Wales) Urban major conurbation,E09000030,536787,182835,E02000867,Tower Hamlets 004,E01004229,Tower Hamlets 004C,H,London,0,Does not apply,Does not apply,0,Not applicable,4,Local authority maintained schools,0,Not applicable,,,Not under a federation,,,,0,Not applicable,,0,Not applicable,,Not applicable,,,Not applicable,,Not applicable,Not applicable,Not applicable,,,Not applicable
Malmesbury Infant School,211,Tower Hamlets,999,,2,Primary,1,Community school,Not applicable,Not applicable,2,Closed,,0,Not applicable,31/08/2003,1,Result of Amalgamation/Merger,100910,,2395,,,,,,,,,,,,,,,,,,,,,,,,,,,Mrs,J,Clensy,Headteacher,6048420,,,Coborn Street,Bow,,London,,E3 2AB,,,,,Not applicable,,,,0,Not applicable,Has Nursery Classes,3,7,2,No Special Classes,0,Not applicable,3,Mixed,,1,No boarders,,14/11/2018 00:00:00,E09000030,Tower Hamlets,E05009320,Bow West,E14000555,Bethnal Green and Bow,A1,(England/Wales) Urban major conurbation,E09000030,536787,182835,E02000867,Tower Hamlets 004,E01004229,Tower Hamlets 004C,H,London,0,Does not apply,Does not apply,0,Not applicable,4,Local authority maintained schools,0,Not applicable,,,Not under a federation,,,,0,Not applicable,,0,Not applicable,,Not applicable,,,Not applicable,,Not applicable,Not applicable,Not applicable,,,Not applicable
Marion Richardson Primary School,211,Tower Hamlets,999,,2,Primary,1,Community school,Not applicable,Not applicable,1,Open,,0,Not applicable,,0,Not applicable,100911,10074593,2397,,465,236,229,510,176,40.6,,,,,,,,,,,,,,,,,,,,Ms,Julia,Burns,Headteacher,6178832,,,Senrab Street,,,London,,E1 0QF,United Kingdom,www.marionrichardson.towerhamlets.sch.uk/,2077901441,,Not applicable,,,,2,Does not have a sixth form,Has Nursery Classes,3,11,2,No Special Classes,0,Not applicable,3,Mixed,,1,No boarders,15/01/2026,29/6/2026 00:00:00,E09000030,Tower Hamlets,E05009334,Stepney Green,E14001086,Bethnal Green and Stepney,UN1,Urban: Nearer to a major town or city,E09000030,535682,181244,E02000879,Tower Hamlets 016,E01004289,Tower Hamlets 016C,H,London,0,Does not apply,Does not apply,0,Not applicable,4,Local authority maintained schools,0,Not applicable,,,Supported by a federation,17636,MCubed Partnership,,0,Not applicable,,0,Not applicable,,Not applicable,,,Not applicable,,Not applicable,Not applicable,Not applicable,,,Not applicable
Marner Primary School,211,Tower Hamlets,999,,2,Primary,1,Community school,Not applicable,Not applicable,1,Open,,0,Not applicable,,0,Not applicable,100912,10074592,2402,,641,327,314,705,314,52.9,,,,,,,,,,,,,,,Not applicable,,,,,Ms,Sarah,Bowmer,Headteacher,6070380,,,Devas Street,Bow,,London,,E3 3LL,,http://www.marnerprimary.com,2079872938,,Not applicable,,,,2,Does not have a sixth form,Has Nursery Classes,3,11,2,No Special Classes,0,Not applicable,3,Mixed,,1,No boarders,15/01/2026,14/9/2026 00:00:00,E09000030,Tower Hamlets,E05009322,Bromley South,E14001430,Poplar and Limehouse,UN1,Urban: Nearer to a major town or city,E09000030,537992,182318,E02000871,Tower Hamlets 008,E01035667,Tower Hamlets 008H,H,London,0,Does not apply,Does not apply,0,Not applicable,4,Local authority maintained schools,0,Not applicable,,,Not under a federation,,,,0,Not applicable,,0,Not applicable,,Not applicable,,,Not applicable,,Not applicable,Not applicable,Not applicable,,,Not applicable
Mayflower Primary School,211,Tower Hamlets,999,,2,Primary,1,Community school,Not applicable,Not applicable,1,Open,,0,Not applicable,,0,Not applicable,100913,10074591,2406,,400,197,203,390,143,39.2,,,,,,,,,,,,,,,,,,,,Ms,Dee,Bleach,Headteacher,6064816,,,Upper North Street,Poplar,,London,,E14 6DU,,www.mayflower.towerhamlets.sch.uk/,2079872782,,Not applicable,,,,2,Does not have a sixth form,Has Nursery Classes,3,11,2,No Special Classes,0,Not applicable,3,Mixed,,1,No boarders,15/01/2026,29/6/2026 00:00:00,E09000030,Tower Hamlets,E05009325,Lansbury,E14001430,Poplar and Limehouse,UN1,Urban: Nearer to a major town or city,E09000030,537483,181055,E02000883,Tower Hamlets 020,E01004244,Tower Hamlets 020B,H,London,0,Does not apply,Does not apply,0,Not applicable,4,Local authority maintained schools,0,Not applicable,,,Not under a federation,,,,0,Not applicable,,0,Not applicable,,Not applicable,,,Not applicable,,Not applicable,Not applicable,Not applicable,,,Not applicable
Mowlem Primary School,211,Tower Hamlets,999,,2,Primary,1,Community school,Not applicable,Not applicable,1,Open,,0,Not applicable,,0,Not applicable,100914,10074590,2432,,222,96,126,210,93,45.1,,,,,,,,,,,,,,,,,,,,Ms,Julia,Burns,Headteacher,6041315,,,Mowlem Street,Bishops Way,Bethnal Green,London,,E2 9HE,,www.mowlem.towerhamlets.sch.uk,2082496880,,Not applicable,,,,2,Does not have a sixth form,Has Nursery Classes,3,11,2,No Special Classes,0,Not applicable,3,Mixed,,1,No boarders,15/01/2026,29/6/2026 00:00:00,E09000030,Tower Hamlets,E05009331,Bethnal Green West,E14001086,Bethnal Green and Stepney,UN1,Urban: Nearer to a major town or city,E09000030,535051,183434,E02000865,Tower Hamlets 002,E01035660,Tower Hamlets 002E,H,London,0,Does not apply,Does not apply,0,Not applicable,4,Local authority maintained schools,0,Not applicable,,,Supported by a federation,17636,MCubed Partnership,,0,Not applicable,,0,Not applicable,,Not applicable,,,Not applicable,,Not applicable,Not applicable,Not applicable,,,Not applicable
Blue Gate Fields Infants' School,211,Tower Hamlets,999,,2,Primary,1,Community school,Not applicable,Not applicable,1,Open,,0,Not applicable,,0,Not applicable,100915,10071956,2441,,336,179,157,270,90,27.4,,,,,,,,,,,,,,,,,,,,Miss,Catherine,Jones,Headteacher,6024901,,,King David Lane,Stepney,,London,,E1 0EH,,www.bluegatefieldsinfant.co.uk/,2077903611,,Not applicable,,,,2,Does not have a sixth form,Has Nursery Classes,3,7,2,No Special Classes,0,Not applicable,3,Mixed,,1,No boarders,15/01/2026,09/07/2026 00:00,E09000030,Tower Hamlets,E05009332,Shadwell,E14001086,Bethnal Green and Stepney,UN1,Urban: Nearer to a major town or city,E09000030,535119,180864,E02000888,Tower Hamlets 025,E01004303,Tower Hamlets 025D,H,London,0,Does not apply,Does not apply,0,Not applicable,4,Local authority maintained schools,0,Not applicable,,,Not under a federation,,,,0,Not applicable,,0,Not applicable,,Not applicable,,,Not applicable,,Not applicable,Not applicable,Not applicable,,,Not applicable
Olga Primary School,211,Tower Hamlets,999,,2,Primary,1,Community school,Not applicable,Not applicable,1,Open,,0,Not applicable,,0,Not applicable,100916,10074589,2446,,490,248,242,530,160,32.7,,,,,,,,,,,,,,,,,,,,Mrs,Lisa,Bradley-Jones,Headteacher,6053806,,,Lanfranc Road,Bow,,London,,E3 5DN,,www.olga.towerhamlets.sch.uk/,2089817127,,Not applicable,,,,2,Does not have a sixth form,Has Nursery Classes,3,11,2,No Special Classes,0,Not applicable,3,Mixed,,1,No boarders,15/01/2026,09/01/2026 00:00,E09000030,Tower Hamlets,E05009320,Bow West,E14001525,Stratford and Bow,UN1,Urban: Nearer to a major town or city,E09000030,536311,183145,E02000866,Tower Hamlets 003,E01004230,Tower Hamlets 003B,H,London,0,Does not apply,Does not apply,0,Not applicable,4,Local authority maintained schools,0,Not applicable,,,Not under a federation,,,,0,Not applicable,,0,Not applicable,,Not applicable,,,Not applicable,,Not applicable,Not applicable,Not applicable,,,Not applicable
Stepney Park Primary School,211,Tower Hamlets,999,,2,Primary,1,Community school,Not applicable,Not applicable,1,Open,,0,Not applicable,,0,Not applicable,100917,10074588,2499,,689,354,335,720,309,48.2,,,,,,,,,,,,,,,,,,,,Doctor,Richard,Thompson,Headteacher,6027578,,,Smithy Street,Stepney,,London,,E1 3BW,United Kingdom,www.stepneypark.towerhamlets.sch.uk,2078845225,,Not applicable,,,,2,Does not have a sixth form,Has Nursery Classes,3,11,2,No Special Classes,0,Not applicable,3,Mixed,,1,No boarders,15/01/2026,09/09/2026 00:00,E09000030,Tower Hamlets,E05009334,Stepney Green,E14001086,Bethnal Green and Stepney,UN1,Urban: Nearer to a major town or city,E09000030,535303,181782,E02000880,Tower Hamlets 017,E01004324,Tower Hamlets 017C,H,London,0,Does not apply,Does not apply,0,Not applicable,4,Local authority maintained schools,0,Not applicable,,,Not under a federation,,,,0,Not applicable,,0,Not applicable,,Not applicable,,,Not applicable,,Not applicable,Not applicable,Not applicable,,,Not applicable
Thomas Buxton Junior School,211,Tower Hamlets,999,,2,Primary,1,Community school,Not applicable,Not applicable,2,Closed,,0,Not applicable,31/03/2011,1,Result of Amalgamation/Merger,100918,,2519,,,,,228,,,,,,,,,,,,,,,,,,,,,,Ms,Penny,Bowles,Headteacher,6015886,,,Buxton Street,Whitechapel,,London,,E1 5AR,,,,,Not applicable,,,,0,Not applicable,No Nursery Classes,7,11,2,No Special Classes,0,Not applicable,3,Mixed,,1,No boarders,,29/11/2019 00:00:00,E09000030,Tower Hamlets,E05009333,Spitalfields & Banglatown,E14000555,Bethnal Green and Bow,A1,(England/Wales) Urban major conurbation,E09000030,534355,182089,E02000872,Tower Hamlets 009,E01004317,Tower Hamlets 009D,H,London,0,Does not apply,Does not apply,0,Not applicable,4,Local authority maintained schools,0,Not applicable,,,Not under a federation,,,,0,Not applicable,,0,Not applicable,,Not applicable,,,Not applicable,,Not applicable,Not applicable,Not applicable,,,Not applicable
Old Ford Infants' School,211,Tower Hamlets,999,,2,Primary,1,Community school,Not applicable,Not applicable,2,Closed,,0,Not applicable,31/08/1999,0,Not applicable,100919,,2520,,,,,,,,,,,,,,,,,,,,,,,,,,,Miss,E,Smith,Headteacher,6054267,,,Wrights Road,,,London,,E3 5LD,,,,,Not applicable,,,,0,Not applicable,Has Nursery Classes,3,7,2,No Special Classes,0,Not applicable,3,Mixed,,1,No boarders,,14/11/2018 00:00:00,E09000030,Tower Hamlets,E05009319,Bow East,E14000555,Bethnal Green and Bow,A1,(England/Wales) Urban major conurbation,E09000030,536644,183459,E02000864,Tower Hamlets 001,E01004222,Tower Hamlets 001A,H,London,0,Does not apply,Does not apply,0,Not applicable,4,Local authority maintained schools,0,Not applicable,,,Not under a federation,,,,0,Not applicable,,0,Not applicable,,Not applicable,,,Not applicable,,Not applicable,Not applicable,Not applicable,,,Not applicable
Manorfield Primary School,211,Tower Hamlets,999,,2,Primary,1,Community school,Not applicable,Not applicable,1,Open,,0,Not applicable,,0,Not applicable,100920,10074587,2533,,652,357,295,800,318,53.6,,,,,,,,,,,,,,,Not applicable,,,,,Mrs,Rebecca,Abrahams,Headteacher,6064816,,,Wyvis Street,Poplar,,London,,E14 6QD,,www.manorfield.towerhamlets.sch.uk/,2079871623,,Not applicable,,,,2,Does not have a sixth form,Has Nursery Classes,2,11,1,Has Special Classes,0,Not applicable,3,Mixed,,1,No boarders,15/01/2026,17/9/2026 00:00:00,E09000030,Tower Hamlets,E05009325,Lansbury,E14001430,Poplar and Limehouse,UN1,Urban: Nearer to a major town or city,E09000030,537943,181797,E02000881,Tower Hamlets 018,E01035678,Tower Hamlets 018E,H,London,0,Does not apply,Does not apply,0,Not applicable,4,Local authority maintained schools,0,Not applicable,,,Not under a federation,,,,0,Not applicable,,0,Not applicable,,Not applicable,,,Not applicable,,Not applicable,Not applicable,Not applicable,,,Not applicable
Sir William Burrough Primary School,211,Tower Hamlets,999,,2,Primary,1,Community school,Not applicable,Not applicable,2,Closed,,0,Not applicable,30/11/2011,10,Academy Converter,100921,,2557,,,,,315,,,,,,,,,,,,,,,,,,,,,,Ms,A,Newman,Headteacher,6047609,,,Salmon Lane,Limehouse,,London,,E14 7PQ,,,,,Not applicable,,,,0,Not applicable,Has Nursery Classes,3,11,2,No Special Classes,0,Not applicable,3,Mixed,,1,No boarders,,15/10/2018 00:00:00,E09000030,Tower Hamlets,E05009327,Mile End,E14000882,Poplar and Limehouse,A1,(England/Wales) Urban major conurbation,E09000030,536504,181262,E02000886,Tower Hamlets 023,E01004254,Tower Hamlets 023B,H,London,0,Does not apply,Does not apply,0,Not applicable,4,Local authority maintained schools,0,Not applicable,,,Not under a federation,,,,0,Not applicable,,0,Not applicable,,Not applicable,,,Not applicable,,Not applicable,Not applicable,Not applicable,,,Not applicable
Stebon Primary School,211,Tower Hamlets,999,,2,Primary,1,Community school,Not applicable,Not applicable,2,Closed,,0,Not applicable,30/06/2017,10,Academy Converter,100922,,2568,,577,295,285,600,158,27.4,,,,,,,,,,,,,,,,,,,,Ms,Joanna,Franklin,Headteacher,6069550,,,Burdett Estate,Wallwood Street,Poplar,London,,E14 7AD,,,,,Not applicable,,,,2,Does not have a sixth form,Has Nursery Classes,3,11,2,No Special Classes,0,Not applicable,3,Mixed,,1,No boarders,19/01/2017,15/10/2018 00:00:00,E09000030,Tower Hamlets,E05009327,Mile End,E14000882,Poplar and Limehouse,A1,(England/Wales) Urban major conurbation,E09000030,537074,181611,E02000877,Tower Hamlets 014,E01004273,Tower Hamlets 014E,H,London,0,Does not apply,Does not apply,0,Not applicable,4,Local authority maintained schools,0,Not applicable,,,Not under a federation,,,,0,Not applicable,,0,Not applicable,,Not applicable,,,Not applicable,,Not applicable,Not applicable,Not applicable,,,Not applicable
Stewart Headlam Primary School,211,Tower Hamlets,999,,2,Primary,1,Community school,Not applicable,Not applicable,1,Open,,0,Not applicable,,0,Not applicable,100923,10074586,2569,,189,99,90,270,46,27.1,,,,,,,,,,,,,,,,,,,,Mrs,Judy,Knappett,Headteacher,6015884,,,Tapp Street,Stepney,,London,,E1 5RE,,shhfederation.org,2072471201,,Not applicable,,,,2,Does not have a sixth form,Has Nursery Classes,3,11,2,No Special Classes,0,Not applicable,3,Mixed,,1,No boarders,15/01/2026,29/6/2026 00:00:00,E09000030,Tower Hamlets,E05009331,Bethnal Green West,E14001086,Bethnal Green and Stepney,UN1,Urban: Nearer to a major town or city,E09000030,534719,182243,E02000876,Tower Hamlets 013,E01004205,Tower Hamlets 013A,H,London,0,Does not apply,Does not apply,0,Not applicable,4,Local authority maintained schools,0,Not applicable,,,Supported by a federation,17742,Weavers Federation,,0,Not applicable,,0,Not applicable,,Not applicable,,,Not applicable,,Not applicable,Not applicable,Not applicable,,,Not applicable
Susan Lawrence Junior School,211,Tower Hamlets,999,,2,Primary,1,Community school,Not applicable,Not applicable,2,Closed,,0,Not applicable,31/03/2002,1,Result of Amalgamation/Merger,100924,,2582,,,,,,,,,,,,,,,,,,,,,,,,,,,Mr,N,Brittain,Headteacher,6007611,,,Cordelia Street,Poplar,,London,,E14 6DZ,,,,,Not applicable,,,,0,Not applicable,No Nursery Classes,7,11,2,No Special Classes,0,Not applicable,3,Mixed,,1,No boarders,,14/11/2018 00:00:00,E09000030,Tower Hamlets,E05009325,Lansbury,E14000882,Poplar and Limehouse,A1,(England/Wales) Urban major conurbation,E09000030,537693,181255,E02000883,Tower Hamlets 020,E01004244,Tower Hamlets 020B,H,London,0,Does not apply,Does not apply,0,Not applicable,4,Local authority maintained schools,0,Not applicable,,,Not under a federation,,,,0,Not applicable,,0,Not applicable,,Not applicable,,,Not applicable,,Not applicable,Not applicable,Not applicable,,,Not applicable
Susan Lawrence Infants' School,211,Tower Hamlets,999,,2,Primary,1,Community school,Not applicable,Not applicable,2,Closed,,0,Not applicable,31/03/2002,1,Result of Amalgamation/Merger,100925,,2583,,,,,,,,,,,,,,,,,,,,,,,,,,,Ms,E,Brewood,Headteacher,6007611,,,Cordelia Street,Poplar,,London,,E14 6DZ,,,,,Not applicable,,,,0,Not applicable,No Nursery Classes,5,7,2,No Special Classes,0,Not applicable,3,Mixed,,1,No boarders,,14/11/2018 00:00:00,E09000030,Tower Hamlets,E05009325,Lansbury,E14000882,Poplar and Limehouse,A1,(England/Wales) Urban major conurbation,E09000030,537693,181255,E02000883,Tower Hamlets 020,E01004244,Tower Hamlets 020B,H,London,0,Does not apply,Does not apply,0,Not applicable,4,Local authority maintained schools,0,Not applicable,,,Not under a federation,,,,0,Not applicable,,0,Not applicable,,Not applicable,,,Not applicable,,Not applicable,Not applicable,Not applicable,,,Not applicable
Virginia Primary School,211,Tower Hamlets,999,,2,Primary,1,Community school,Not applicable,Not applicable,2,Closed,,0,Not applicable,30/06/2025,10,Academy Converter,100926,10074585,2623,,216,112,104,236,70,32.6,,,,,,,,,,,,,,,,,,,,Ms,Barbara,Lo Giudice,Head teacher,6002601,,,Virginia Road,Bethnal Green,,London,,E2 7NQ,,,,,Not applicable,,,,2,Does not have a sixth form,Has Nursery Classes,3,11,2,No Special Classes,0,Not applicable,3,Mixed,,1,No boarders,16/01/2025,07/07/2025 00:00,E09000030,Tower Hamlets,E05009335,Weavers,E14001086,Bethnal Green and Stepney,UN1,Urban: Nearer to a major town or city,E09000030,533612,182593,E02000869,Tower Hamlets 006,E01004315,Tower Hamlets 006C,H,London,0,Does not apply,Does not apply,0,Not applicable,4,Local authority maintained schools,0,Not applicable,,,Not under a federation,,,,0,Not applicable,,0,Not applicable,,Not applicable,,,Not applicable,,Not applicable,Not applicable,Not applicable,,,Not applicable
Wellington Primary School,211,Tower Hamlets,999,,2,Primary,1,Community school,Not applicable,Not applicable,1,Open,,0,Not applicable,,0,Not applicable,100927,10071342,2631,,396,208,188,450,159,43.7,,,,,,,,,,,,,,,Not applicable,,,,,Mr,Martin,Grant,Headteacher,6074657,,,Wellington Way,Bow,,London,,E3 4NE,,www.wellington.towerhamlets.sch.uk,2089802413,,Not applicable,,,,2,Does not have a sixth form,Has Nursery Classes,3,11,2,No Special Classes,0,Not applicable,3,Mixed,,1,No boarders,15/01/2026,17/9/2026 00:00:00,E09000030,Tower Hamlets,E05009321,Bromley North,E14001525,Stratford and Bow,UN1,Urban: Nearer to a major town or city,E09000030,537160,182604,E02000875,Tower Hamlets 012,E01004267,Tower Hamlets 012D,H,London,0,Does not apply,Does not apply,0,Not applicable,4,Local authority maintained schools,0,Not applicable,,,Not under a federation,,,,0,Not applicable,,0,Not applicable,,Not applicable,,,Not applicable,,Not applicable,Not applicable,Not applicable,,,Not applicable
Woolmore Primary School,211,Tower Hamlets,999,,2,Primary,1,Community school,Not applicable,Not applicable,1,Open,,0,Not applicable,,0,Not applicable,100928,10071341,2658,,652,329,323,660,324,49.7,,,,,,,,,,,,,,,,,,,,Ms,Hannah Williams and,Jen Harris,Headteacher,6064816,,,Woolmore Street,Poplar,,London,,E14 0EW,,www.woolmore.towerhamlets.sch.uk/,2079872778,,Not applicable,,,,2,Does not have a sixth form,Has Nursery Classes,3,11,2,No Special Classes,0,Not applicable,3,Mixed,,1,No boarders,15/01/2026,09/10/2026 00:00,E09000030,Tower Hamlets,E05009328,Poplar,E14001430,Poplar and Limehouse,UN1,Urban: Nearer to a major town or city,E09000030,538273,180944,E02007113,Tower Hamlets 035,E01004219,Tower Hamlets 035B,H,London,0,Does not apply,Does not apply,0,Not applicable,4,Local authority maintained schools,0,Not applicable,,,Not under a federation,,,,0,Not applicable,,0,Not applicable,,Not applicable,,,Not applicable,,Not applicable,Not applicable,Not applicable,,,Not applicable
Harry Gosling Infant School,211,Tower Hamlets,999,,2,Primary,1,Community school,Not applicable,Not applicable,2,Closed,,0,Not applicable,09/01/1998,0,Not applicable,100929,,2827,,,,,,,,,,,,,,,,,,,,,,,,,,,,,,Headteacher,,,,Henriques Street,,,London,,E1 1NB,,,,,Not applicable,,,,0,Not applicable,Has Nursery Classes,5,7,2,No Special Classes,0,Not applicable,3,Mixed,,1,No boarders,,14/11/2018 00:00:00,E09000030,Tower Hamlets,E05009336,Whitechapel,E14000555,Bethnal Green and Bow,A1,(England/Wales) Urban major conurbation,E09000030,534346,181242,E02000884,Tower Hamlets 021,E01004321,Tower Hamlets 021C,H,London,0,Does not apply,Does not apply,0,Not applicable,4,Local authority maintained schools,0,Not applicable,,,Not under a federation,,,,0,Not applicable,,0,Not applicable,,Not applicable,,,Not applicable,,Not applicable,Not applicable,Not applicable,,,Not applicable
Thomas Buxton Primary School,211,Tower Hamlets,999,,2,Primary,1,Community school,Not applicable,Not applicable,1,Open,,0,Not applicable,,0,Not applicable,100930,10071340,2828,,404,208,196,480,186,50.7,,,,,,,,,,,,,,,,,,,,Ms,Claire,Redpath,Headteacher,6015886,,,Buxton Street,Bethnal Green,Thomas Buxton Primary School,London,,E1 5AR,,www.thomasbuxton.towerhamlets.sch.uk,2072473816,,Not applicable,,,,2,Does not have a sixth form,Has Nursery Classes,3,11,2,No Special Classes,0,Not applicable,3,Mixed,,1,No boarders,15/01/2026,09/01/2026 00:00,E09000030,Tower Hamlets,E05009333,Spitalfields & Banglatown,E14001086,Bethnal Green and Stepney,UN1,Urban: Nearer to a major town or city,E09000030,534355,182089,E02000872,Tower Hamlets 009,E01035668,Tower Hamlets 009E,H,London,0,Does not apply,Does not apply,0,Not applicable,4,Local authority maintained schools,0,Not applicable,,,Not under a federation,,,,0,Not applicable,,0,Not applicable,,Not applicable,,,Not applicable,,Not applicable,Not applicable,Not applicable,,,Not applicable
Seven Mills Primary School,211,Tower Hamlets,999,,2,Primary,1,Community school,Not applicable,Not applicable,1,Open,,0,Not applicable,,0,Not applicable,100931,10079722,2857,,227,120,107,240,98,48.3,,,,,,,,,,,,,,,,,,,,,Joanna,Bates,Headteacher,6061293,,,Malabar Street,Isle of Dogs,,London,,E14 8LY,,www.sevenmills.towerhamlets.sch.uk/,2079872350,,Not applicable,,,,2,Does not have a sixth form,Has Nursery Classes,3,11,2,No Special Classes,0,Not applicable,3,Mixed,,1,No boarders,15/01/2026,29/6/2026 00:00:00,E09000030,Tower Hamlets,E05009323,Canary Wharf,E14001430,Poplar and Limehouse,UN1,Urban: Nearer to a major town or city,E09000030,537259,179545,E02006853,Tower Hamlets 032,E01032772,Tower Hamlets 032C,H,London,0,Does not apply,Does not apply,0,Not applicable,4,Local authority maintained schools,0,Not applicable,,,Not under a federation,,,,0,Not applicable,,0,Not applicable,,Not applicable,,,Not applicable,,Not applicable,Not applicable,Not applicable,,,Not applicable
Cubitt Town Infants' School,211,Tower Hamlets,999,,2,Primary,1,Community school,Not applicable,Not applicable,2,Closed,,0,Not applicable,30/03/2022,1,Result of Amalgamation/Merger,100932,10071955,2893,,346,180,166,360,134,50.6,,,,,,,,,,,,,,,,,,,,Ms,Robyn,Bruce,Headteacher,6081722,,,Manchester Road,Isle of Dogs,,London,,E14 3NE,,,,,Not applicable,,,,2,Does not have a sixth form,Has Nursery Classes,3,7,2,No Special Classes,0,Not applicable,3,Mixed,,1,No boarders,20/01/2022,18/7/2022 00:00:00,E09000030,Tower Hamlets,E05009318,Blackwall & Cubitt Town,E14000882,Poplar and Limehouse,A1,(England/Wales) Urban major conurbation,E09000030,538254,179195,E02007114,Tower Hamlets 036,E01035705,Tower Hamlets 036D,H,London,0,Does not apply,Does not apply,0,Not applicable,4,Local authority maintained schools,0,Not applicable,,,Not under a federation,,,,0,Not applicable,,0,Not applicable,,Not applicable,,,Not applicable,,Not applicable,Not applicable,Not applicable,,,Not applicable
Old Ford Junior Mixed School,211,Tower Hamlets,999,,2,Primary,1,Community school,Not applicable,Not applicable,2,Closed,,0,Not applicable,31/08/1999,0,Not applicable,100933,,2905,,,,,,,,,,,,,,,,,,,,,,,,,,,Mr,G D,Hoare,Headteacher,6054267,,,Wrights Road,Bow,,London,,E3 5LD,,,,,Not applicable,,,,0,Not applicable,No Nursery Classes,7,11,2,No Special Classes,0,Not applicable,3,Mixed,,1,No boarders,,14/11/2018 00:00:00,E09000030,Tower Hamlets,E05009319,Bow East,E14000555,Bethnal Green and Bow,A1,(England/Wales) Urban major conurbation,E09000030,536644,183459,E02000864,Tower Hamlets 001,E01004222,Tower Hamlets 001A,H,London,0,Does not apply,Does not apply,0,Not applicable,4,Local authority maintained schools,0,Not applicable,,,Not under a federation,,,,0,Not applicable,,0,Not applicable,,Not applicable,,,Not applicable,,Not applicable,Not applicable,Not applicable,,,Not applicable
Osmani Primary School,211,Tower Hamlets,999,,2,Primary,1,Community school,Not applicable,Not applicable,1,Open,,0,Not applicable,,0,Not applicable,100934,10071339,2908,,409,201,208,480,154,40.6,,,,,,,,,,,,,,,,,,,,Mrs,Oluremi,Atoyebi,Headteacher,6016124,,,Vallance Road,Whitechapel,,London,,E1 5AD,,www.osmani.towerhamlets.sch.uk/,2072478909,,Not applicable,,,,2,Does not have a sixth form,Has Nursery Classes,3,11,2,No Special Classes,0,Not applicable,3,Mixed,,1,No boarders,15/01/2026,09/01/2026 00:00,E09000030,Tower Hamlets,E05009333,Spitalfields & Banglatown,E14001086,Bethnal Green and Stepney,UN1,Urban: Nearer to a major town or city,E09000030,534348,182017,E02000878,Tower Hamlets 015,E01004308,Tower Hamlets 015C,H,London,0,Does not apply,Does not apply,0,Not applicable,4,Local authority maintained schools,0,Not applicable,,,Not under a federation,,,,0,Not applicable,,0,Not applicable,,Not applicable,,,Not applicable,,Not applicable,Not applicable,Not applicable,,,Not applicable
Shapla Primary School,211,Tower Hamlets,999,,2,Primary,1,Community school,Not applicable,Not applicable,2,Closed,01/01/1900,0,Not applicable,31/08/2021,2,Closure,100935,10071338,2909,,109,60,49,210,37,36.3,,,,,,,,,,,,,,,,,,,,Mr,John,Musgrave Bolanos,Headteacher,6007683,,,Wellclose Square,,,London,,E1 8HY,,,,,Not applicable,,,,2,Does not have a sixth form,Has Nursery Classes,3,11,2,No Special Classes,0,Not applicable,3,Mixed,,1,No boarders,21/01/2021,31/8/2021 00:00:00,E09000030,Tower Hamlets,E05009336,Whitechapel,E14000882,Poplar and Limehouse,A1,(England/Wales) Urban major conurbation,E09000030,534320,180791,E02000889,Tower Hamlets 026,E01035696,Tower Hamlets 026E,H,London,0,Does not apply,Does not apply,0,Not applicable,4,Local authority maintained schools,0,Not applicable,,,Not under a federation,,,,0,Not applicable,,0,Not applicable,,Not applicable,,,Not applicable,,Not applicable,Not applicable,Not applicable,,,Not applicable
Hermitage Primary School,211,Tower Hamlets,999,,2,Primary,1,Community school,Not applicable,Not applicable,2,Closed,,0,Not applicable,31/08/2024,10,Academy Converter,100936,10071337,2910,,286,163,123,330,97,36.1,,,,,,,,,,,,,,,Not applicable,,,,,Ms,Sophie,Alcock,Headteacher,6131616,,,Vaughan Way,,,London,,E1W 2PT,,,,,Not applicable,,,,2,Does not have a sixth form,Has Nursery Classes,3,11,2,No Special Classes,0,Not applicable,3,Mixed,,1,No boarders,18/01/2024,31/8/2024 00:00:00,E09000030,Tower Hamlets,E05009330,St Katharine's & Wapping,E14001430,Poplar and Limehouse,A1,(England/Wales) Urban major conurbation,E09000030,534344,180251,E02000889,Tower Hamlets 026,E01004292,Tower Hamlets 026A,H,London,0,Does not apply,Does not apply,0,Not applicable,4,Local authority maintained schools,0,Not applicable,,,Not under a federation,,,,0,Not applicable,,0,Not applicable,,Not applicable,,,Not applicable,,Not applicable,Not applicable,Not applicable,,,Not applicable
Bangabandhu Primary School,211,Tower Hamlets,999,,2,Primary,1,Community school,Not applicable,Not applicable,1,Open,,0,Not applicable,,0,Not applicable,100937,10072909,2912,,309,165,144,270,184,64.8,,,,,,,,,,,Yes,,,,Resourced provision,10,10,,,Ms,Carly,Lawrence,Headteacher,6120331,,,Wessex Street,Bethnal Green,,London,,E2 0LB,,www.bangabandhu.towerhamlets.sch.uk,2089800580,,Not applicable,,,,2,Does not have a sixth form,Has Nursery Classes,3,11,1,Has Special Classes,0,Not applicable,3,Mixed,,1,No boarders,15/01/2026,09/01/2026 00:00,E09000030,Tower Hamlets,E05009317,Bethnal Green East,E14001086,Bethnal Green and Stepney,UN1,Urban: Nearer to a major town or city,E09000030,535234,182582,E02000874,Tower Hamlets 011,E01032787,Tower Hamlets 011F,H,London,0,Does not apply,Does not apply,0,Not applicable,4,Local authority maintained schools,0,Not applicable,,,Not under a federation,,,,0,Not applicable,,0,Not applicable,,Not applicable,,,Not applicable,,Not applicable,Not applicable,Not applicable,,,Not applicable
Halley Primary School,211,Tower Hamlets,999,,2,Primary,1,Community school,Not applicable,Not applicable,1,Open,,0,Not applicable,,0,Not applicable,100938,10071336,2916,,194,95,99,240,57,32,,,,,,,,,,,,,,,,,,,,Ms,Shoshannah,Thompson,Headteacher,6047368,,,Halley Street,,,London,,E14 7SS,,www.halley.towerhamlets.sch.uk/,2072658061,,Not applicable,,,,2,Does not have a sixth form,Has Nursery Classes,3,11,2,No Special Classes,0,Not applicable,3,Mixed,,1,No boarders,15/01/2026,29/6/2026 00:00:00,E09000030,Tower Hamlets,E05009329,St Dunstan's,E14001086,Bethnal Green and Stepney,UN1,Urban: Nearer to a major town or city,E09000030,536272,181728,E02000882,Tower Hamlets 019,E01035683,Tower Hamlets 019H,H,London,0,Does not apply,Does not apply,0,Not applicable,4,Local authority maintained schools,0,Not applicable,,,Not under a federation,,,,0,Not applicable,,0,Not applicable,,Not applicable,,,Not applicable,,Not applicable,Not applicable,Not applicable,,,Not applicable
Bigland Green Primary School,211,Tower Hamlets,999,,2,Primary,1,Community school,Not applicable,Not applicable,1,Open,,0,Not applicable,,0,Not applicable,100939,10071335,2917,,477,211,266,480,167,35.2,,,,,,,,,,,,,,,,,,,,Dr,Abdul-Hayee,Murshad,Headteacher,6014144,,,Bigland Street,Wapping,,London,,E1 2ND,,www.biglandgreen.towerhamlets.sch.uk/,2077027088,,Not applicable,,,,2,Does not have a sixth form,Has Nursery Classes,3,11,2,No Special Classes,0,Not applicable,3,Mixed,,1,No boarders,15/01/2026,09/01/2026 00:00,E09000030,Tower Hamlets,E05009332,Shadwell,E14001086,Bethnal Green and Stepney,UN1,Urban: Nearer to a major town or city,E09000030,534732,181144,E02000885,Tower Hamlets 022,E01004304,Tower Hamlets 022C,H,London,0,Does not apply,Does not apply,0,Not applicable,4,Local authority maintained schools,0,Not applicable,,,Not under a federation,,,,0,Not applicable,,0,Not applicable,,Not applicable,,,Not applicable,,Not applicable,Not applicable,Not applicable,,,Not applicable
Kobi Nazrul Primary School,211,Tower Hamlets,999,,2,Primary,1,Community school,Not applicable,Not applicable,1,Open,,0,Not applicable,,0,Not applicable,100940,10071334,2918,,227,104,123,240,93,45.8,,,,,,,,,,,,,,,,,,,,Ms,Belinda,King,Headteacher,6012787,,,Settles Street,Whitechapel,Kobi Nazrul Primary School,London,,E1 1JP,,www.kobinazrul.towerhamlets.sch.uk,2073753626,,Not applicable,,,,2,Does not have a sixth form,Has Nursery Classes,3,11,2,No Special Classes,0,Not applicable,3,Mixed,,1,No boarders,15/01/2026,29/6/2026 00:00:00,E09000030,Tower Hamlets,E05009336,Whitechapel,E14001086,Bethnal Green and Stepney,UN1,Urban: Nearer to a major town or city,E09000030,534367,181447,E02000884,Tower Hamlets 021,E01035686,Tower Hamlets 021G,H,London,0,Does not apply,Does not apply,0,Not applicable,4,Local authority maintained schools,0,Not applicable,,,Not under a federation,,,,0,Not applicable,,0,Not applicable,,Not applicable,,,Not applicable,,Not applicable,Not applicable,Not applicable,,,Not applicable
Smithy Street Primary School,211,Tower Hamlets,999,,2,Primary,1,Community school,Not applicable,Not applicable,2,Closed,01/01/1900,0,Not applicable,31/08/2020,1,Result of Amalgamation/Merger,100941,10071333,2919,,420,225,195,450,64,16.3,,,,,,,,,,,,,,,,,,,,Ms,Edith,Philipsen,Headteacher,6027578,,,Smithy Street,Stepney,,London,,E1 3BW,,,,,Not applicable,,,,2,Does not have a sixth form,Has Nursery Classes,3,11,2,No Special Classes,0,Not applicable,3,Mixed,,1,No boarders,16/01/2020,09/01/2020 00:00,E09000030,Tower Hamlets,E05009334,Stepney Green,E14000555,Bethnal Green and Bow,A1,(England/Wales) Urban major conurbation,E09000030,535263,181775,E02000880,Tower Hamlets 017,E01004324,Tower Hamlets 017C,H,London,0,Does not apply,Does not apply,0,Not applicable,4,Local authority maintained schools,0,Not applicable,,,Not under a federation,,,,0,Not applicable,,0,Not applicable,,Not applicable,,,Not applicable,,Not applicable,Not applicable,Not applicable,,,Not applicable
Bygrove Primary School,211,Tower Hamlets,999,,2,Primary,1,Community school,Not applicable,Not applicable,2,Closed,,0,Not applicable,30/06/2017,10,Academy Converter,100942,10046669,2920,,240,125,115,241,82,34.2,,,,,,,,,,,,,,,,,,,,Ms,Joanna,Franklin,Headteacher,6115105,,,Bygrove Street,Poplar,,London,,E14 6DN,,,,,Not applicable,,,,2,Does not have a sixth form,Has Nursery Classes,3,11,2,No Special Classes,0,Not applicable,3,Mixed,,1,No boarders,19/01/2017,15/10/2018 00:00:00,E09000030,Tower Hamlets,E05009325,Lansbury,E14000882,Poplar and Limehouse,A1,(England/Wales) Urban major conurbation,E09000030,537579,181154,E02000883,Tower Hamlets 020,E01004244,Tower Hamlets 020B,H,London,0,Does not apply,Does not apply,0,Not applicable,4,Local authority maintained schools,0,Not applicable,,,Not under a federation,,,,0,Not applicable,,0,Not applicable,,Not applicable,,,Not applicable,,Not applicable,Not applicable,Not applicable,,,Not applicable
William Davis Primary School,211,Tower Hamlets,999,,2,Primary,1,Community school,Not applicable,Not applicable,1,Open,,0,Not applicable,,0,Not applicable,100943,10071332,2921,,151,71,80,240,69,47.9,,,,,,,,,,,,,,,,,,,,Ms,Charlotte,Barrington,Headteacher,6020119,,,Wood Close,Cheshire Street,,London,,E2 6ET,,www.williamdavis.org.uk/,2077391511,,Not applicable,,,,2,Does not have a sixth form,Has Nursery Classes,3,11,1,Has Special Classes,0,Not applicable,3,Mixed,,1,No boarders,15/01/2026,09/06/2026 00:00,E09000030,Tower Hamlets,E05009335,Weavers,E14001086,Bethnal Green and Stepney,UN1,Urban: Nearer to a major town or city,E09000030,534185,182356,E02000872,Tower Hamlets 009,E01035668,Tower Hamlets 009E,H,London,0,Does not apply,Does not apply,0,Not applicable,4,Local authority maintained schools,0,Not applicable,,,Not under a federation,,,,0,Not applicable,,0,Not applicable,,Not applicable,,,Not applicable,,Not applicable,Not applicable,Not applicable,,,Not applicable
Christ Church CofE School,211,Tower Hamlets,999,,2,Primary,2,Voluntary aided school,Not applicable,Not applicable,1,Open,,0,Not applicable,,0,Not applicable,100944,10074019,3332,,145,59,86,235,50,36.2,,,,,,,,,,,,,,,,,,,,,Lucy,Romaine,Headteacher,6017223,,,47a Brick Lane,Spitalfields,,London,,E1 6PU,,www.christchurchprimarybricklane.org,2072470792,,Not applicable,,,,2,Does not have a sixth form,Has Nursery Classes,3,11,2,No Special Classes,0,Not applicable,3,Mixed,,1,No boarders,15/01/2026,29/6/2026 00:00:00,E09000030,Tower Hamlets,E05009333,Spitalfields & Banglatown,E14001086,Bethnal Green and Stepney,UN1,Urban: Nearer to a major town or city,E09000030,533875,181751,E02000878,Tower Hamlets 015,E01004306,Tower Hamlets 015A,H,London,2,Church of England,Does not apply,CE23,Diocese of London,4,Local authority maintained schools,0,Not applicable,,,Not under a federation,,,,0,Not applicable,,0,Not applicable,,Not applicable,,,Not applicable,,Not applicable,Not applicable,Not applicable,,,Not applicable
Guardian Angels Catholic Primary School,211,Tower Hamlets,999,,2,Primary,2,Voluntary aided school,Not applicable,Not applicable,2,Closed,01/01/1900,0,Not applicable,30/08/2020,1,Result of Amalgamation/Merger,100945,10071700,3346,,144,59,85,210,34,23.6,,,,,,,,,,,,,,,,,,,,Mrs,Elizabeth,Worrell-Jude,Headteacher,6143689,,,Whitman Road,,,London,,E3 4RB,,,,,Not applicable,,,,2,Does not have a sixth form,No Nursery Classes,4,11,2,No Special Classes,0,Not applicable,3,Mixed,,1,No boarders,16/01/2020,09/01/2020 00:00,E09000030,Tower Hamlets,E05009320,Bow West,E14000555,Bethnal Green and Bow,A1,(England/Wales) Urban major conurbation,E09000030,536313,182505,E02000866,Tower Hamlets 003,E01004232,Tower Hamlets 003C,H,London,3,Roman Catholic,Does not apply,RC01,Archdiocese of Westminster,4,Local authority maintained schools,0,Not applicable,,,Not under a federation,,,,0,Not applicable,,0,Not applicable,,Not applicable,,,Not applicable,,Not applicable,Not applicable,Not applicable,,,Not applicable
Stepney Greencoat Church of England Primary School,211,Tower Hamlets,999,,2,Primary,2,Voluntary aided school,Not applicable,Not applicable,1,Open,,0,Not applicable,,0,Not applicable,100946,10074720,3350,,189,99,90,240,64,34,,,,,,,,,,,,,,,,,,,,Mrs,Elizabeth,Figueiredo,Headteacher,6047335,,,Norbiton Road,Limehouse,Garnet Street,London,,E14 7TF,,www.stepneygreencoat.towerhamlets.sch.uk/,2079873202,,Not applicable,,,,2,Does not have a sixth form,Has Nursery Classes,3,11,2,No Special Classes,0,Not applicable,3,Mixed,,1,No boarders,15/01/2026,29/6/2026 00:00:00,E09000030,Tower Hamlets,E05009327,Mile End,E14001430,Poplar and Limehouse,UN1,Urban: Nearer to a major town or city,E09000030,536632,181305,E02000886,Tower Hamlets 023,E01004251,Tower Hamlets 023A,H,London,2,Church of England,Does not apply,CE23,Diocese of London,4,Local authority maintained schools,0,Not applicable,,,Not under a federation,,,,0,Not applicable,,0,Not applicable,,Not applicable,,,Not applicable,,Not applicable,Not applicable,Not applicable,,,Not applicable
Our Lady of the Assumption Roman Catholic Primary School,211,Tower Hamlets,999,,2,Primary,2,Voluntary aided school,Not applicable,Not applicable,2,Closed,,0,Not applicable,09/01/2001,1,Result of Amalgamation/Merger,100947,,3383,,,,,,,,,,,,,,,,,,,,,,,,,,,Mrs,M,Herlihy,Headteacher,6151448,,,Bonner Road,Bethnal Green,,London,,E2 9JY,,,,,Not applicable,,,,0,Not applicable,Has Nursery Classes,3,7,2,No Special Classes,0,Not applicable,3,Mixed,,1,No boarders,,14/11/2018 00:00:00,E09000030,Tower Hamlets,E05009331,Bethnal Green West,E14000555,Bethnal Green and Bow,A1,(England/Wales) Urban major conurbation,E09000030,535266,183334,E02000865,Tower Hamlets 002,E01004201,Tower Hamlets 002D,H,London,3,Roman Catholic,Does not apply,RC01,Archdiocese of Westminster,4,Local authority maintained schools,0,Not applicable,,,Not under a federation,,,,0,Not applicable,,0,Not applicable,,Not applicable,,,Not applicable,,Not applicable,Not applicable,Not applicable,,,Not applicable
Our Lady Roman Catholic Primary School,211,Tower Hamlets,999,,2,Primary,2,Voluntary aided school,Not applicable,Not applicable,2,Closed,,0,Not applicable,31/08/2014,1,Result of Amalgamation/Merger,100948,,3385,,,,,182,,,,,,,,,,,,,,,,,,,,,,Miss,Joan,Harte,Headteacher,6044043,,,Copenhagen Place,Poplar,,London,,E14 7DA,,,,,Not applicable,,,,2,Does not have a sixth form,Has Nursery Classes,3,11,2,No Special Classes,0,Not applicable,3,Mixed,,1,No boarders,,14/11/2018 00:00:00,E09000030,Tower Hamlets,E05009327,Mile End,E14000882,Poplar and Limehouse,A1,(England/Wales) Urban major conurbation,E09000030,536767,181220,E02000886,Tower Hamlets 023,E01004251,Tower Hamlets 023A,H,London,3,Roman Catholic,Does not apply,RC01,Archdiocese of Westminster,4,Local authority maintained schools,0,Not applicable,,,Not under a federation,,,,0,Not applicable,,0,Not applicable,,Not applicable,,,Not applicable,,Not applicable,Not applicable,Not applicable,,,Not applicable
St Agnes RC Primary School,211,Tower Hamlets,999,,2,Primary,2,Voluntary aided school,Not applicable,Not applicable,1,Open,,0,Not applicable,,0,Not applicable,100949,10071699,3397,,214,106,108,235,68,33.5,,,,,,,,,,,,,,,,,,,,Mrs,Ciara,Manning,Headteacher,6070909,,,Rainhill Way,Bow,,London,,E3 3ER,,https://www.st-agnes.towerhamlets.sch.uk/,2089803076,,Not applicable,,,,2,Does not have a sixth form,Has Nursery Classes,3,11,2,No Special Classes,0,Not applicable,3,Mixed,,1,No boarders,15/01/2026,09/09/2026 00:00,E09000030,Tower Hamlets,E05009321,Bromley North,E14001525,Stratford and Bow,UN1,Urban: Nearer to a major town or city,E09000030,537541,182817,E02000871,Tower Hamlets 008,E01004237,Tower Hamlets 008C,H,London,3,Roman Catholic,Does not apply,RC01,Archdiocese of Westminster,4,Local authority maintained schools,0,Not applicable,,,Not under a federation,,,,0,Not applicable,,0,Not applicable,,Not applicable,,,Not applicable,,Not applicable,Not applicable,Not applicable,,,Not applicable
St Anne's and Guardian Angels Catholic Primary School,211,Tower Hamlets,999,,2,Primary,2,Voluntary aided school,Not applicable,Not applicable,2,Closed,,0,Not applicable,30/11/2024,10,Academy Converter,100950,10071698,3411,,206,100,106,450,82,41.2,,,,,,,,,,,,,,,,,,,,Miss,Louise,Nottage,Headteacher,6015883,,,Underwood Road,Whitechapel,,London,,E1 5AW,,,,,Not applicable,,,,2,Does not have a sixth form,Has Nursery Classes,2,11,1,Has Special Classes,0,Not applicable,3,Mixed,,1,No boarders,18/01/2024,30/11/2024 00:00:00,E09000030,Tower Hamlets,E05009333,Spitalfields & Banglatown,E14001086,Bethnal Green and Stepney,A1,(England/Wales) Urban major conurbation,E09000030,534143,182018,E02000878,Tower Hamlets 015,E01004308,Tower Hamlets 015C,H,London,3,Roman Catholic,Does not apply,RC01,Archdiocese of Westminster,4,Local authority maintained schools,0,Not applicable,,,Not under a federation,,,,0,Not applicable,,0,Not applicable,,Not applicable,,,Not applicable,,Not applicable,Not applicable,Not applicable,,,Not applicable
St Edmund's Catholic School,211,Tower Hamlets,999,,2,Primary,2,Voluntary aided school,Not applicable,Not applicable,1,Open,,0,Not applicable,,0,Not applicable,100951,10071697,3431,,206,102,104,225,39,20.1,,,,,,,,,,,,,,,,,,,,Mrs,Amanda,Ruthven,Headteacher,6057967,,,299 Westferry Road,Millwall,,London,,E14 3RS,,www.st-edmunds-school.org,2079872546,,Not applicable,,,,2,Does not have a sixth form,Has Nursery Classes,3,11,2,No Special Classes,0,Not applicable,3,Mixed,,1,No boarders,15/01/2026,29/6/2026 00:00:00,E09000030,Tower Hamlets,E05009324,Island Gardens,E14001430,Poplar and Limehouse,UN1,Urban: Nearer to a major town or city,E09000030,537362,178752,E02000894,Tower Hamlets 031,E01032783,Tower Hamlets 031G,H,London,3,Roman Catholic,Does not apply,RC01,Archdiocese of Westminster,4,Local authority maintained schools,0,Not applicable,,,Not under a federation,,,,0,Not applicable,,0,Not applicable,,Not applicable,,,Not applicable,,Not applicable,Not applicable,Not applicable,,,Not applicable
St John the Baptist RC Junior School,211,Tower Hamlets,999,,2,Primary,2,Voluntary aided school,Not applicable,Not applicable,2,Closed,,0,Not applicable,09/01/2001,1,Result of Amalgamation/Merger,100952,,3459,,,,,,,,,,,,,,,,,,,,,,,,,,,Mr,R,Pickering,Headteacher,6151448,,,Waterloo Gardens,Off Bishops Way,Bethnal Green,London,,E2 9JY,,,,,Not applicable,,,,0,Not applicable,No Nursery Classes,7,11,2,No Special Classes,0,Not applicable,3,Mixed,,1,No boarders,,14/11/2018 00:00:00,E09000030,Tower Hamlets,E05009331,Bethnal Green West,E14000555,Bethnal Green and Bow,A1,(England/Wales) Urban major conurbation,E09000030,535266,183334,E02000865,Tower Hamlets 002,E01004201,Tower Hamlets 002D,H,London,3,Roman Catholic,Does not apply,RC01,Archdiocese of Westminster,4,Local authority maintained schools,0,Not applicable,,,Not under a federation,,,,0,Not applicable,,0,Not applicable,,Not applicable,,,Not applicable,,Not applicable,Not applicable,Not applicable,,,Not applicable
St John's Church of England Primary School,211,Tower Hamlets,999,,2,Primary,2,Voluntary aided school,Not applicable,Not applicable,1,Open,,0,Not applicable,,0,Not applicable,100953,10074018,3462,,176,99,77,236,116,67.1,,,,,,,,,,,,,,,,,,,,Mr,Darren,Rubin,Executive Headteacher,6041349,,,Peel Grove,Bethnal Green,,London,,E2 9LR,,http://www.st-johns.towerhamlets.sch.uk/,2089801142,,Not applicable,,,,2,Does not have a sixth form,Has Nursery Classes,3,11,2,No Special Classes,0,Not applicable,3,Mixed,,1,No boarders,15/01/2026,29/6/2026 00:00:00,E09000030,Tower Hamlets,E05009331,Bethnal Green West,E14001086,Bethnal Green and Stepney,UN1,Urban: Nearer to a major town or city,E09000030,535057,183029,E02000865,Tower Hamlets 002,E01004198,Tower Hamlets 002B,H,London,2,Church of England,Does not apply,CE23,Diocese of London,4,Local authority maintained schools,0,Not applicable,,,Supported by a federation,5660,St John's & St Paul's Whitechapel Federation,,0,Not applicable,,0,Not applicable,,Not applicable,,,Not applicable,,Not applicable,Not applicable,Not applicable,,,Not applicable
St Luke's Church of England Primary School,211,Tower Hamlets,999,,2,Primary,2,Voluntary aided school,Not applicable,Not applicable,1,Open,,0,Not applicable,,0,Not applicable,100954,10074017,3497,,393,189,204,480,132,36.5,,,,,,,,,,,,,,,,,,,,Mr,Calum,Howard,Headteacher,6077554,,,Saunders Ness Road,Isle of Dogs,,London,,E14 3EB,,www.st-lukes.towerhamlets.sch.uk/,2079871753,,Not applicable,,,,2,Does not have a sixth form,Has Nursery Classes,3,11,2,No Special Classes,0,Not applicable,3,Mixed,,1,No boarders,15/01/2026,29/6/2026 00:00:00,E09000030,Tower Hamlets,E05009324,Island Gardens,E14001430,Poplar and Limehouse,UN1,Urban: Nearer to a major town or city,E09000030,538579,178697,E02000893,Tower Hamlets 030,E01004218,Tower Hamlets 030D,H,London,2,Church of England,Does not apply,CE23,Diocese of London,4,Local authority maintained schools,0,Not applicable,,,Not under a federation,,,,0,Not applicable,,0,Not applicable,,Not applicable,,,Not applicable,,Not applicable,Not applicable,Not applicable,,,Not applicable
St Mary and St Michael's Junior School,211,Tower Hamlets,999,,2,Primary,2,Voluntary aided school,Not applicable,Not applicable,2,Closed,,0,Not applicable,31/08/1999,0,Not applicable,100955,,3507,,,,,,,,,,,,,,,,,,,,,,,,,,,Mrs,J,Leamon,Headteacher,6027516,,,Sutton Street,Commercial Road,,London,,E1 0BD,,,,,Not applicable,,,,0,Not applicable,No Nursery Classes,7,11,2,No Special Classes,0,Not applicable,3,Mixed,,1,No boarders,,14/11/2018 00:00:00,E09000030,Tower Hamlets,E05009332,Shadwell,E14000882,Poplar and Limehouse,A1,(England/Wales) Urban major conurbation,E09000030,535206,181217,E02000885,Tower Hamlets 022,E01004298,Tower Hamlets 022A,H,London,6,None,Does not apply,9999,,4,Local authority maintained schools,0,Not applicable,,,Not under a federation,,,,0,Not applicable,,0,Not applicable,,Not applicable,,,Not applicable,,Not applicable,Not applicable,Not applicable,,,Not applicable
St Matthias Church of England Primary School,211,Tower Hamlets,999,,2,Primary,2,Voluntary aided school,Not applicable,Not applicable,2,Closed,01/01/1900,0,Not applicable,31/08/2021,2,Closure,100956,10074016,3540,,100,45,55,210,51,55.4,,,,,,,,,,,,,,,,,,,,Mr,Julian,Morant,Headteacher,,,,Bacon Street,Bethnal Green,,London,,E2 6DY,,,,,Not applicable,,,,2,Does not have a sixth form,Has Nursery Classes,3,11,2,No Special Classes,0,Not applicable,3,Mixed,,1,No boarders,21/01/2021,28/10/2024 00:00:00,E09000030,Tower Hamlets,E05009335,Weavers,E14000555,Bethnal Green and Bow,A1,(England/Wales) Urban major conurbation,E09000030,533939,182322,E02000872,Tower Hamlets 009,E01035669,Tower Hamlets 009F,H,London,2,Church of England,Does not apply,CE23,Diocese of London,4,Local authority maintained schools,0,Not applicable,,,Not under a federation,,,,0,Not applicable,,0,Not applicable,,Not applicable,,,Not applicable,,Not applicable,Not applicable,Not applicable,,,Not applicable
St Patrick Roman Catholic Primary School,211,Tower Hamlets,999,,2,Primary,2,Voluntary aided school,Not applicable,Not applicable,2,Closed,,0,Not applicable,31/07/2002,2,Closure,100957,,3557,,,,,,,,,,,,,,,,,,,,,,,,,,,Miss,B,Freeman,Headteacher,,,,Dundee Street,,,London,,E1W 2PH,,,,,Not applicable,,,,0,Not applicable,No Nursery Classes,3,11,2,No Special Classes,0,Not applicable,3,Mixed,,1,No boarders,,14/11/2018 00:00:00,E09000030,Tower Hamlets,E05009330,St Katharine's & Wapping,E14000882,Poplar and Limehouse,A1,(England/Wales) Urban major conurbation,E09000030,534708,180090,E02000890,Tower Hamlets 027,E01004291,Tower Hamlets 027A,H,London,3,Roman Catholic,Does not apply,RC01,Archdiocese of Westminster,4,Local authority maintained schools,0,Not applicable,,,Not under a federation,,,,0,Not applicable,,0,Not applicable,,Not applicable,,,Not applicable,,Not applicable,Not applicable,Not applicable,,,Not applicable
St Paul With St Luke CofE Primary Federation,211,Tower Hamlets,999,,2,Primary,2,Voluntary aided school,Not applicable,Not applicable,1,Open,,0,Not applicable,,0,Not applicable,100958,10074015,3563,,180,80,100,240,88,51.5,,,,,,,,,,,,,,,Not applicable,,,,,Mrs,Fanoula,Smith,Headteacher,6110285,,,Leopold Street,Bow,,London,,E3 4LA,,www.spsl.towerhamlets.sch.uk/,2079874624,,Not applicable,,,,2,Does not have a sixth form,Has Nursery Classes,3,11,2,No Special Classes,0,Not applicable,3,Mixed,,1,No boarders,15/01/2026,29/6/2026 00:00:00,E09000030,Tower Hamlets,E05009327,Mile End,E14001430,Poplar and Limehouse,UN1,Urban: Nearer to a major town or city,E09000030,536879,181745,E02000877,Tower Hamlets 014,E01004271,Tower Hamlets 014C,H,London,2,Church of England,Does not apply,CE23,Diocese of London,4,Local authority maintained schools,0,Not applicable,,,Not under a federation,,,,0,Not applicable,,0,Not applicable,,Not applicable,,,Not applicable,,Not applicable,Not applicable,Not applicable,,,Not applicable
St Paul's Whitechapel Church of England Primary School,211,Tower Hamlets,999,,2,Primary,2,Voluntary aided school,Not applicable,Not applicable,1,Open,,0,Not applicable,,0,Not applicable,100959,10069852,3574,,198,96,102,210,64,32.3,,,,,,,,,,,,,,,Not applicable,,,,,Mr,Darren,Rubin,Headteacher,6005510,,,Wellclose Square,Stepney,,London,,E1 8HY,,www.st-pauls.towerhamlets.sch.uk/,2074806581,,Not applicable,,,,2,Does not have a sixth form,Has Nursery Classes,3,11,2,No Special Classes,0,Not applicable,3,Mixed,,1,No boarders,15/01/2026,29/6/2026 00:00:00,E09000030,Tower Hamlets,E05009336,Whitechapel,E14001086,Bethnal Green and Stepney,UN1,Urban: Nearer to a major town or city,E09000030,534320,180791,E02000889,Tower Hamlets 026,E01035696,Tower Hamlets 026E,H,London,2,Church of England,Does not apply,CE23,Diocese of London,4,Local authority maintained schools,0,Not applicable,,,Supported by a federation,5660,St John's & St Paul's Whitechapel Federation,,0,Not applicable,,0,Not applicable,,Not applicable,,,Not applicable,,Not applicable,Not applicable,Not applicable,,,Not applicable
St Peter's London Docks CofE Primary School,211,Tower Hamlets,999,,2,Primary,2,Voluntary aided school,Not applicable,Not applicable,1,Open,,0,Not applicable,,0,Not applicable,100960,10074014,3581,,233,113,120,240,46,19.7,,,,,,,,,,,,,,,,,,,,Mrs,Elizabeth,Figueiredo,Headteacher,6008655,,,Garnet Street,,.,London,,E1W 3QT,,www.splds.org.uk,2074883050,,Not applicable,,,,2,Does not have a sixth form,Has Nursery Classes,3,11,2,No Special Classes,0,Not applicable,3,Mixed,,1,No boarders,15/01/2026,29/6/2026 00:00:00,E09000030,Tower Hamlets,E05009330,St Katharine's & Wapping,E14001430,Poplar and Limehouse,UN1,Urban: Nearer to a major town or city,E09000030,535063,180371,E02000890,Tower Hamlets 027,E01004297,Tower Hamlets 027C,H,London,2,Church of England,Does not apply,CE23,Diocese of London,4,Local authority maintained schools,0,Not applicable,,,Not under a federation,,,,0,Not applicable,,0,Not applicable,,Not applicable,,,Not applicable,,Not applicable,Not applicable,Not applicable,,,Not applicable
St Saviour's Church of England Primary School,211,Tower Hamlets,999,,2,Primary,2,Voluntary aided school,Not applicable,Not applicable,1,Open,,0,Not applicable,,0,Not applicable,100961,10074013,3592,,198,97,101,240,84,44.7,,,,,,,,,,,,,,,,,,,,Mrs,Fanoula,Smith,Headteacher,6064816,,,Chrisp Street,Poplar,,London,,E14 6BB,,www.stsavioursschool.org.uk,2079874889,,Not applicable,,,,2,Does not have a sixth form,Has Nursery Classes,3,11,2,No Special Classes,0,Not applicable,3,Mixed,,1,No boarders,15/01/2026,17/9/2026 00:00:00,E09000030,Tower Hamlets,E05009325,Lansbury,E14001430,Poplar and Limehouse,UN1,Urban: Nearer to a major town or city,E09000030,537666,181580,E02000883,Tower Hamlets 020,E01035685,Tower Hamlets 020F,H,London,2,Church of England,Does not apply,CE23,Diocese of London,4,Local authority maintained schools,0,Not applicable,,,Not under a federation,,,,0,Not applicable,,0,Not applicable,,Not applicable,,,Not applicable,,Not applicable,Not applicable,Not applicable,,,Not applicable
English Martyrs Roman Catholic Primary School,211,Tower Hamlets,999,,2,Primary,2,Voluntary aided school,Not applicable,Not applicable,1,Open,,0,Not applicable,,0,Not applicable,100962,10071696,3619,,177,79,98,240,46,27.1,,,,,,,,,,,,,,,,,,,,Mr,Patrick,Devereux,Headteacher,6155146,,,St Mark Street,Wapping,,London,,E1 8DJ,,www.englishmartyrs.towerhamlets.sch.uk,2077090182,,Not applicable,,,,2,Does not have a sixth form,Has Nursery Classes,3,11,2,No Special Classes,0,Not applicable,3,Mixed,,1,No boarders,15/01/2026,21/9/2026 00:00:00,E09000030,Tower Hamlets,E05009336,Whitechapel,E14001086,Bethnal Green and Stepney,UN1,Urban: Nearer to a major town or city,E09000030,533902,181086,E02000884,Tower Hamlets 021,E01032767,Tower Hamlets 021F,H,London,3,Roman Catholic,Does not apply,RC01,Archdiocese of Westminster,4,Local authority maintained schools,0,Not applicable,,,Not under a federation,,,,0,Not applicable,,0,Not applicable,,Not applicable,,,Not applicable,,Not applicable,Not applicable,Not applicable,,,Not applicable
St Mary's and St Michael's Infant School,211,Tower Hamlets,999,,2,Primary,2,Voluntary aided school,Not applicable,Not applicable,2,Closed,,0,Not applicable,31/08/1999,0,Not applicable,100963,,3640,,,,,,,,,,,,,,,,,,,,,,,,,,,Mrs,J B,Leamon,Headteacher,6027516,,,Sutton Street,Commercial Road,,London,,E1 0BD,,,,,Not applicable,,,,0,Not applicable,Has Nursery Classes,3,7,2,No Special Classes,0,Not applicable,3,Mixed,,1,No boarders,,14/11/2018 00:00:00,E09000030,Tower Hamlets,E05009332,Shadwell,E14000882,Poplar and Limehouse,A1,(England/Wales) Urban major conurbation,E09000030,535206,181217,E02000885,Tower Hamlets 022,E01004298,Tower Hamlets 022A,H,London,6,None,Does not apply,9999,,4,Local authority maintained schools,0,Not applicable,,,Not under a federation,,,,0,Not applicable,,0,Not applicable,,Not applicable,,,Not applicable,,Not applicable,Not applicable,Not applicable,,,Not applicable
Holy Family Catholic School,211,Tower Hamlets,999,,2,Primary,2,Voluntary aided school,Not applicable,Not applicable,2,Closed,,0,Not applicable,31/08/2014,1,Result of Amalgamation/Merger,100964,,3667,,,,,210,,,,,,,,,,,,,,,,,,,,,,Miss,Ej,Slack,Headteacher,6199622,,,Wades Place,Poplar,,London,,E14 0DE,,,,,Not applicable,,,,2,Does not have a sixth form,Has Nursery Classes,3,11,2,No Special Classes,0,Not applicable,3,Mixed,,1,No boarders,,14/11/2018 00:00:00,E09000030,Tower Hamlets,E05009328,Poplar,E14000882,Poplar and Limehouse,A1,(England/Wales) Urban major conurbation,E09000030,537507,180862,E02000887,Tower Hamlets 024,E01004256,Tower Hamlets 024C,H,London,3,Roman Catholic,Does not apply,RC01,Archdiocese of Westminster,4,Local authority maintained schools,0,Not applicable,,,Not under a federation,,,,0,Not applicable,,0,Not applicable,,Not applicable,,,Not applicable,,Not applicable,Not applicable,Not applicable,,,Not applicable
Bow School,211,Tower Hamlets,999,,4,Secondary,1,Community school,Not applicable,Not applicable,1,Open,,0,Not applicable,,0,Not applicable,100965,10015151,4024,,1126,735,391,1350,477,47.7,,,,,,,,,,,,,,,,,,,,Mr,Danny,Lye,Executive Headteacher,6192434,,,44 Twelvetrees Crescent,Bow,,London,,E3 3QW,,http://www.bow-school.org.uk,2075365525,,Not applicable,,,,1,Has a sixth form,No Nursery Classes,11,18,2,No Special Classes,4,Non-selective,3,Mixed,,1,No boarders,15/01/2026,09/09/2026 00:00,E09000030,Tower Hamlets,E05009322,Bromley South,E14001430,Poplar and Limehouse,UN1,Urban: Nearer to a major town or city,E09000030,538190,182375,E02000871,Tower Hamlets 008,E01035667,Tower Hamlets 008H,H,London,0,Does not apply,Does not apply,0,Not applicable,4,Local authority maintained schools,0,Not applicable,,,Not under a federation,,,,0,Not applicable,,0,Not applicable,,Not applicable,,,Not applicable,,Not applicable,Not applicable,Not applicable,,,Not applicable
Langdon Park Community School,211,Tower Hamlets,999,,4,Secondary,1,Community school,Not applicable,Not applicable,1,Open,,0,Not applicable,,0,Not applicable,100966,10016327,4105,,1055,586,469,950,515,58.1,,,,,,,,,,,,,,,,,,,,Mr,N,Langham,Headteacher,6064816,,,Bright Street,Poplar,,London,,E14 0RZ,,http://www.langdonparkschool.co.uk/,2079874811,,Not applicable,,,,1,Has a sixth form,No Nursery Classes,11,18,2,No Special Classes,4,Non-selective,3,Mixed,,1,No boarders,15/01/2026,18/9/2026 00:00:00,E09000030,Tower Hamlets,E05009325,Lansbury,E14001430,Poplar and Limehouse,UN1,Urban: Nearer to a major town or city,E09000030,538021,181467,E02000881,Tower Hamlets 018,E01035679,Tower Hamlets 018F,H,London,0,Does not apply,Does not apply,0,Not applicable,4,Local authority maintained schools,0,Not applicable,,,Not under a federation,,,,0,Not applicable,,0,Not applicable,,Not applicable,,,Not applicable,,Not applicable,Not applicable,Not applicable,,,Not applicable
Morpeth School,211,Tower Hamlets,999,,4,Secondary,1,Community school,Not applicable,Not applicable,1,Open,,0,Not applicable,,0,Not applicable,100967,10016609,4150,,1512,841,671,1600,584,49.7,,,,,,,,,,,,,,,,,,,,Mr,John,Pickett,Headteacher,6036909,,,Portman Place,Bethnal Green,,London,,E2 0PX,,http://www.morpethschool.org.uk/,2089810921,,Not applicable,,,,1,Has a sixth form,No Nursery Classes,11,18,2,No Special Classes,4,Non-selective,3,Mixed,,1,No boarders,15/01/2026,29/6/2026 00:00:00,E09000030,Tower Hamlets,E05009317,Bethnal Green East,E14001086,Bethnal Green and Stepney,UN1,Urban: Nearer to a major town or city,E09000030,535529,182654,E02000870,Tower Hamlets 007,E01004259,Tower Hamlets 007A,H,London,0,Does not apply,Does not apply,0,Not applicable,4,Local authority maintained schools,0,Not applicable,,,Not under a federation,,,,0,Not applicable,,0,Not applicable,,Not applicable,,,Not applicable,,Not applicable,Not applicable,Not applicable,,,Not applicable
Mulberry School for Girls,211,Tower Hamlets,999,,4,Secondary,1,Community school,Not applicable,Not applicable,2,Closed,,0,Not applicable,30/04/2017,10,Academy Converter,100968,10004465,4242,,1406,0,1405,1400,444,42.6,,,,,,,,,,,,,,,,,,,,Ms,Vanessa,Ogden,Headteacher,6014338,,,Richard Street,Commercial Road,,London,,E1 2JP,,,,,Not applicable,,,,1,Has a sixth form,No Nursery Classes,11,18,2,No Special Classes,4,Non-selective,2,Girls,,1,No boarders,19/01/2017,18/10/2018 00:00:00,E09000030,Tower Hamlets,E05009332,Shadwell,E14000882,Poplar and Limehouse,A1,(England/Wales) Urban major conurbation,E09000030,534736,181259,E02000885,Tower Hamlets 022,E01004304,Tower Hamlets 022C,H,London,0,Does not apply,Does not apply,0,Not applicable,4,Local authority maintained schools,0,Not applicable,,,Not under a federation,,,,0,Not applicable,,0,Not applicable,,Not applicable,,,Not applicable,,Not applicable,Not applicable,Not applicable,,,Not applicable
Stepney Green Mathematics and Computing College,211,Tower Hamlets,999,,4,Secondary,1,Community school,Not applicable,Not applicable,2,Closed,,0,Not applicable,28/02/2018,10,Academy Converter,100969,10017702,4276,,999,999,0,1060,268,30.7,,,,,,,,,,,,,,,,,,,,Mr,Paramjit,Bhutta,Headteacher,6114298,,,Ben Jonson Road,Stepney,,London,,E1 4SD,,,,,Not applicable,,,,1,Has a sixth form,No Nursery Classes,11,18,2,No Special Classes,4,Non-selective,1,Boys,,1,No boarders,18/01/2018,18/10/2018 00:00:00,E09000030,Tower Hamlets,E05009329,St Dunstan's,E14000555,Bethnal Green and Bow,A1,(England/Wales) Urban major conurbation,E09000030,535898,181752,E02000882,Tower Hamlets 019,E01004284,Tower Hamlets 019A,H,London,0,Does not apply,Does not apply,0,Not applicable,4,Local authority maintained schools,0,Not applicable,,,Not under a federation,,,,0,Not applicable,,0,Not applicable,,Not applicable,,,Not applicable,,Not applicable,Not applicable,Not applicable,,,Not applicable
St Paul's Way Trust School,211,Tower Hamlets,999,,7,All-through,5,Foundation school,Not applicable,Not applicable,2,Closed,,0,Not applicable,31/08/2016,10,Academy Converter,100970,10031427,4277,,,,,1620,,,,,,Yes,,,,,,,,,,,Resourced provision,,,,22,Mr,Grahame,Price,Headteacher,6176400,,,125 St Paul's Way,,,London,,E3 4FT,,,,,Not applicable,,,,1,Has a sixth form,No Nursery Classes,4,18,2,No Special Classes,4,Non-selective,3,Mixed,,1,No boarders,,18/10/2018 00:00:00,E09000030,Tower Hamlets,E05009327,Mile End,E14000882,Poplar and Limehouse,A1,(England/Wales) Urban major conurbation,E09000030,537149,181815,E02000877,Tower Hamlets 014,E01004272,Tower Hamlets 014D,H,London,6,None,Does not apply,0,Not applicable,4,Local authority maintained schools,2,Not supported by a trust,,,Not under a federation,,,,0,Not applicable,,0,Not applicable,,Not applicable,,,Not applicable,,Not applicable,Not applicable,Not applicable,,,Not applicable
Bethnal Green Technology College,211,Tower Hamlets,999,,4,Secondary,1,Community school,Not applicable,Not applicable,2,Closed,,0,Not applicable,31/12/2011,10,Academy Converter,100971,10017041,4284,,,,,901,,,,,,,,,,,,,,,,,,,,,,Mr,Mark,Keary,Headteacher,6145604,,,Gosset Street,Bethnal Green,,London,,E2 6NW,,,,,Not applicable,,,,2,Does not have a sixth form,Not applicable,11,16,2,No Special Classes,4,Non-selective,3,Mixed,,1,No boarders,,14/11/2018 00:00:00,E09000030,Tower Hamlets,E05009335,Weavers,E14000555,Bethnal Green and Bow,A1,(England/Wales) Urban major conurbation,E09000030,534008,182708,E02000872,Tower Hamlets 009,E01004312,Tower Hamlets 009A,H,London,0,Does not apply,Does not apply,0,Not applicable,4,Local authority maintained schools,0,Not applicable,,,Not under a federation,,,,0,Not applicable,,0,Not applicable,,Not applicable,,,Not applicable,,Not applicable,Not applicable,Not applicable,,,Not applicable
Oaklands School,211,Tower Hamlets,999,,4,Secondary,1,Community school,Not applicable,Not applicable,1,Open,,0,Not applicable,,0,Not applicable,100972,10016774,4296,,902,523,379,1000,448,62.6,,,,,,,,,,,,,,,,,,,,Mr,Simon,Ramsay,Headteacher,6020098,,,Old Bethnal Green Road,Bethnal Green,,London,,E2 6PR,,http://oaklands.towerhamlets.sch.uk/,2076131014,,Not applicable,,,,1,Has a sixth form,No Nursery Classes,11,18,2,No Special Classes,4,Non-selective,3,Mixed,,1,No boarders,15/01/2026,09/10/2026 00:00,E09000030,Tower Hamlets,E05009331,Bethnal Green West,E14001086,Bethnal Green and Stepney,UN1,Urban: Nearer to a major town or city,E09000030,534550,182928,E02000868,Tower Hamlets 005,E01004203,Tower Hamlets 005C,H,London,0,Does not apply,Does not apply,0,Not applicable,4,Local authority maintained schools,0,Not applicable,,,Not under a federation,,,,0,Not applicable,,0,Not applicable,,Not applicable,,,Not applicable,,Not applicable,Not applicable,Not applicable,,,Not applicable
Swanlea School,211,Tower Hamlets,999,,4,Secondary,1,Community school,Not applicable,Not applicable,1,Open,,0,Not applicable,,0,Not applicable,100973,10017775,4297,,1253,777,476,1260,437,42.1,,,,,,,,,,,,,,,,,,,,Mr,Kabir,Miah,Headteacher,6052925,,,31 Brady Street,Whitechapel,,London,,E1 5DJ,,www.swanlea.co.uk,2073753267,,Not applicable,,,,1,Has a sixth form,No Nursery Classes,11,18,2,No Special Classes,4,Non-selective,3,Mixed,,1,No boarders,15/01/2026,24/8/2026 00:00:00,E09000030,Tower Hamlets,E05009333,Spitalfields & Banglatown,E14001086,Bethnal Green and Stepney,UN1,Urban: Nearer to a major town or city,E09000030,534690,181987,E02000876,Tower Hamlets 013,E01004205,Tower Hamlets 013A,H,London,0,Does not apply,Does not apply,0,Not applicable,4,Local authority maintained schools,0,Not applicable,,,Supported by a federation,17742,Weavers Federation,,0,Not applicable,,0,Not applicable,,Not applicable,,,Not applicable,,Not applicable,Not applicable,Not applicable,,,Not applicable
George Green's School,211,Tower Hamlets,999,,4,Secondary,3,Voluntary controlled school,Not applicable,Not applicable,1,Open,,0,Not applicable,,0,Not applicable,100974,10002663,4505,,1256,643,613,1239,503,50.1,,,,,,Yes,,,,,,,,,Resourced provision,20,20,,,Mr,Jon,Ryder,Headteacher,6077783,,,100 Manchester Road,Isle of Dogs,,London,,E14 3DW,,http://www.georgegreens.com/,2079876032,,Not applicable,,,,1,Has a sixth form,No Nursery Classes,11,19,0,Not applicable,4,Non-selective,3,Mixed,,1,No boarders,15/01/2026,29/6/2026 00:00:00,E09000030,Tower Hamlets,E05009324,Island Gardens,E14001430,Poplar and Limehouse,UN1,Urban: Nearer to a major town or city,E09000030,538426,178457,E02000893,Tower Hamlets 030,E01004217,Tower Hamlets 030C,H,London,6,None,Does not apply,0,Not applicable,4,Local authority maintained schools,0,Not applicable,,,Not under a federation,,,,0,Not applicable,,0,Not applicable,,Not applicable,,,Not applicable,,Not applicable,Not applicable,Not applicable,,,Not applicable
Central Foundation Girls' School,211,Tower Hamlets,999,,4,Secondary,2,Voluntary aided school,Not applicable,Not applicable,1,Open,,0,Not applicable,,0,Not applicable,100975,10001258,4507,,1526,0,1526,1550,542,45.6,,,,,,,,,,,,,,,,,,,,Ms,Carla,Prince,Headteacher,6150279,,,Bow Road,,,London,,E3 2AE,United Kingdom,https://www.cfgs.co.uk/,2089811131,,Not applicable,,,,1,Has a sixth form,No Nursery Classes,11,19,2,No Special Classes,4,Non-selective,2,Girls,,1,No boarders,15/01/2026,09/01/2026 00:00,E09000030,Tower Hamlets,E05009320,Bow West,E14001525,Stratford and Bow,UN1,Urban: Nearer to a major town or city,E09000030,536855,182784,E02000867,Tower Hamlets 004,E01004229,Tower Hamlets 004C,H,London,6,None,Does not apply,0,Not applicable,4,Local authority maintained schools,0,Not applicable,,,Not under a federation,,,,0,Not applicable,,0,Not applicable,,Not applicable,,,Not applicable,,Not applicable,Not applicable,Not applicable,,,Not applicable
The Blessed John Roche Roman Catholic School,211,Tower Hamlets,999,,4,Secondary,2,Voluntary aided school,Not applicable,Not applicable,2,Closed,,0,Not applicable,31/08/2005,4,Fresh Start,100976,,4700,,,,,450,,,,,,,,,,,,,,,,,,,,,,Mr,Ian,McGibbon,Headteacher,,,,Upper North Street,Poplar,,London,,E14 6ER,,,,,Not applicable,,,,2,Does not have a sixth form,No Nursery Classes,11,16,2,No Special Classes,4,Non-selective,1,Boys,,1,No boarders,,29/11/2019 00:00:00,E09000030,Tower Hamlets,E05009325,Lansbury,E14000882,Poplar and Limehouse,A1,(England/Wales) Urban major conurbation,E09000030,537432,181208,E02000887,Tower Hamlets 024,E01004253,Tower Hamlets 024B,H,London,3,Roman Catholic,Does not apply,RC01,Archdiocese of Westminster,4,Local authority maintained schools,0,Not applicable,,,Not under a federation,,,,0,Not applicable,,0,Not applicable,,Not applicable,,,Not applicable,,Not applicable,Not applicable,Not applicable,,,Not applicable
Stepney All Saints Church of England Secondary School,211,Tower Hamlets,999,,4,Secondary,2,Voluntary aided school,Not applicable,Not applicable,1,Open,,0,Not applicable,,0,Not applicable,100977,10005863,4722,,1445,833,612,1540,493,48.1,,,,,,,,,,,,,,,,,,,,Mr,Benjamin,Siaw,Headteacher,6119540,,,Stepney Way,Stepney,,London,,E1 0RH,,www.stepneyallsaints.school,2077906712,,Not applicable,,,,1,Has a sixth form,No Nursery Classes,11,18,2,No Special Classes,4,Non-selective,3,Mixed,,1,No boarders,15/01/2026,29/6/2026 00:00:00,E09000030,Tower Hamlets,E05009334,Stepney Green,E14001086,Bethnal Green and Stepney,UN1,Urban: Nearer to a major town or city,E09000030,535821,181528,E02000882,Tower Hamlets 019,E01004288,Tower Hamlets 019D,H,London,2,Church of England,Does not apply,CE23,Diocese of London,4,Local authority maintained schools,0,Not applicable,,,Not under a federation,,,,0,Not applicable,,0,Not applicable,,Not applicable,,,Not applicable,,Not applicable,Not applicable,Not applicable,,,Not applicable
Bishop Challoner Catholic School,211,Tower Hamlets,999,,4,Secondary,2,Voluntary aided school,Not applicable,Not applicable,2,Closed,,0,Not applicable,31/08/2024,10,Academy Converter,100978,10010917,4726,,1243,587,656,1650,336,32.6,,,,,,,,,,,,,,,,,,,,Mr,JP,Morrison,Executive Headteacher,6167778,,,352 Commercial Road,,,London,,E1 0LB,,,,,Not applicable,,,,1,Has a sixth form,No Nursery Classes,11,18,2,No Special Classes,4,Non-selective,3,Mixed,,1,No boarders,18/01/2024,31/8/2024 00:00:00,E09000030,Tower Hamlets,E05009332,Shadwell,E14001086,Bethnal Green and Stepney,A1,(England/Wales) Urban major conurbation,E09000030,535328,181182,E02000885,Tower Hamlets 022,E01004305,Tower Hamlets 022D,H,London,3,Roman Catholic,Does not apply,RC01,Archdiocese of Westminster,4,Local authority maintained schools,0,Not applicable,,,Not under a federation,,,,0,Not applicable,,0,Not applicable,,Not applicable,,,Not applicable,,Not applicable,Not applicable,Not applicable,,,Not applicable
Raine's Foundation School,211,Tower Hamlets,999,,4,Secondary,2,Voluntary aided school,Not applicable,Not applicable,2,Closed,01/01/1900,0,Not applicable,31/08/2020,2,Closure,100979,10005371,5400,,196,114,82,911,73,48,,,,,,,,,,,,,,,,,,,,Mr,Simon,Ramsay,Interim Headteacher,6024098,,,Approach Road,Bethnal Green,,London,,E2 9LY,,,,,Not applicable,,,,1,Has a sixth form,No Nursery Classes,11,18,2,No Special Classes,4,Non-selective,3,Mixed,,1,No boarders,16/01/2020,28/10/2024 00:00:00,E09000030,Tower Hamlets,E05009331,Bethnal Green West,E14000555,Bethnal Green and Bow,A1,(England/Wales) Urban major conurbation,E09000030,534791,183010,E02000865,Tower Hamlets 002,E01004197,Tower Hamlets 002A,H,London,2,Church of England,Does not apply,CE23,Diocese of London,4,Local authority maintained schools,0,Not applicable,,,Not under a federation,,,,0,Not applicable,,0,Not applicable,,Not applicable,,,Not applicable,,Not applicable,Not applicable,Not applicable,,,Not applicable
Gatehouse School,211,Tower Hamlets,999,,0,Not applicable,11,Other independent school,Not applicable,Not approved,1,Open,15/10/1957,0,Not applicable,,0,Not applicable,100980,10077625,6089,,494,252,242,550,,,8,129,,,,,,,,,,,,,,,,,,Mrs,Sevda,Korbay,Headmaster,6041709,Gatehouse Educational Trust Ltd,,Sewardstone Road,Victoria Park,,London,,E2 9JG,,www.gatehouseschool.co.uk,2089802978,ISI,Not applicable,,,,2,Does not have a sixth form,Has Nursery Classes,3,11,0,Not applicable,4,Non-selective,3,Mixed,Does not have boarders,1,No boarders,18/01/2024,23/7/2026 00:00:00,E09000030,Tower Hamlets,E05009317,Bethnal Green East,E14001086,Bethnal Green and Stepney,UN1,Urban: Nearer to a major town or city,E09000030,535583,183278,E02000865,Tower Hamlets 002,E01004201,Tower Hamlets 002D,H,London,6,None,Christian,0,Not applicable,3,Independent schools,0,Not applicable,,,Not applicable,,,,0,Not applicable,,0,Not applicable,,Not applicable,,,Not applicable,,Not applicable,Not applicable,Not applicable,,,Not applicable
Islamic College London,211,Tower Hamlets,999,,0,Not applicable,11,Other independent school,Not applicable,Not approved,2,Closed,,0,Not applicable,01/06/1998,0,Not applicable,100981,,6352,,,,,,,,,,,,,,,,,,,,,,,,,,,,,,Headteacher,,,,56 Bigland Street,Tower Hamlets,,London,,E1 2ND,,,,,Not applicable,,,,0,Not applicable,Not applicable,11,16,2,No Special Classes,2,Selective,1,Boys,,1,No boarders,,07/09/2019 00:00,E09000030,Tower Hamlets,E05009332,Shadwell,E14000882,Poplar and Limehouse,A1,(England/Wales) Urban major conurbation,E09000030,534868,181083,E02000885,Tower Hamlets 022,E01004304,Tower Hamlets 022C,H,London,6,None,None,0,Not applicable,3,Independent schools,0,Not applicable,,,Not applicable,,,,0,Not applicable,,0,Not applicable,,Not applicable,,,Not applicable,,Not applicable,Not applicable,Not applicable,,,Not applicable
Madani Secondary Girls' School,211,Tower Hamlets,999,,0,Not applicable,11,Other independent school,Not applicable,Not approved,1,Open,21/11/1991,0,Not applicable,,0,Not applicable,100982,10016424,6383,,244,0,244,360,,,1,3,,,,,,,,,,,,,,,,,,Mr,M,Saifur Rahman,Principal,6155338,Madani Girls' School,,Myrdle Street,,,London,,E1 1HL,,,2073771992,Ofsted,Not applicable,,,,1,Has a sixth form,No Nursery Classes,11,18,2,No Special Classes,0,Not applicable,2,Girls,Does not have boarders,1,No boarders,18/01/2024,23/7/2026 00:00:00,E09000030,Tower Hamlets,E05009336,Whitechapel,E14001086,Bethnal Green and Stepney,UN1,Urban: Nearer to a major town or city,E09000030,534514,181414,E02000884,Tower Hamlets 021,E01035686,Tower Hamlets 021G,H,London,6,None,Muslim,0,Not applicable,3,Independent schools,0,Not applicable,,,Not applicable,,,,0,Not applicable,,0,Not applicable,,Not applicable,,,Not applicable,,Not applicable,Not applicable,Not applicable,,,Not applicable
Bromley Hall School,211,Tower Hamlets,999,,0,Not applicable,7,Community special school,Not applicable,Not applicable,2,Closed,,0,Not applicable,31/08/2002,0,Not applicable,100983,,7044,,,,,,,,,,,,,,,,Yes,,,,,Yes,,,,,,Mr,John,Earnshaw,Headteacher,2.00E+11,,,Bromley Hall Road,,,London,,E14 0LF,,,,,Not applicable,,,,0,Not applicable,Not applicable,3,19,1,Has Special Classes,0,Not applicable,3,Mixed,,1,No boarders,,14/11/2018 00:00:00,E09000030,Tower Hamlets,E05009325,Lansbury,E14000882,Poplar and Limehouse,A1,(England/Wales) Urban major conurbation,E09000030,538278,181696,E02000881,Tower Hamlets 018,E01004249,Tower Hamlets 018D,H,London,0,Does not apply,Does not apply,0,Not applicable,5,Special schools,0,Not applicable,,,Not under a federation,,,,0,Not applicable,,0,Not applicable,,Not applicable,,,Not applicable,,Not applicable,Not applicable,Not applicable,,,Not applicable
Grenfell Special School,211,Tower Hamlets,999,,0,Not applicable,7,Community special school,Not applicable,Not applicable,2,Closed,,0,Not applicable,31/07/1999,0,Not applicable,100984,,7054,,,,,,,,,,,,,,,,,,,,,,,,,,,Miss,C,Connolly,Headteacher,6155338,,,Myrdle Street,,,London,,E1 1HL,,,,,Not applicable,,,,0,Not applicable,Not applicable,3,11,1,Has Special Classes,0,Not applicable,3,Mixed,,1,No boarders,,14/11/2018 00:00:00,E09000030,Tower Hamlets,E05009336,Whitechapel,E14000555,Bethnal Green and Bow,A1,(England/Wales) Urban major conurbation,E09000030,534471,181401,E02000884,Tower Hamlets 021,E01004325,Tower Hamlets 021D,H,London,0,Does not apply,Does not apply,0,Not applicable,5,Special schools,0,Not applicable,,,Not under a federation,,,,0,Not applicable,,0,Not applicable,,Not applicable,,,Not applicable,,Not applicable,Not applicable,Not applicable,,,Not applicable
Harpley School,211,Tower Hamlets,999,,0,Not applicable,7,Community special school,Not applicable,Not applicable,2,Closed,,0,Not applicable,07/01/2007,2,Closure,100985,10018095,7055,,,,,,,,,,,,,,,,,Yes,,,,,,,,,,Mr,A,Finch,Headteacher,,,,Globe Road,,,London,,E1 4DZ,,,,,Not applicable,,,,0,Not applicable,Not applicable,11,16,1,Has Special Classes,0,Not applicable,3,Mixed,,1,No boarders,,14/11/2018 00:00:00,E09000030,Tower Hamlets,E05009317,Bethnal Green East,E14000555,Bethnal Green and Bow,A1,(England/Wales) Urban major conurbation,E09000030,535534,182388,E02000870,Tower Hamlets 007,E01004259,Tower Hamlets 007A,H,London,0,Does not apply,Does not apply,0,Not applicable,5,Special schools,0,Not applicable,,,Not under a federation,,,,0,Not applicable,,0,Not applicable,,Not applicable,,,Not applicable,,Not applicable,Not applicable,Not applicable,,,Not applicable
Bowden House School,211,Tower Hamlets,999,,0,Not applicable,7,Community special school,Not applicable,Not applicable,1,Open,,0,Not applicable,,0,Not applicable,100986,10015057,7084,,39,38,1,40,25,73.5,,,,,,,Yes,,,,,,,,,,,,,Mr,Neil,Wells,Headteacher,1.00E+11,,,Firle Road,,,Seaford,East Sussex,BN25 2JB,,https://bowdenhouse.school,1323893138,,Not applicable,,,,1,Has a sixth form,Not applicable,5,18,1,Has Special Classes,0,Not applicable,1,Boys,,3,Boarding school,15/01/2026,09/01/2026 00:00,E07000063,Lewes,E05011600,Seaford North,E14001330,Lewes,UN1,Urban: Nearer to a major town or city,E09000030,548366,99940,E02004389,Lewes 011,E01021075,Lewes 011B,H,London,0,Does not apply,Does not apply,0,Not applicable,5,Special schools,0,Not applicable,,,Not under a federation,,,,0,Not applicable,,0,Not applicable,,Not applicable,,,Not applicable,,Not applicable,Not applicable,Not applicable,,,Not applicable
Phoenix School,211,Tower Hamlets,999,,0,Not applicable,7,Community special school,Not applicable,Not applicable,1,Open,,0,Not applicable,,0,Not applicable,100987,10017197,7095,,533,414,119,500,269,60.9,,,,,Yes,Yes,Yes,,,Yes,,,,,,,,,,Ms,Veronica,Armson,Headteacher,6048421,,,49 Bow Road,,,London,,E3 2AD,,www.phoenix.towerhamlets.sch.uk,2089804740,,Not applicable,,,,1,Has a sixth form,Has Nursery Classes,3,19,1,Has Special Classes,0,Not applicable,3,Mixed,,1,No boarders,15/01/2026,09/09/2026 00:00,E09000030,Tower Hamlets,E05009320,Bow West,E14001525,Stratford and Bow,UN1,Urban: Nearer to a major town or city,E09000030,536992,182799,E02000867,Tower Hamlets 004,E01004231,Tower Hamlets 004D,H,London,0,Does not apply,Does not apply,0,Not applicable,5,Special schools,0,Not applicable,,,Not under a federation,,,,0,Not applicable,,0,Not applicable,,Not applicable,,,Not applicable,,Not applicable,Not applicable,Not applicable,,,Not applicable
Weavers' Senior School,211,Tower Hamlets,999,,0,Not applicable,7,Community special school,Not applicable,Not applicable,2,Closed,,0,Not applicable,04/01/1997,0,Not applicable,100988,,7139,,,,,,,,,,,,,,,,,,,,,,,,,,,Mr,P J,Mann,Headteacher,6020329,,,Mape Street,Bethnal Green,,London,,E2 6HW,,,,,Not applicable,,,,0,Not applicable,Not applicable,5,16,1,Has Special Classes,0,Not applicable,1,Boys,,1,No boarders,,29/11/2019 00:00:00,E09000030,Tower Hamlets,E05009331,Bethnal Green West,E14000555,Bethnal Green and Bow,A1,(England/Wales) Urban major conurbation,E09000030,534486,182341,E02000876,Tower Hamlets 013,E01004211,Tower Hamlets 013D,H,London,0,Does not apply,Does not apply,0,Not applicable,5,Special schools,0,Not applicable,,,Not under a federation,,,,0,Not applicable,,0,Not applicable,,Not applicable,,,Not applicable,,Not applicable,Not applicable,Not applicable,,,Not applicable
Beatrice Tate School,211,Tower Hamlets,999,,0,Not applicable,7,Community special school,Not applicable,Not applicable,1,Open,,0,Not applicable,,0,Not applicable,100989,10017234,7168,,134,78,56,128,60,63.8,,,,,,,,,,,Yes,Yes,,,Not applicable,,,,,Mr,Wayne,Hazzard,Headteacher,6051124,,,41 Southern Grove,Mile End,,London,,E3 4PX,,www.beatricetate.towerhamlets.sch.uk,2089833760,,Not applicable,,,,1,Has a sixth form,Not applicable,11,19,1,Has Special Classes,0,Not applicable,3,Mixed,,1,No boarders,15/01/2026,17/9/2026 00:00:00,E09000030,Tower Hamlets,E05009327,Mile End,E14001430,Poplar and Limehouse,UN1,Urban: Nearer to a major town or city,E09000030,536736,182376,E02000877,Tower Hamlets 014,E01035674,Tower Hamlets 014F,H,London,0,Does not apply,Does not apply,0,Not applicable,5,Special schools,0,Not applicable,,,Not under a federation,,,,0,Not applicable,,0,Not applicable,,Not applicable,,,Not applicable,,Not applicable,Not applicable,Not applicable,,,Not applicable
Balham Nursery School,212,Wandsworth,999,,1,Nursery,15,Local authority nursery school,Not applicable,Not applicable,1,Open,,0,Not applicable,,0,Not applicable,100990,,1015,,48,22,26,,9,37.5,,,,,,,,,,,,,,,Not applicable,,,,,Mrs,Natasha,Crabbe,Headteacher,121035772,,,72 Endlesham Road,Balham,,London,,SW12 8JL,,www.balham-nursery.wandsworth.sch.uk,2086734055,,Not applicable,,,,0,Not applicable,Has Nursery Classes,2,5,0,Not applicable,0,Not applicable,3,Mixed,,1,No boarders,15/01/2026,09/02/2026 00:00,E09000032,Wandsworth,E05014009,Balham,E14001550,Tooting,UN1,Urban: Nearer to a major town or city,E09000032,528360,173530,E02000943,Wandsworth 021,E01004544,Wandsworth 021E,H,London,0,Does not apply,Does not apply,0,Not applicable,4,Local authority maintained schools,0,Not applicable,,,Supported by a federation,17526,The Wandsworth Federation of Maintained Nursery Schools,,0,Not applicable,,0,Not applicable,,Not applicable,,,Not applicable,,Not applicable,Not applicable,Not applicable,,,Not applicable
Eastwood Nursery School,212,Wandsworth,999,,1,Nursery,15,Local authority nursery school,Not applicable,Not applicable,1,Open,,0,Not applicable,,0,Not applicable,100991,,1036,,32,14,18,,0,0,,,,,,,,,,,,,,,Not applicable,,,,,Ms,Emma,Furlong,Headteacher,121049302,,,168 Roehampton Lane,,,London,,SW15 4EU,,www.eastwood.wandsworth.sch.uk,2088763976,,Not applicable,,,,0,Not applicable,Has Nursery Classes,2,5,9,,0,Not applicable,3,Mixed,,1,No boarders,15/01/2026,09/02/2026 00:00,E09000032,Wandsworth,E05014017,Roehampton,E14001434,Putney,UN1,Urban: Nearer to a major town or city,E09000032,521997,174014,E02000935,Wandsworth 013,E01004568,Wandsworth 013A,H,London,0,Does not apply,Does not apply,0,Not applicable,4,Local authority maintained schools,0,Not applicable,,,Supported by a federation,17526,The Wandsworth Federation of Maintained Nursery Schools,,0,Not applicable,,0,Not applicable,,Not applicable,,,Not applicable,,Not applicable,Not applicable,Not applicable,,,Not applicable
Somerset Nursery School and Children's Centre,212,Wandsworth,999,,1,Nursery,15,Local authority nursery school,Not applicable,Not applicable,1,Open,,0,Not applicable,,0,Not applicable,100992,,1057,,67,29,38,,6,14,,,,,,,,,,,,,,,Not applicable,,,,,Miss,Kellie,Schrader,Headteacher,1.00E+11,,,157-159 Battersea Church Rd,Battersea,,London,,SW11 3ND,,www.somerset.wandsworth.sch.uk,2072235455,,Not applicable,,,,0,Not applicable,Has Nursery Classes,2,5,0,Not applicable,0,Not applicable,3,Mixed,,1,No boarders,15/01/2026,09/02/2026 00:00,E09000032,Wandsworth,E05014018,St Mary's,E14001081,Battersea,UN1,Urban: Nearer to a major town or city,E09000032,526857,176810,E02000923,Wandsworth 001,E01004583,Wandsworth 001D,H,London,0,Does not apply,Does not apply,0,Not applicable,4,Local authority maintained schools,0,Not applicable,,,Supported by a federation,17526,The Wandsworth Federation of Maintained Nursery Schools,,0,Not applicable,,0,Not applicable,,Not applicable,,,Not applicable,,Not applicable,Not applicable,Not applicable,,,Not applicable
The Junction,212,Wandsworth,999,,0,Not applicable,14,Pupil referral unit,Not applicable,Not applicable,2,Closed,,0,Not applicable,02/01/1996,0,Not applicable,100993,,1100,,,,,,,,,,,,,,,,,,,,,,,,,,,,,,Headteacher,,,,Cabul Road,,,London,,SW11 2NZ,,,,,Not applicable,,,,0,Not applicable,Not applicable,5,18,0,Not applicable,0,Not applicable,3,Mixed,,1,No boarders,,24/9/2015 00:00:00,E09000032,Wandsworth,E05000617,Latchmere,E14000549,Battersea,A1,(England/Wales) Urban major conurbation,E09000032,527359,176080,E02000930,Wandsworth 008,E01004534,Wandsworth 008A,H,London,0,Does not apply,Does not apply,0,Not applicable,4,Local authority maintained schools,0,Not applicable,,,Not applicable,,,,0,Not applicable,,0,Not applicable,,Not applicable,,,Not applicable,,Not applicable,Not applicable,Not applicable,,,Not applicable
Francis Barber Pupil Referral Unit,212,Wandsworth,999,,0,Not applicable,14,Pupil referral unit,Not applicable,Not applicable,1,Open,,0,Not applicable,,0,Not applicable,100994,10016689,1101,,62,36,26,120,50,82,,,,,,,,,,,,,,,,,,,,Ms,Emily,Waspe,Headteacher,1.00E+11,,,Franciscan Road,,,London,,SW17 8HE,United Kingdom,https://fb-pru.wandsworth.sch.uk/,2086720771,,Not applicable,,,,0,Not applicable,Not applicable,11,16,1,Has Special Classes,0,Not applicable,3,Mixed,,1,No boarders,15/01/2026,17/9/2026 00:00:00,E09000032,Wandsworth,E05014023,Tooting Bec,E14001550,Tooting,UN1,Urban: Nearer to a major town or city,E09000032,527805,171282,E02000957,Wandsworth 035,E01004527,Wandsworth 035C,H,London,0,Does not apply,Does not apply,0,Not applicable,4,Local authority maintained schools,0,Not applicable,,,Not applicable,,,,0,Not applicable,,0,Not applicable,,Not applicable,,,Provides places for Teen Mothers,,Does not have child care facilities,PRU Does have Provision for SEN,PRU Does not have EBD provision,,PRU offers full time provision,PRU does offer tuition by another provider
Alderbrook Primary School,212,Wandsworth,999,,2,Primary,1,Community school,Not applicable,Not applicable,1,Open,,0,Not applicable,,0,Not applicable,100995,10071331,2004,,216,118,98,420,80,39.4,,,,,,,,,,,,,,,,,,,,Mrs,Carly,Foulkes,Headteacher,121035772,,,Oldridge Road,Balham,,London,,SW12 8PP,,www.alderbrookprimaryschool.co.uk,2086734913,,Not applicable,,,,2,Does not have a sixth form,Has Nursery Classes,3,11,2,No Special Classes,0,Not applicable,3,Mixed,,1,No boarders,15/01/2026,16/9/2026 00:00:00,E09000032,Wandsworth,E05014009,Balham,E14001081,Battersea,UN1,Urban: Nearer to a major town or city,E09000032,528663,173802,E02000943,Wandsworth 021,E01004472,Wandsworth 021A,H,London,0,Does not apply,Does not apply,0,Not applicable,4,Local authority maintained schools,0,Not applicable,,,Not under a federation,,,,0,Not applicable,,0,Not applicable,,Not applicable,,,Not applicable,,Not applicable,Not applicable,Not applicable,,,Not applicable
Allfarthing Primary School,212,Wandsworth,999,,2,Primary,1,Community school,Not applicable,Not applicable,1,Open,,0,Not applicable,,0,Not applicable,100996,10071330,2010,,397,205,192,409,83,21.4,,,,,,,,,,,,,,,,,,,,Mr,James,Heale,Headteacher,1.00E+11,,,St Ann's Crescent,Wandsworth,,London,,SW18 2LR,,www.allfarthing.org.uk,2088741301,,Not applicable,,,,2,Does not have a sixth form,Has Nursery Classes,3,11,2,No Special Classes,0,Not applicable,3,Mixed,,1,No boarders,15/01/2026,29/6/2026 00:00:00,E09000032,Wandsworth,E05014028,Wandsworth Town,E14001434,Putney,UN1,Urban: Nearer to a major town or city,E09000032,526161,174286,E02000941,Wandsworth 019,E01004512,Wandsworth 019B,H,London,0,Does not apply,Does not apply,0,Not applicable,4,Local authority maintained schools,0,Not applicable,,,Not under a federation,,,,0,Not applicable,,0,Not applicable,,Not applicable,,,Not applicable,,Not applicable,Not applicable,Not applicable,,,Not applicable
Beatrix Potter Primary School,212,Wandsworth,999,,2,Primary,1,Community school,Not applicable,Not applicable,1,Open,,0,Not applicable,,0,Not applicable,100997,10046788,2034,,362,172,190,420,50,14.1,,,,,,,,,,,,,,,,,,,,Mrs,Amanda,Robertson,Headteacher,1.00E+11,,,Magdalen Road,Earlsfield,,London,,SW18 3ER,,www.beatrixpotterschool.com,2088741482,,Not applicable,,,,2,Does not have a sixth form,Has Nursery Classes,3,11,2,No Special Classes,0,Not applicable,3,Mixed,,1,No boarders,15/01/2026,09/01/2026 00:00,E09000032,Wandsworth,E05014027,Wandsworth Common,E14001550,Tooting,UN1,Urban: Nearer to a major town or city,E09000032,526418,173238,E02000946,Wandsworth 024,E01004624,Wandsworth 024E,H,London,0,Does not apply,Does not apply,0,Not applicable,4,Local authority maintained schools,0,Not applicable,,,Not under a federation,,,,0,Not applicable,,0,Not applicable,,Not applicable,,,Not applicable,,Not applicable,Not applicable,Not applicable,,,Not applicable
Belleville Primary School,212,Wandsworth,999,,2,Primary,1,Community school,Not applicable,Not applicable,2,Closed,,0,Not applicable,30/09/2011,10,Academy Converter,100998,,2040,,,,,840,,,,,,,,,,,,,,,,,,,,,,Mr,John,Grove,Headteacher,,,,Belleville Road,Battersea,,London,,SW11 6PR,,,,,Not applicable,,,,0,Not applicable,Has Nursery Classes,3,11,2,No Special Classes,0,Not applicable,3,Mixed,,1,No boarders,,15/10/2018 00:00:00,E09000032,Wandsworth,E05000619,Northcote,E14000549,Battersea,A1,(England/Wales) Urban major conurbation,E09000032,527681,174732,E02000931,Wandsworth 009,E01004556,Wandsworth 009B,H,London,0,Does not apply,Does not apply,0,Not applicable,4,Local authority maintained schools,0,Not applicable,,,Not under a federation,,,,0,Not applicable,,0,Not applicable,,Not applicable,,,Not applicable,,Not applicable,Not applicable,Not applicable,,,Not applicable
Bolingbroke Primary School,212,Wandsworth,999,,2,Primary,1,Community school,Not applicable,Not applicable,2,Closed,,0,Not applicable,31/08/2000,1,Result of Amalgamation/Merger,100999,,2054,,,,,,,,,,,,,,,,,,,,,,,,,,,Mr,B B,Jones,Headteacher,,,,Westbridge Road,Battersea,,London,,SW11 3NE,,,,,Not applicable,,,,0,Not applicable,Has Nursery Classes,3,11,2,No Special Classes,0,Not applicable,3,Mixed,,1,No boarders,,14/11/2018 00:00:00,E09000032,Wandsworth,E05000622,St Mary's Park,E14000549,Battersea,A1,(England/Wales) Urban major conurbation,E09000032,527035,176960,E02000926,Wandsworth 004,E01004581,Wandsworth 004D,H,London,0,Does not apply,Does not apply,0,Not applicable,4,Local authority maintained schools,0,Not applicable,,,Not under a federation,,,,0,Not applicable,,0,Not applicable,,Not applicable,,,Not applicable,,Not applicable,Not applicable,Not applicable,,,Not applicable
Griffin Primary School,212,Wandsworth,999,,2,Primary,1,Community school,Not applicable,Not applicable,2,Closed,,0,Not applicable,31/08/2014,10,Academy Converter,101000,,2063,,,,,420,,,,,,,,,,,,,,,,,,,,,,Ms,Gail,Peyton,Headteacher,,,,Stewarts Road,,,London,,SW8 4JB,,,,,Not applicable,,,,2,Does not have a sixth form,Has Nursery Classes,3,11,2,No Special Classes,0,Not applicable,3,Mixed,,1,No boarders,,14/11/2018 00:00:00,E09000032,Wandsworth,E05000620,Queenstown,E14000549,Battersea,A1,(England/Wales) Urban major conurbation,E09000032,529387,176675,E02000924,Wandsworth 002,E01004562,Wandsworth 002B,H,London,0,Does not apply,Does not apply,0,Not applicable,4,Local authority maintained schools,0,Not applicable,,,Not under a federation,,,,0,Not applicable,,0,Not applicable,,Not applicable,,,Not applicable,,Not applicable,Not applicable,Not applicable,,,Not applicable
,,,,,,,,,,,,,,,,,,,,,,,,,,,,,,,,,,,,,,,,,,,,,,,,,,,,,,,,,,,,,,,,,,,,,,,,,,,,,,,,,,,,,,,,,,,,,,,,,,,,,,,,,,,,,,,,,,,,,,,,,,,,,,,,,,,,,
